entry_date,exit_date,exit_reason,return_pct,mae_pct,mfe_pct,max_adverse_price,max_favorable_price
2019-03-08,2019-03-14,RSI_EXIT,0.02714030375669235,-0.002403978634499704,0.03406932131689544,243.700087175,252.61005292
2019-05-08,2019-05-14,STOP_LOSS,-0.022830933087874858,-0.026918565200342193,0.006104953643913502,251.521466029,260.057364029
2019-05-14,2019-05-21,RSI_EXIT,0.009934641690636228,-0.002732755400577269,0.02509119921256109,252.806343307,259.859690602
2019-05-24,2019-06-03,TIME_EXIT,-0.03323573405503892,-0.03801535476580353,0.0011206421869154326,245.375619469,255.358127551
2019-06-28,2019-07-02,RSI_EXIT,0.006685129216642652,-0.00244696163287883,0.014326386603608965,263.651319489,268.084482664
2019-07-22,2019-07-25,RSI_EXIT,0.007515100856832032,-0.0024140511964337863,0.012363009721157114,268.192828811,272.165520862
2019-08-02,2019-08-06,STOP_LOSS,-0.03055579738140419,-0.04175868505960201,0.00041862682600690704,254.360637398,265.556405904
2019-08-06,2019-08-13,RSI_EXIT,0.002743974839840106,-0.014028713667228354,0.028306105071986387,254.649560456,265.583492441
2019-09-25,2019-10-02,TIME_EXIT,-0.018648235170867375,-0.03197475461537558,0.007926230154471137,259.997645835,270.714475955
2019-10-03,2019-10-10,RSI_EXIT,0.008033185092517638,-0.010883356487568663,0.0253724463293985,258.346809541,267.816441911
2020-01-28,2020-02-04,TIME_EXIT,0.005592799592748685,-0.013813710874989171,0.014720597617876141,292.349387126,300.808222634
2020-02-25,2020-02-26,STOP_LOSS,-0.033652950700227065,-0.04135109083353594,0.0015675004982624863,283.206917282,295.88605542
2020-02-26,2020-02-28,STOP_LOSS,-0.08443872367521303,-0.09161212887718162,0.012002751569420322,260.273264116,289.961224515
2020-06-15,2020-06-19,RSI_EXIT,0.05498371886808762,-0.004792617447725633,0.059009106418357105,272.072204396,289.514474179
2020-09-11,2020-09-16,RSI_EXIT,0.013248653275729117,-0.01484550440886201,0.02104864428000841,304.819934326,315.926062446
2020-09-22,2020-09-29,RSI_EXIT,0.01274175507541736,-0.027177831481264847,0.0189384414251057,295.684880095,309.70171181
2020-10-20,2020-10-27,TIME_EXIT,-0.014366968014026137,-0.0233148725797937,0.014704608330839086,310.31194327,322.391475017
2020-10-29,2020-11-05,RSI_EXIT,0.06442469388522575,-0.013677218166578298,0.07679175614865308,298.273740834,325.632451284
2020-12-14,2020-12-17,RSI_EXIT,0.005285912656557205,-0.011805945986616107,0.009857484451586629,336.98645481,344.373953847
2021-01-19,2021-01-21,RSI_EXIT,0.012562773859940307,-0.004700219008623163,0.016962576490660908,349.825317869,357.439299572
2021-01-28,2021-02-04,RSI_EXIT,0.013839299980490534,-0.021984384575065352,0.02573859206928697,341.951346547,358.637108888
2021-02-23,2021-03-02,RSI_EXIT,0.009732319246765415,-0.017207457207741417,0.0191701320874178,351.199548713,364.199029669
2021-03-25,2021-03-29,RSI_EXIT,0.018101956108372272,-0.005885937283667819,0.02738930550187879,357.631638661,369.602377282
2021-06-21,2021-06-24,RSI_EXIT,0.015705880794095038,-0.002586039034330412,0.02048304062941897,388.737498159,397.728565724
2021-07-20,2021-07-26,RSI_EXIT,0.028269633774734904,-0.0024955573336590264,0.0355421800475233,397.05563759,412.1965206
2021-08-20,2021-08-25,RSI_EXIT,0.014337109956360346,-0.0016803605553147305,0.02044927380806727,410.962819021,420.072583632
2021-09-10,2021-09-17,TIME_EXIT,-0.014003786705418218,-0.019572818804936,0.0004974454936383932,413.507778776,421.972670987
2021-09-21,2021-09-27,RSI_EXIT,0.010700526557400199,-0.008421933858492991,0.0186417111458419,406.053724898,417.136355947
2021-10-01,2021-10-08,RSI_EXIT,0.016017448674736288,-0.011214147903577554,0.02431498065994453,399.762315902,414.126605891
2021-11-29,2021-12-02,STOP_LOSS,-0.032274604152435146,-0.03017870684071411,0.004863138281164803,422.199486883,437.45451287
2021-12-02,2021-12-08,RSI_EXIT,0.03609041449423055,-0.004513451127565071,0.04223175169503168,420.914951812,440.6799148
2022-01-06,2022-01-13,RSI_EXIT,0.005523417922317787,-0.0246230621682616,0.010843399605957815,429.620540699,445.242317156
2022-01-20,2022-01-24,STOP_LOSS,-0.05132723141277259,-0.07316864983564964,0.010491999180188838,395.90058615,431.636645334
2022-01-25,2022-01-31,RSI_EXIT,0.015186822318302031,-0.014139999689557925,0.03924392119845255,401.913051084,423.676480492
2022-04-06,2022-04-13,TIME_EXIT,-0.023387257628804156,-0.023401991410655132,0.007999211475301138,412.128240835,425.379673248
2023-02-22,2023-03-01,TIME_EXIT,-0.013883351772906638,-0.015860511873081573,0.006204947188105825,376.143776,384.577321438
2023-04-26,2023-05-01,RSI_EXIT,0.017802020062012324,-0.007724697840779671,0.026286620654803583,387.561788267,400.845891367
2023-05-05,2023-05-11,RSI_EXIT,0.0037740018952392685,-0.0011597121409215871,0.013249458515506074,392.226581696,397.884803356
2023-06-26,2023-06-29,RSI_EXIT,0.00405896524539361,-0.0038035394932162125,0.012576786822788621,415.408555091,422.239062884
2023-07-11,2023-07-13,RSI_EXIT,0.013219677442701456,-0.0027917134620381034,0.022034107252780544,423.356607178,433.896205946
2023-08-07,2023-08-14,TIME_EXIT,-0.012537643998343884,-0.012450272378129124,0.00616046637944323,427.118685166,435.16789428
2023-08-16,2023-08-23,TIME_EXIT,-0.010861918120329841,-0.02184693938833615,0.003385664216744688,417.161943551,427.923124377
2023-09-08,2023-09-15,RSI_EXIT,0.004915785975511248,-0.001437673880634982,0.01338406993511021,428.214561701,434.570586123
2023-09-22,2023-09-29,TIME_EXIT,-0.005430508114277558,-0.023982054526128893,0.003313813090950024,408.269500724,419.687395544
2023-10-23,2023-10-30,TIME_EXIT,-0.01799914833981707,-0.025272283189259892,0.011910336148484246,395.623771321,410.7155019
2024-01-04,2024-01-11,RSI_EXIT,0.016132247988268896,-0.004490921313219043,0.02045923439983177,452.772388541,464.12009178
2024-04-05,2024-04-12,RSI_EXIT,-0.003807689930163771,-0.010952091113877738,0.011720551883006136,495.708892129,507.07237679
2024-04-16,2024-04-23,TIME_EXIT,-0.00986881579206027,-0.0224319851800856,0.0025881818860775674,480.888649067,493.196656446
2024-07-22,2024-07-25,STOP_LOSS,-0.024623748435150812,-0.0286050464832015,0.006250943242871454,525.022091654,543.86114838
2024-07-25,2024-08-01,RSI_EXIT,0.017017272629789193,-0.007700361512053555,0.024460153777771776,525.022091654,542.038102092
2024-08-06,2024-08-13,RSI_EXIT,0.029583952913444,-0.0030985046734310906,0.043890827592858894,505.894856461,529.740403502
2024-09-09,2024-09-12,RSI_EXIT,0.015318893011752384,-0.00910648136924841,0.026568327880039933,527.474050813,546.464523344
2024-10-28,2024-10-31,RSI_EXIT,-0.01563945034042936,-0.02475896522619403,0.0007698269030222971,556.998271421,571.578762377
2024-11-01,2024-11-07,RSI_EXIT,0.03431546614531443,-0.0065003904969860304,0.043814016816569046,556.459341984,584.640452191
2024-11-18,2024-11-25,RSI_EXIT,0.01897191006895917,-0.004233682004529782,0.024461328750982947,572.274471287,588.765712065
2024-12-19,2024-12-27,RSI_EXIT,0.010166836159847956,-0.01485826971941262,0.021721419255515295,571.132627109,592.339579592
2025-01-03,2025-01-10,RSI_EXIT,-0.00643154819631441,-0.015776437688541978,0.02020373402125264,568.812348581,589.606370139
2025-01-14,2025-01-16,RSI_EXIT,0.013101741326155318,-0.01077936628976639,0.016587332317281378,568.615714807,584.346416695
2025-02-24,2025-02-28,STOP_LOSS,-0.030875327775733118,-0.03300733275198475,0.0011770965789921206,572.636875477,592.88032247
2025-02-28,2025-03-07,TIME_EXIT,-0.02857828302166659,-0.0345185355282871,0.019607690519042764,556.109806806,587.286091611
2025-05-27,2025-05-30,RSI_EXIT,0.0012288475181496921,-0.013529220851723367,0.01165995226892047,570.4046337,584.969708886
2025-08-04,2025-08-11,RSI_EXIT,0.01514194783114867,-0.0006435240351102545,0.020714889092621425,618.7243182,631.947797427
2025-08-21,2025-08-25,RSI_EXIT,0.008518191404108977,-0.004379748896030544,0.01555433385277838,626.86412628,639.415057573
2025-10-13,2025-10-20,RSI_EXIT,0.006426049537872751,-0.011816274561642581,0.01698942400423853,647.803099367,666.686653437
2025-11-05,2025-11-12,RSI_EXIT,0.010847572364733188,-0.020897563307547773,0.014278484035789907,655.772078198,679.331890537
2025-11-18,2025-11-25,TIME_EXIT,0.00620093777151396,-0.017475229942587434,0.020808288792851348,645.502162106,670.653786645
2025-12-18,2025-12-23,RSI_EXIT,0.008631922993249603,-0.004482410507564594,0.01813604549777237,669.354550519,684.562485178
2026-01-02,2026-01-07,RSI_EXIT,0.005782338519265769,-0.009085094472225386,0.011525562413479795,676.226778078,690.292040415
2026-01-21,2026-01-28,RSI_EXIT,0.0218750078655157,-0.002735077691026988,0.02625065014658179,674.545710656,694.151532485
2026-02-05,2026-02-12,RSI_EXIT,0.015827472183039686,-0.008059045049909619,0.023279002847134134,672.218078841,693.45523237
2026-02-17,2026-02-23,RSI_EXIT,0.00763203002947167,-0.006906991413641594,0.0140781933555858,672.208131696,686.412654057
2026-03-09,2026-03-16,TIME_EXIT,-0.0006579957080455546,-0.008044110418978123,0.02495309166580828,657.864349313,679.748067235
2026-06-08,2026-06-11,STOP_LOSS,-0.023202574171799804,-0.028426488434463493,0.004260030984139407,720.73367207,744.981219875
2026-06-11,2026-06-15,RSI_EXIT,0.027935451460234666,-0.006472667942005739,0.03779275629165246,722.54400935,754.736095133
2026-06-24,2026-07-01,RSI_EXIT,0.009689089996928702,-0.02577378149887455,0.018894228226284282,716.58,749.435
2026-07-20,2026-07-27,TIME_EXIT,-0.006500876371806998,-0.01635400274322707,0.003460468250601645,735.21,750.02
2026-07-29,2026-07-31,RSI_EXIT,0.002708611127736724,-0.015182193624190043,0.011555522021412967,729.1,748.895
