entry_date,exit_date,holding_days,exit_reason,exit_conditions,multiple_exit_conditions,quantity,entry_raw_price_usd,exit_raw_price_usd,entry_usdjpy,exit_usdjpy,gross_pnl_jpy,net_pnl_jpy,gross_return,net_return,usd_asset_return,fx_contribution,commission_jpy,slippage_jpy,fx_cost_jpy,mfe,mae
2007-10-22,2007-10-29,5,RSI_EXIT,"RSI_EXIT,TIME_EXIT",True,1.7871424296765688,121.76558918,125.912784781,114.55999755859376,114.20999908447266,772.4909465441633,627.5429466310925,0.030899637861766527,0.025101717865243733,0.03405884724024455,-0.003159209378478023,66.83067160324916,25.314840914097275,50.629681828198635,0.036966401927401416,-0.006274103306130652
2007-11-06,2007-11-08,2,STOP_LOSS,STOP_LOSS,False,1.778552540662992,123.401563776,121.053940231,114.3000030517578,112.61000061035156,-844.6913232037514,-980.2182721002973,-0.033528647164307035,-0.03896421370916969,-0.019024260902085754,-0.01450438626222128,65.11767145179273,24.665574364857612,49.331148729722386,0.007781936947419021,-0.03886052466754952
2009-06-17,2009-06-23,4,STOP_LOSS,STOP_LOSS,False,3.4356825764300254,74.927636496,73.185323552,96.5,95.8499984741211,-745.271861164485,-879.1078362374174,-0.02983241356153743,-0.035288768227697775,-0.023253275099542448,-0.006579138461994982,64.60449978964948,24.47121616305064,48.9424323261026,0.011502982136183393,-0.030506580764400715
2009-08-18,2009-08-24,4,RSI_EXIT,RSI_EXIT,False,3.235257967158853,80.596288471,84.57170674,94.43000030517578,94.37000274658205,1206.5151269887538,1055.8464663056802,0.048658373776550023,0.04276057623007801,0.04932507866575553,-0.000666704889205505,66.58436555111734,25.221650111484593,50.44330022298,0.05448138613216624,-0.0037458688656647476
2009-09-02,2009-09-10,5,RSI_EXIT,"RSI_EXIT,TIME_EXIT",True,3.2888903102102023,81.618772594,84.907081532,92.70700073242188,92.12999725341795,848.6371037225435,698.7590360469985,0.03381393344528605,0.027999623053404754,0.040288634997700745,-0.006474701552414697,66.80877658580297,25.306565139223416,50.61313027845324,0.050386813009840825,-0.0026033285273037166
2009-09-25,2009-10-02,5,TIME_EXIT,TIME_EXIT,False,3.2192938645873563,85.708709084,83.451064141,90.822998046875,89.5469970703125,-1012.8867548023518,-1141.4167007416836,-0.04002014881706162,-0.045419206272331425,-0.026340904759017736,-0.013679244058043882,64.83527861051931,24.55856692907006,49.117133858138814,0.02086769174465819,-0.027113662099098157
2009-10-27,2009-10-29,2,STOP_LOSS,STOP_LOSS,False,3.069296747228753,87.549180504,86.044083876,92.1999969482422,90.56999969482422,-866.1036993500056,-993.719017262767,-0.03456644494312178,-0.03999617477190365,-0.017191441648402805,-0.01737500329471897,64.2773535579422,24.34726830834711,48.6945366166935,0.0028621118842062643,-0.025526945013397917
2009-10-29,2009-11-05,5,TIME_EXIT,TIME_EXIT,False,3.147401184711759,86.044083876,86.428537906,90.56999969482422,90.697998046875,146.24787362855204,5.667718843877083,0.005887673209358901,0.000230423909268751,0.004468105332541494,0.001419567876817407,64.94375394204653,24.599942899053985,49.19988579811023,0.015558386796493684,-0.02054866663335475
2009-12-09,2009-12-15,4,RSI_EXIT,RSI_EXIT,False,3.09635439841058,89.635048114,91.172864235,88.37999725341797,88.69000244140625,515.5408930033809,368.570227281034,0.020724233647498425,0.014983541510410037,0.017156415412910464,0.0035678182345879605,65.42764014735195,24.783324112467604,49.56664822494408,0.02157353519854044,-0.0378966384581062
2010-01-25,2010-02-01,5,TIME_EXIT,"TIME_EXIT,STOP_LOSS",True,3.0409832891516837,90.150380112,88.465326278,89.80999755859375,90.2699966430664,-341.7052483629086,-474.37059909651,-0.01366541148982181,-0.0192126915779659,-0.018691588786497904,0.005026177296676093,64.55562805345608,24.45280530004785,48.90561060009824,0.0018582034691518867,-0.02761621639044176
2010-02-09,2010-02-16,3,RSI_EXIT,RSI_EXIT,False,3.133973887344577,87.630979234,89.04609726,89.22000122070312,90.05000305175781,637.9865140383117,487.3484288670552,0.02560170012018359,0.019833576447225276,0.016148604504592212,0.009453095615591378,65.51496338830347,24.816430838888508,49.632861677784405,0.024877274800114035,-0.010016134470405946
2010-04-28,2010-05-05,5,TIME_EXIT,TIME_EXIT,False,2.7147667056012863,97.381387826,95.344599454,93.1439971923828,94.70999908447266,-111.71603085372772,-248.26119564640248,-0.004454531080606228,-0.010053614414913592,-0.020915581688354057,0.01646105060774783,64.86335208167378,24.56942412369207,49.138848247391515,0.016795256300163652,-0.02635830341025658
2010-05-07,2010-05-14,5,RSI_EXIT,"RSI_EXIT,TIME_EXIT",True,2.9349579898664016,92.138089246,94.166697745,90.83000183105467,92.7770004272461,1100.36731256012,937.319741743624,0.04392462789036378,0.03805345357560497,0.02201704545428318,0.021907582436080597,66.26810551849846,25.101824843970224,50.20364968794762,0.04422220707949642,-0.02916084570787314
2010-05-19,2010-05-21,2,STOP_LOSS,STOP_LOSS,False,2.951144220055884,91.426440297,86.633034731,91.9010009765625,89.37000274658203,-1988.7685288487774,-2081.4861874384187,-0.07852565868330685,-0.08370815590571778,-0.052429095461100306,-0.026096563222206548,62.89264806882849,23.822485971822857,47.64497194364753,0.008442723256829376,-0.05782100450009586
2010-11-15,2010-11-17,2,STOP_LOSS,STOP_LOSS,False,2.986728665512195,98.632908392,96.694278496,82.41000366210938,83.16200256347656,-265.90198805368345,-396.18034206381344,-0.010709262086670335,-0.016273167961755375,-0.01965500082685634,0.008945738740186004,63.748637020044,24.147145994869867,48.29429198974829,0.003396129103558021,-0.025284173305626156
2010-11-17,2010-11-26,5,TIME_EXIT,TIME_EXIT,False,3.006778156519318,96.694278496,97.471366429,83.16200256347656,83.5199966430664,306.46101290456863,162.01997040235074,0.012375920134083396,0.006682180049434772,0.008036545130559514,0.004339375003523882,64.22569464665872,24.327989446289827,48.65597889258845,0.01793278980553037,-0.0034591028623690567
2010-12-01,2010-12-02,1,RSI_EXIT,RSI_EXIT,False,2.9235495643035936,98.322073219,99.140060517,84.25399780273438,83.6780014038086,35.42491599244386,-102.15128649833423,0.0014261640026715927,-0.004205993161875976,0.008319467554127158,-0.006893303551455565,63.98311134249357,24.23603565865082,48.47207131730953,0.019872759127031348,-0.0005829032241325693
2011-03-11,2011-03-17,4,STOP_LOSS,STOP_LOSS,False,2.7568194121602536,105.945714836,104.702374144,82.83300018310547,81.05599975585938,-818.4158956868232,-931.0507091624495,-0.03293668459899157,-0.038375580421960986,-0.011735639274553344,-0.021201045324438228,62.81899898457416,23.794876161172063,47.58975232234866,0.013313602623682641,-0.03321964712056191
2011-03-17,2011-03-23,4,RSI_EXIT,RSI_EXIT,False,2.8233629922804138,104.702374144,105.463102331,81.05599975585938,81.20899963378906,225.90552088679397,83.88998172025822,0.009166921856782473,0.0034912296155873435,0.007265624998662901,0.0019012968581195722,63.54733966914703,24.071016908478576,48.142033816964116,0.015195527227026773,-0.007527486264508387
2011-04-13,2011-04-20,5,TIME_EXIT,TIME_EXIT,False,2.6228856518098804,108.039762319,108.694152158,84.62999725341797,82.33399963378906,-524.559963630265,-643.136404950932,-0.02123722058037225,-0.02674191578272922,0.006056935196393942,-0.027294155776766194,62.64080044708682,23.727448598609453,47.4548971972243,0.009413524618430813,-0.019947930336702613
2011-05-06,2011-05-13,5,RSI_EXIT,"RSI_EXIT,TIME_EXIT",True,2.6763093240107945,110.379205992,110.550983324,80.63999938964844,81.01000213623047,151.14081598467965,11.776811923067726,0.006151715533331714,0.0004929812232428166,0.0015562472157342189,0.004595468317597495,63.08282407370869,23.895045755018554,47.79009151004473,0.008166437006740468,-0.013239785921029146
2011-05-18,2011-05-25,5,TIME_EXIT,TIME_EXIT,False,2.7060252048608526,108.988627585,107.499890703,80.78199768066406,81.95700073242188,16.907560711311817,-118.04725110732397,0.000687112796463385,-0.004940887843423947,-0.013659561689947308,0.014346674486410693,62.91883046824892,23.832894421445012,47.66578884289565,0.012927940109014102,-0.014452545565003194
2011-05-26,2011-06-01,2,RSI_EXIT,RSI_EXIT,False,2.6853671043492833,107.998862954,110.027471453,82.0479965209961,80.87999725341797,105.35073886898317,-32.633208311654016,0.004280653461029793,-0.0013675577410808826,0.018783609785447908,-0.014502956324418115,62.95392759758748,23.846210160890198,47.692420321786614,0.021378275498914245,-0.0025437179118537045
2011-06-07,2011-06-14,5,TIME_EXIT,TIME_EXIT,False,2.794944073533071,106.09295255,105.414023093,80.22000122070312,80.33999633789062,-121.04595999434605,-250.6993435084114,-0.004913130126764198,-0.010509634237563792,-0.006399383188813057,0.001486253062048859,62.64387275163594,23.72871046131246,47.45742092263028,0.0023515613024962523,-0.0209213049634146
2011-07-15,2011-08-02,4,STOP_LOSS,STOP_LOSS,False,2.7913370141070843,107.696207654,107.02545807,78.91999816894531,77.21299743652344,-682.1782304795306,-789.6700903955352,-0.02772295934528146,-0.03319117786931203,-0.006228163448010693,-0.02149479589727077,61.765314085974,23.395787875936854,46.791575751880025,0.0010944702380297766,-0.03185275052238368
2011-08-02,2011-08-05,3,STOP_LOSS,STOP_LOSS,False,2.8471052565541672,107.02545807,99.598133404,77.21299743652344,77.11199951171875,-1725.5788309017735,-1789.4272321033022,-0.07061500551978273,-0.07584199333320496,-0.06939773769659707,-0.0012172678231856526,59.92137989436135,22.69707703056929,45.39415406114502,0.00041694224955524106,-0.10729441149184571
2012-03-07,2012-03-13,4,RSI_EXIT,RSI_EXIT,False,2.562953437607649,110.477364467,113.144003059,81.51799774169922,82.37300109863281,837.274333078909,672.6181616591384,0.034879108831243455,0.02905880774788905,0.024137420410644594,0.01074168842059886,61.997809827735516,23.48422014129652,46.96844028260044,0.0370203614334661,-0.0014618042607332793
2012-03-23,2012-03-27,2,RSI_EXIT,RSI_EXIT,False,2.4510731894393594,114.002889722,115.941519618,83.2030029296875,82.58899688720703,230.03612976918157,89.11960651031768,0.00949998935257379,0.003822423894410676,0.017005094350918792,-0.0075051049983450024,61.66973088467991,23.35980176440928,46.71960352882583,0.017142286286058406,-0.0063804289344476794
2012-04-10,2012-04-17,5,TIME_EXIT,TIME_EXIT,False,2.535752777678084,112.841347759,112.751369156,81.33000183105469,80.9020004272461,-146.98366995516335,-271.7806646599565,-0.006055721972561434,-0.011645799991172323,-0.0007973903607760846,-0.00525833161178535,61.25105378254198,23.201121504250043,46.40224300849953,0.009716236479666573,-0.01636713358048414
2012-04-25,2012-04-26,1,RSI_EXIT,RSI_EXIT,False,2.523361671834421,113.413938867,113.610255819,81.08000183105469,81.38999938964844,134.7702777336999,-2.1980679814769246,0.00556094953865971,-9.446222299858142e-05,0.0017309772851661354,0.0038299722534935743,61.428354184680394,23.268348237876413,46.53669647575667,0.01153894744244166,-0.0013648062394632232
2012-05-07,2012-05-14,5,TIME_EXIT,TIME_EXIT,False,2.59065685031269,111.663446049,109.863873994,80.20999908447266,79.86900329589844,-492.6279927715914,-600.5376166631504,-0.020298809320968725,-0.02580878227608252,-0.01611603545004614,-0.004182773870922585,60.63525823409452,22.967783096493626,45.935566192991274,0.007188150120467363,-0.019536455485134274
2012-05-14,2012-05-18,4,STOP_LOSS,STOP_LOSS,False,2.627271917346808,109.863873994,107.458991338,79.86900329589844,80.3499984741211,-386.3107662171351,-497.82055835236315,-0.015999183365451475,-0.021533338002651004,-0.021889658252278066,0.005890474886826591,60.37480295287445,22.869151333176482,45.73830266636025,0.009174513327920186,-0.03592243786268701
2012-05-18,2012-05-25,5,RSI_EXIT,"RSI_EXIT,TIME_EXIT",True,2.655616123093149,107.458991338,108.366957239,80.3499984741211,79.41999816894531,-77.50404839055773,-203.00967107322867,-0.003222745160306295,-0.008828756226428425,0.00844941767733598,-0.011672162837642275,60.436294946701,22.892517490699667,45.78503498140711,0.013651657840579645,-0.014346826744858543
2012-06-01,2012-06-08,5,TIME_EXIT,TIME_EXIT,False,2.7364767561399326,105.855736234,107.737107019,78.98200225830078,79.2699966430664,516.2566310174916,361.10919687241403,0.02148410497290043,0.01573913921596537,0.01777296962765562,0.0037111353452448093,61.048676630428496,23.124621606578287,46.24924321316348,0.03132113719879026,-0.018032132227403186
2012-06-27,2012-07-02,3,RSI_EXIT,RSI_EXIT,False,2.6622808616396543,108.317878001,111.638906431,79.6500015258789,79.31300354003906,635.3589595699887,472.8182131572721,0.026299313744137853,0.020527266597127003,0.03066002114599531,-0.004360707401857455,61.43480897114612,23.270911990354005,46.54182398071702,0.0314281010781885,-0.009104419247436879
2012-07-11,2012-07-19,5,RSI_EXIT,"RSI_EXIT,TIME_EXIT",True,2.643306577675503,109.782075264,112.595951569,79.55799865722656,79.09600067138672,478.462764881544,322.7550566838654,0.019675570668323594,0.01394077635468327,0.02563147306364244,-0.005955902395318846,61.548326739352696,23.31387368978923,46.627747379587625,0.029065975170879943,-0.012489880536800668
2012-08-24,2012-08-31,5,TIME_EXIT,TIME_EXIT,False,2.570118996670904,114.771797782,115.573425334,78.53900146484375,78.72000122070312,227.39359865490405,84.30503649453749,0.009305215072036521,0.003628745050960225,0.006984534245273677,0.0023206808267628443,61.445860217579025,23.27500094608709,46.55000189217631,0.012108869657848187,-0.001354571807487992
2012-09-24,2012-10-01,5,TIME_EXIT,TIME_EXIT,False,2.4972806002932195,118.739036177,118.199164561,78.19999694824219,77.61000061035156,-295.32778863919884,-409.576509051607,-0.012057113985170287,-0.017613439357568983,-0.004546707076139911,-0.007510406909030376,60.848061921289144,23.048438407732426,46.09687681547128,0.00693659783639311,-0.015647866334668636
2012-10-12,2012-10-17,3,RSI_EXIT,RSI_EXIT,False,2.5201257328248103,117.332098025,119.123490207,78.07499694824219,78.78900146484375,599.5765083985025,435.016956514708,0.024552443670584845,0.018790221158832443,0.015267707747101955,0.00928473592348289,61.695196267649976,23.36953423081012,46.73906846162772,0.0195682972771114,-0.006492292064237404
2012-10-24,2012-11-02,5,RSI_EXIT,"RSI_EXIT,TIME_EXIT",True,2.4974644834364814,116.105117078,117.561134468,79.98999786376953,79.86000061035156,267.6906213470975,121.17410853886031,0.01089496076725327,0.005209549799825464,0.012540510070902622,-0.0016455493036493518,61.567073033027185,23.32092417334424,46.6418483466946,0.01203449282449065,-0.011343982793015073
2012-12-27,2013-01-03,4,RSI_EXIT,RSI_EXIT,False,2.3558114613338446,115.982418983,119.417965635,85.0,86.5999984741211,1207.2737765059464,1003.8726596972483,0.04900235868957825,0.043102626525096666,0.02962127089713107,0.019381087792447182,62.81492055022105,23.793815028701196,47.58763005740741,0.03178539794361379,-0.016360357804167225
2013-03-22,2013-03-27,3,RSI_EXIT,RSI_EXIT,False,1.9314390364508436,126.665333095,127.000707887,95.95500183105467,93.96299743652344,-453.06497854435656,-557.668422833598,-0.018167019073860424,-0.023688981507725027,0.002647723602072549,-0.020814742675932973,61.41145195459378,23.261807001275287,46.523614002553686,0.008665831758371878,-0.003727067689927588
2013-04-19,2013-04-23,2,RSI_EXIT,RSI_EXIT,False,1.8836366615004707,126.379037541,128.383106421,98.02899932861328,99.7969970703125,848.5159148753883,663.7393144980233,0.034179060707117515,0.02836269678977632,0.01585760517720236,0.018321455529915154,62.65939679104511,23.734819397398784,47.46963879480073,0.021689802346909648,-0.0029580678976312003
2013-05-28,2013-06-03,4,STOP_LOSS,STOP_LOSS,False,1.7019417906855587,136.636598257,134.010859031,101.06099700927734,101.0999984741211,-471.67213417176026,-574.0317411880715,-0.018838450178428334,-0.024356636392296127,-0.019216954018873134,0.00037850384044479934,61.45980933626548,23.280120126295525,46.5602402525972,0.003928112575607434,-0.02670791041103071
2013-06-06,2013-06-10,2,RSI_EXIT,RSI_EXIT,False,1.7670415882964043,131.859552437,135.221480232,100.25,97.3270034790039,-109.75164698554727,-234.32601767733286,-0.004404191435670501,-0.010003557886998693,0.025496277917417265,-0.029900469353087766,61.53040067280223,23.30694423311904,46.613888466245896,0.02554181966403979,-0.00639010519480987
2013-06-25,2013-06-28,3,RSI_EXIT,RSI_EXIT,False,1.8261551028309566,129.634626987,131.393299677,98.4229965209961,97.7699966430664,170.30733016358863,27.551193726420024,0.006841745655136622,0.0011791305216442005,0.013566380610454898,-0.006724634955318276,61.72222652184489,23.379671111381647,46.75934222276595,0.020564932069615294,-0.007184948667431912
2013-08-12,2013-08-19,5,TIME_EXIT,TIME_EXIT,False,1.7483719917031313,137.798140221,135.49141604,96.73999786376952,97.05500030517578,-337.57470386151545,-446.0937747124226,-0.013538211081309037,-0.019086206561878094,-0.016739878907658046,0.0032016678263490084,61.113744880797334,23.14906690497158,46.29813380994706,0.008044001268119105,-0.02245244468167873
2013-08-19,2013-08-26,5,RSI_EXIT,"RSI_EXIT,TIME_EXIT",True,1.7639097266659467,135.49141604,136.432101433,97.05500030517578,98.87899780273438,642.8017473103173,467.4790473851717,0.025866687724189763,0.02009707372484848,0.006942767449727771,0.01892392027446199,62.028042220033,23.495620536378993,46.991241072758186,0.009516975395422511,-0.009249299522452237
2013-09-03,2013-09-05,2,RSI_EXIT,RSI_EXIT,False,1.7531466201139194,135.156041248,135.663193373,98.38500213623048,99.5540008544922,392.14682913622164,232.9958888790825,0.015678809409590322,0.009966493425723755,0.0037523452175505234,0.011926464192039798,62.026342530419875,23.494918092809737,46.989836185629116,0.006577749680025002,-0.00975494217473638
2013-09-26,2013-10-03,5,TIME_EXIT,TIME_EXIT,False,1.7088085463114089,138.501609297,138.068076029,98.74500274658205,97.9260025024414,-286.2033059903042,-397.43828168442997,-0.011398298909446658,-0.016958329547577478,-0.0031301677301838193,-0.008268131179262839,61.346012067180325,23.237059187747075,46.47411837549967,0.004517821408428047,-0.01513925295772589
2013-10-09,2013-10-11,2,RSI_EXIT,RSI_EXIT,False,1.7636764602094894,135.622294008,138.166234505,97.29000091552734,97.47899627685548,519.1971762291323,349.9544578518544,0.020736575565040605,0.014995814015326792,0.018757539205537466,0.001979036359503139,62.072554308188074,23.512451818432986,47.02490363687174,0.02674838696491455,-0.008155753249213138
2013-12-05,2013-12-10,3,RSI_EXIT,RSI_EXIT,False,1.5550989567075335,146.755101134,148.039341192,102.35099792480467,103.13099670410156,413.71466200299255,251.15132417689165,0.01643841726237416,0.010721829140466488,0.00875090574757853,0.007687511514795631,62.172802128717066,23.550399830462823,47.100799660933404,0.012090799811709907,-0.004065215596555372
2013-12-16,2013-12-19,3,RSI_EXIT,RSI_EXIT,False,1.5453236130625636,146.378826977,148.211118524,103.54000091552734,102.6240005493164,89.96208088694402,-48.95320248583448,0.003559897216016683,-0.0020842603547880367,0.012517462974941829,-0.008957565758925146,61.94150362622678,23.462711611614772,46.92542322323828,0.015027551881863221,-0.009603887636058572
2014-01-24,2014-01-28,2,STOP_LOSS,STOP_LOSS,False,1.5060525357658323,148.546493316,145.716257265,104.63500213623048,102.0500030517578,-1094.880390449598,-1142.468382520674,-0.043287081414040585,-0.048667765195350765,-0.01905286343568746,-0.024234217978353123,60.46239699131482,22.902169777899307,45.80433955580343,-0.00016951876403736854,-0.025157025011586787
2014-01-28,2014-02-04,5,TIME_EXIT,"TIME_EXIT,STOP_LOSS",True,1.5550416996240581,145.716257265,143.106877785,102.0500030517578,102.19200134277344,-413.8447169594656,-511.82880780271444,-0.016540723171716842,-0.022071832115275636,-0.0179072639455361,0.001366540773819258,60.54274384191886,22.932761893933392,45.86552378786757,0.008870214047707714,-0.024682112741522766
2014-03-14,2014-03-21,5,RSI_EXIT,"RSI_EXIT,TIME_EXIT",True,1.4800971088666703,151.16405267,153.55257558,102.78299713134766,102.46800231933594,316.13242840053135,161.25108331226147,0.012687782783257662,0.006992288740586661,0.015800865799849184,-0.0031130830165915224,61.09546677749173,23.142295207555385,46.284590415120675,0.02232433566402192,-0.0024468285319385608
2014-03-28,2014-04-01,2,RSI_EXIT,RSI_EXIT,False,1.4930645429526446,151.409448859,153.47077685,101.90299987792967,102.88899993896484,585.436902368594,408.11256036650593,0.02342186121815648,0.01766599725612905,0.013614262561113977,0.009807598657042504,61.52850817856066,23.30638798799659,46.61277597599553,0.017103549795350448,-0.0010397286447134668
2014-04-09,2014-04-14,3,STOP_LOSS,STOP_LOSS,False,1.478698978263434,151.818442508,149.634416423,103.06900024414062,101.37999725341795,-767.7550622429881,-835.0872994202764,-0.03053714405125796,-0.035989535217142876,-0.014385775857797434,-0.016151368193460525,60.153023384762335,22.785059485816348,45.5701189716348,0.007955074188010558,-0.023602422923824418
2014-07-30,2014-08-01,2,STOP_LOSS,STOP_LOSS,False,1.3862898142090092,162.466082917,158.266145224,101.80999755859376,102.83999633789062,-399.0917076412952,-495.07895975156134,-0.01599582639699426,-0.02152999991424187,-0.02585116608705107,0.009855339690056808,60.051717421757274,22.746770963021973,45.493541926048366,0.0007137878891285698,-0.03134384141267865
2014-08-01,2014-08-08,5,TIME_EXIT,TIME_EXIT,False,1.4012421352493523,158.266145224,157.353829991,102.83999633789062,102.11299896240234,-317.90303144788413,-419.5717254101546,-0.012792895545955973,-0.0183450827826257,-0.005764437060805316,-0.007028458485150657,59.82486475670784,22.66086067889443,45.32172135779087,0.008531878638385004,-0.010932838523730393
2014-09-15,2014-09-17,2,RSI_EXIT,RSI_EXIT,False,1.296583235610147,163.477026823,165.013990323,107.1050033569336,107.13800048828124,240.58805180071067,91.83709132266813,0.009712687971468403,0.004033926267297927,0.009401709401432479,0.00031097857003592466,60.224575546597016,22.812394346904846,45.624788693816626,0.013470137733413434,-0.0031128226748612375
2014-09-26,2014-10-03,5,TIME_EXIT,TIME_EXIT,False,1.279878817376159,162.424694347,161.582431061,109.31600189208984,109.0199966430664,-195.6484115483836,-306.72213656039094,-0.007879314658439274,-0.013459136543367833,-0.005185561773018543,-0.0026937528854207304,59.75786655217222,22.635510747752157,45.27102149550401,0.008087720246993335,-0.022603593985579096
2014-12-11,2014-12-16,3,STOP_LOSS,STOP_LOSS,False,1.1272629481397363,168.353567277,163.977101187,119.34200286865234,118.16500091552734,-882.2723590871719,-931.7931255646508,-0.03560173151888335,-0.04102563875493237,-0.025995683731483976,-0.009606047787399374,58.728415962352386,22.24541052482904,44.490821049664305,0.01082478184168223,-0.030012166761261172
2014-12-16,2014-12-19,3,RSI_EXIT,RSI_EXIT,False,1.1568885117077874,163.977101187,171.399960855,118.16500091552734,118.7959976196289,1248.9189297091143,1010.2118999227678,0.05084935039834759,0.044939230500891325,0.045267660022449974,0.005581690375897619,60.68283782962658,22.986208383647934,45.97241676730765,0.0719285336660167,-0.004123680935177454
2015-01-02,2015-01-06,2,STOP_LOSS,STOP_LOSS,False,1.1053858634456217,171.358445581,167.796435059,119.6729965209961,120.43399810791016,-362.15835716629226,-456.96725851295923,-0.014560073639905968,-0.02010232202624329,-0.02078689795488531,0.00622682431497934,59.40840060550034,22.503099535145978,45.00619907029637,0.001921754505070039,-0.03694339476514097
2015-01-06,2015-01-13,5,TIME_EXIT,TIME_EXIT,False,1.1160808775634767,167.796435059,169.481955189,120.43399810791016,118.21199798583984,-212.8906493646282,-320.40553016090416,-0.008590241447278824,-0.014166064983101356,0.010045029439435416,-0.01863527088671424,59.28748119190074,22.457330802838555,44.9146616056844,0.02091563946139363,-0.016499469601164662
2015-01-16,2015-01-22,3,RSI_EXIT,RSI_EXIT,False,1.1600237104737223,165.039820855,169.374015477,117.38999938964844,118.64900207519533,921.6266190654387,708.4592954329346,0.037268118738967404,0.03143438153845168,0.026261508280525314,0.01100661045844209,60.43727267287322,22.89311570945943,45.786231418922185,0.0371631611393517,-0.0016060038587037972
2015-02-02,2015-02-04,2,RSI_EXIT,RSI_EXIT,False,1.1532302998377983,166.102611874,169.315894093,118.2480010986328,117.5749969482422,338.04864612668825,178.15905929329892,0.013543598188898276,0.007843290923803314,0.019345163707825908,-0.005801565518927632,60.2032341270152,22.8043320449625,45.60866408992902,0.02613027402587198,-0.011441542414391326
2015-03-09,2015-03-16,5,TIME_EXIT,TIME_EXIT,False,1.0960615736761925,172.487661038,171.63244639,120.04499816894533,121.31800079345705,140.0911716759474,-1.4091612579250068,0.005593680203262341,-6.191564011226447e-05,-0.004958120730801596,0.010551800934063937,60.083238439105216,22.75883417669695,45.51766835339987,0.00455211885643747,-0.016569504790991174
2015-03-26,2015-04-02,5,TIME_EXIT,TIME_EXIT,False,1.1083202007524802,170.938894764,171.489342025,119.79100036621094,120.02200317382812,129.27845127078763,-11.342982376878354,0.005154732167763854,-0.0004983949720641645,0.0032201405172296305,0.001934591650534223,60.06916524466147,22.753500930253708,45.50700186051061,0.017299702999983957,-0.004596062619536823
2015-05-01,2015-05-08,5,TIME_EXIT,TIME_EXIT,False,1.0921701274821887,174.641903609,175.87623989,118.97000122070312,119.39700317382812,268.25363105681754,113.73818940533965,0.010682336781457247,0.004998121640290121,0.0070678127957395365,0.0036145239857177103,60.227170001306334,22.813382571565942,45.62676514313715,0.012005935907221543,-0.013100899409119071
2015-05-27,2015-06-03,5,RSI_EXIT,"RSI_EXIT,TIME_EXIT",True,1.0605141693537923,176.184823961,176.810332212,121.5999984741211,124.84700012207033,764.1160107791948,559.4216765027704,0.030347413502048726,0.024552599290551314,0.0035502958594120226,0.026797117642636703,60.891908181481384,23.06528911276855,46.130578225545236,0.007685506355116889,-0.0051364850120518835
2015-06-05,2015-06-12,5,RSI_EXIT,"RSI_EXIT,TIME_EXIT",True,1.0502758826880105,175.100609659,175.67607725,124.3040008544922,122.86599731445312,-211.07731755742861,-318.5885088102077,-0.00831996418101233,-0.013897307792998692,0.003286496786736981,-0.01160646096774931,60.0994595618315,22.76489925513252,45.52979851027237,0.009688059047602948,-0.011258838309830543
2015-06-30,2015-07-08,5,RSI_EXIT,"RSI_EXIT,TIME_EXIT",True,1.069636409132569,173.698271927,172.994293598,122.61199951171876,122.61100006103516,-102.813156899163,-220.7334905739226,-0.004060998733532051,-0.009662295347368177,-0.0040528804414119435,-8.118292120107284e-06,60.018658966176915,22.734317389518843,45.46863477904279,0.004370920780734089,-0.015690456422765675
2015-07-24,2015-07-31,5,TIME_EXIT,TIME_EXIT,False,1.0392864131106088,176.246003021,177.184640793,124.06800079345705,123.94000244140624,108.46393343237287,-30.987171147316985,0.004288551708983235,-0.0013597039139497946,0.0053257251563778585,-0.0010371734473946237,60.1240217033092,22.774275010109534,45.548550020223544,0.00496589555998761,-0.0197008010466847
2015-08-07,2015-08-11,2,RSI_EXIT,RSI_EXIT,False,1.044043130475369,174.452534422,175.131370667,124.7300033569336,124.3000030517578,10.89647242043793,-118.3789157009378,0.0004303738256965506,-0.005196182879244726,0.0038912375062312154,-0.003460863680534665,59.98794463843975,22.72270874672383,45.44541749345618,0.011552256155428875,-0.0066938091332171545
2015-11-10,2015-11-16,4,STOP_LOSS,STOP_LOSS,False,1.0534625944151952,174.812428301,170.440222129,123.1999969482422,122.55999755859376,-761.5576514951899,-808.4053844023183,-0.03007571688102184,-0.035530703176169465,-0.025010842847350334,-0.005064874033671507,58.99686064709287,22.347125107868244,44.69425021573856,0.00638804013706884,-0.026172422917609905
2016-03-29,2016-03-30,1,RSI_EXIT,RSI_EXIT,False,1.147619090046987,172.712963969,175.728370817,113.4499969482422,113.36399841308594,419.3803900741259,247.3714330560033,0.016687800106133244,0.01096980942114012,0.017459064905754662,-0.0007712647996214184,59.8601767836974,22.674403201465502,45.34880640293805,0.019760390076210443,-0.0022743609463207193
2016-04-29,2016-05-06,5,TIME_EXIT,TIME_EXIT,False,1.1482559188315689,176.086130951,173.820316766,111.5199966430664,106.91999816894533,-1352.2623333963784,-1332.0268104473143,-0.05358507401319679,-0.05890784048129605,-0.01286764705864607,-0.04071742695455072,57.93378816417342,21.9443146638298,43.888629327667985,0.006559413790221402,-0.01423127445593142
2016-05-10,2016-05-11,1,RSI_EXIT,RSI_EXIT,False,1.1751830920659363,176.086130951,177.099784666,107.36000061035156,108.33100128173828,369.80574562804395,203.74883399342434,0.014852986438553595,0.009145314995572917,0.005756578951025215,0.00909640748752838,59.086584263344236,22.38136441280887,44.7627288256226,0.00830002955136755,-0.0015634597523341842
2016-06-14,2016-06-21,5,TIME_EXIT,TIME_EXIT,False,1.1800301333240597,177.176447552,177.431990505,106.50399780273438,104.64800262451172,-400.0768519963385,-481.06484291885863,-0.016009357341955854,-0.02154345475932573,0.0014423076911787014,-0.017451665033134556,58.31500272682264,22.088927063635943,44.17785412727552,0.007236766227529667,-0.012080498217847846
2016-08-03,2016-08-08,3,RSI_EXIT,RSI_EXIT,False,1.1788104141545337,183.547985185,186.035269929,102.35900115966795,101.1989974975586,51.395025253896165,-79.30814108432241,0.0020648724965266485,-0.0035708768515975153,0.01355114163466875,-0.011486269138142102,58.529050376503974,22.170106272390672,44.34021254478373,0.013601237246189335,-0.0062050838320393265
2016-08-26,2016-09-02,5,TIME_EXIT,TIME_EXIT,False,1.1854992458712856,185.626401204,186.026751831,100.552001953125,103.302001953125,736.2520582841389,527.5502822086273,0.029564772735949374,0.023774360202734712,0.0021567547741230264,0.027408017961826348,59.27962298167128,22.454566192971562,44.90913238594679,0.005004105877668197,-0.009168323326483874
2016-09-12,2016-09-19,5,RSI_EXIT,"RSI_EXIT,TIME_EXIT",True,1.202617593226163,180.915892767,183.319459131,102.30599975585938,102.00800323486328,259.25118370469863,103.83630629860636,0.010334051491029062,0.004651795153780336,0.013285545715408853,-0.0029514942243797915,59.067204887730256,22.373998751725928,44.747997503458464,0.020300622321451023,-0.0008762274569836803
2016-10-18,2016-10-20,2,RSI_EXIT,RSI_EXIT,False,1.167837347405696,183.413631552,183.096869772,104.03900146484376,103.86499786376952,-85.431701333011,-201.16676015932535,-0.0033966310071131822,-0.00900166411554526,-0.0017270351026782427,-0.0016695959044349395,58.73219678955151,22.247025315091225,44.49405063018925,0.0013663817818829749,-0.005771572768380917
2016-11-01,2016-11-07,4,STOP_LOSS,STOP_LOSS,False,1.1664803954633136,182.292123629,181.025076511,104.56500244140624,103.052001953125,-535.7715091133396,-598.1014541406294,-0.02131954202194708,-0.026823774237302533,-0.0069506410522633955,-0.014368900969683684,58.074253487957115,21.997704782370576,43.995409564742545,0.0007206982164995601,-0.021857596069927654
2016-11-07,2016-11-09,2,RSI_EXIT,RSI_EXIT,False,1.1838982114367094,181.025076511,181.812700395,103.052001953125,104.43800354003906,446.4132459430148,268.7513350964473,0.017858963877002587,0.012134386407421704,0.004350910377613593,0.013508053499388994,58.82641128610841,22.28283015432524,44.5656603086551,0.026207161253544164,-0.0012087831721430131
2016-12-05,2016-12-06,1,RSI_EXIT,RSI_EXIT,False,1.0295134125134235,188.901315356,189.389299719,113.90899658203124,113.50499725341795,-24.41948771148236,-146.42498903153682,-0.0009725703793148632,-0.006591236734932671,0.0025832766811622054,-0.0035558470604770687,58.45448079482999,22.141843399672744,44.283686799351884,0.004455850477947054,-0.001541603998985397
2016-12-29,2017-01-06,5,RSI_EXIT,"RSI_EXIT,TIME_EXIT",True,0.9738309554677205,193.313091743,195.078468783,117.4800033569336,117.11299896240234,150.10334002607124,7.1403134452411905,0.005979714567864836,0.0003219476146363309,0.00913221667545927,-0.003152502107594435,58.56101740669803,22.182236625151916,44.364473250306744,0.014059969304478726,-0.008291648901151971
2017-02-02,2017-02-06,2,RSI_EXIT,RSI_EXIT,False,1.0026797260908988,195.65544567,197.093582088,112.74299621582033,112.78900146484376,195.11876430783377,46.43703706310043,0.007761405615832384,0.0020936181894413153,0.007350352110442326,0.0004110535053900577,58.61772236466847,22.203725630369668,44.40745126074731,0.00983839066282255,-0.002171449485710353
2017-03-09,2017-03-16,5,RSI_EXIT,"RSI_EXIT,TIME_EXIT",True,0.9529415611180195,203.836461224,205.911855696,113.9260025024414,114.65899658203124,420.1707119205821,243.29342146502313,0.016681121772998297,0.0109631686478604,0.010181664553719383,0.006499457219278915,58.90882580228667,22.314041453625833,44.62808290725147,0.011070299241494386,-0.004553490049766129
2017-03-23,2017-03-29,4,RSI_EXIT,RSI_EXIT,False,0.9830493746541253,202.388051268,203.244308407,111.53199768066406,110.77100372314452,-66.29910230182577,-183.15299263530687,-0.0026211975928167597,-0.008230591844403334,0.0042307692259271334,-0.006851966818743893,58.505181869152224,22.161039197138635,44.32207839428389,0.007231427018470127,-0.010708321054235026
2017-04-17,2017-04-21,4,RSI_EXIT,RSI_EXIT,False,1.006714900098977,201.618284748,203.46918402,109.10099792480467,108.83399963378906,169.62017170081162,23.286492451195954,0.006710490982562378,0.0010486140432288682,0.009180215347598164,-0.002469724365035786,58.65743411059964,22.218762191943306,44.43752438389417,0.011227044876856329,-0.001485915703829499
2017-05-18,2017-05-25,5,RSI_EXIT,"RSI_EXIT,TIME_EXIT",True,0.9644491074167587,203.884338997,208.615375922,112.64600372314452,111.95700073242188,429.06159705255413,249.37375370180234,0.016946049541421093,0.011226606426424368,0.02320451363883147,-0.006258464097410377,58.97193260052506,22.33794709765467,44.675894195313084,0.026424385908098813,-0.0017717565535865232
2017-06-27,2017-06-29,2,RSI_EXIT,RSI_EXIT,False,0.945321832069731,211.231858559,211.770715341,111.23899841308594,112.18800354003906,282.3365132775398,120.67359968911114,0.011104010564061628,0.005417423872098981,0.002551020407982163,0.008552990156079465,58.966240909599485,22.335758976019736,44.67151795204322,0.002296744980490706,-0.013186790407273552
2017-07-07,2017-07-10,1,RSI_EXIT,RSI_EXIT,False,0.9373687295905706,209.641361928,210.284513571,113.18699645996094,113.14900207519533,69.63667001103022,-64.87123420596254,0.0027311583576630216,-0.00290833827290804,0.003067866174332856,-0.0003367078166698345,58.80039711624795,22.27289288250681,44.54578576501771,0.006088722150509485,-0.001287051843357312
2017-08-11,2017-08-18,5,TIME_EXIT,TIME_EXIT,False,0.9523024124631703,212.083599924,211.110181221,110.04900360107422,109.9990005493164,-128.6461152140364,-237.10750496966284,-0.00504207303810722,-0.01063785195640865,-0.004589787722147354,-0.0004522853159598661,58.5297011752449,22.17031333754138,44.34062667508697,0.01404096738574001,-0.007954427832804978
2017-08-22,2017-08-25,3,RSI_EXIT,RSI_EXIT,False,0.957869788002202,211.692494195,212.848428905,109.31999969482422,108.91000366210938,43.05354247690411,-87.67631675915618,0.0016895425321346025,-0.003944095909141021,0.005460442583926417,-0.0037709000517918145,58.57091725120131,22.18596286736131,44.37192573473039,0.007912515397450415,-0.0005818210040751115
2017-09-26,2017-09-29,3,RSI_EXIT,RSI_EXIT,False,0.9040338454758,217.852297125,218.65585784,112.44400024414062,112.86000061035156,188.695722325745,38.55417677938749,0.007401826342073647,0.0017360612385020069,0.0036885574566098978,0.0037132688854637497,58.680062344145014,22.227337321538904,44.454674643083884,0.007114115942959964,-0.0029642383533129424
2017-11-16,2017-11-17,1,RSI_EXIT,RSI_EXIT,False,0.8685783950991757,224.927125153,225.538530044,113.4020004272461,113.4020004272461,69.42456062220663,-64.90145331249369,0.002718235475530628,-0.002921188474990899,0.002718235475530628,0.0,58.56862919088916,22.185101870350074,44.37020374070224,0.0053997543026054196,-0.0006744065052851633
2018-02-05,2018-02-06,1,STOP_LOSS,STOP_LOSS,False,0.8429262958315815,240.062074936,228.201630129,109.40599822998048,110.03500366210938,-1123.016659855064,-1094.910938166122,-0.043940511373925406,-0.04931752017612834,-0.04940574145317189,0.005465230079246486,57.163019140366515,21.652415567619585,43.30483113524454,0.008272605332020566,-0.054413184702076234
2018-02-06,2018-02-13,5,TIME_EXIT,TIME_EXIT,False,0.8707967935944817,228.201630129,231.739571844,110.03500366210938,108.8000030517578,103.78352385773178,-33.798320461592084,0.004105863415672317,-0.0015413647434130429,0.015503577748327446,-0.011397714332655129,57.844300137372315,21.910742193555322,43.821484387112456,0.047256628670842016,-0.027492485962792856
2018-03-19,2018-03-23,4,STOP_LOSS,STOP_LOSS,False,0.853353099671043,240.935195901,232.843792578,106.30899810791016,105.9290008544922,-937.1603449741342,-930.5431107553886,-0.03703773579038727,-0.04245356674279521,-0.03358331808991799,-0.003454417700469281,56.63553681933088,21.452652468400984,42.90530493680605,0.0033249334714469114,-0.05724840159173683
2018-03-23,2018-03-26,1,STOP_LOSS,STOP_LOSS,False,0.8767696932247047,232.843792578,231.04570295,105.9290008544922,104.96800231933594,-419.25522685052056,-482.6192135937563,-0.016724342994285823,-0.022254419234948863,-0.007722300036826946,-0.009002042957458878,56.61400950682969,21.444610152923147,42.88922030585083,0.004267522143017066,-0.024487453439903106
2018-03-26,2018-04-03,5,TIME_EXIT,TIME_EXIT,False,0.886721528120021,231.04570295,228.172285213,104.96800231933594,106.31199645996094,5.193277164657047,-116.82777714452823,0.00020803275030800705,-0.005417273478137252,-0.012436577267233573,0.01264461001754158,56.77944669551495,21.507367290983943,43.01473458197279,0.017192544384317276,-0.028944689137534008
2018-04-25,2018-05-02,5,RSI_EXIT,"RSI_EXIT,TIME_EXIT",True,0.8521028873790116,231.733207808,233.363828303,108.76100158691406,109.322998046875,305.57839373122624,141.00586846993974,0.012240249395963687,0.006547272342027455,0.007036628502337994,0.005203620893625693,57.04347191814989,21.607441444484998,43.21488288897622,0.018432626901514038,-0.00833121532101666
2018-05-04,2018-05-08,2,RSI_EXIT,RSI_EXIT,False,0.8497057914924301,230.508038895,234.897492986,109.8270034790039,109.14600372314452,318.621932523929,151.60877353195974,0.012723785861433523,0.007028089332546061,0.019042520651522565,-0.006318734790089042,57.150564726341265,21.648009610059482,43.296019220123895,0.02434252436346518,-0.0019138488262381292
2018-05-30,2018-06-05,4,RSI_EXIT,RSI_EXIT,False,0.826235963521953,238.423158922,242.433603924,109.38899993896484,109.5979995727539,471.3584228462787,281.65665030706805,0.01876344942923991,0.013033785009700427,0.016820702402118748,0.001942747027121161,57.422689573823675,21.751119861137205,43.502239722276755,0.01808615100734312,-0.0014050276173428466
2018-06-20,2018-06-27,5,TIME_EXIT,TIME_EXIT,False,0.8024940945650283,244.601984343,241.051638822,110.13800048828124,109.64299774169922,-478.12483313032135,-530.3296528628925,-0.018943937734747673,-0.02446153067222867,-0.014514786257912915,-0.004429151476834758,56.53426918842828,21.41439351665595,42.828787033313816,0.0011282772138871966,-0.026439652363514532
2018-06-27,2018-07-03,4,RSI_EXIT,RSI_EXIT,False,0.8129877249280584,241.051638822,241.59171632,109.64299774169922,110.70999908447266,301.2797541399814,135.79952296433112,0.011993904949983092,0.006302313370768697,0.0022405053980936174,0.009753399551889474,57.06558521027405,21.61581640172747,43.231632803456,0.005392404071683288,-0.014339888015489466
2018-08-02,2018-08-06,2,RSI_EXIT,RSI_EXIT,False,0.7781238459124598,247.364347941,251.12718297,111.80799865722656,111.69000244140624,356.26123841739536,182.07565533945308,0.014140310777124965,0.008436647519147078,0.01521171122807674,-0.001071400450951776,57.21643999366837,21.672970014744315,43.345940029493875,0.01953389961035157,-0.001322560738870604
2018-08-14,2018-08-20,4,RSI_EXIT,RSI_EXIT,False,0.7782423517193247,250.489714448,252.83595276,110.62899780273438,111.00399780273438,323.3307124400235,153.37905911827693,0.01278806346746797,0.007092005432568271,0.00936660540002765,0.0034214580674403194,57.29864302222219,21.704100395309943,43.408200790624534,0.010275294982051486,-0.01025028274986306
2018-09-07,2018-09-14,5,RSI_EXIT,"RSI_EXIT,TIME_EXIT",True,0.7629375917817713,254.084328617,257.696650244,111.4489974975586,111.22000122070312,307.75121283446424,139.54052616319314,0.012133088498128775,0.006440714131680236,0.01421701860426472,-0.002083930106135945,57.381564446367776,21.735506610317287,43.471013220644444,0.014441556136565392,-0.001440112057864762
2018-10-08,2018-10-11,3,STOP_LOSS,STOP_LOSS,False,0.7442111790901597,255.296443459,246.42932783,113.8939971923828,112.9980010986328,-1076.8475266031237,-1035.3718477977964,-0.04232631576783896,-0.04771240302602242,-0.0347326249784754,-0.007593690789363561,55.919170203772495,21.181274887849234,42.36254977570422,0.005802620373504652,-0.05861387369615534
2018-10-11,2018-10-18,5,RSI_EXIT,"RSI_EXIT,TIME_EXIT",True,0.7678337259015603,246.42932783,248.492688738,112.9980010986328,112.34200286865234,63.40983892683289,-66.88171837587652,0.0025190275128708084,-0.0031192760649317863,0.00837303305645265,-0.005854005543581842,56.51720117889758,21.40804421448432,42.816088428972556,0.014181807608701913,-0.024740553069192317
2019-03-08,2019-03-14,4,RSI_EXIT,RSI_EXIT,False,0.7838878917322931,244.165266109,251.706532297,111.6230010986328,111.30599975585938,704.2184458894953,475.133264854001,0.027958266712155844,0.02217688938766349,0.03088590899179522,-0.0029276422796393753,57.19018284907643,21.66309737707383,43.3261947541551,0.03406932131689544,-0.002403978634499704
2019-05-08,2019-05-14,4,STOP_LOSS,STOP_LOSS,False,0.7504548590839621,258.350184429,253.372408122,110.80500030517578,109.65399932861328,-747.1050970105825,-752.158811183268,-0.02945503719449316,-0.03491351427674927,-0.019267554687455668,-0.010187482507037493,55.8799790948252,21.166500553204717,42.333001106414486,0.006104953643913502,-0.026918565200342193
2019-05-14,2019-05-21,5,RSI_EXIT,"RSI_EXIT,TIME_EXIT",True,0.7664813413944498,253.372408122,256.822707945,109.65399932861328,110.16000366210938,460.61939836174133,268.39243102225373,0.018294897172094204,0.012567867954277556,0.013617504165404748,0.0046773930066894565,56.73381227977084,21.49017780819331,42.98035561639657,0.02509119921256109,-0.002732755400577269
2019-05-24,2019-06-03,5,TIME_EXIT,"TIME_EXIT,STOP_LOSS",True,0.7602164388419823,254.944810385,247.370324054,110.22100067138672,109.35700225830078,-943.824692034188,-915.3950258637124,-0.0373161877596867,-0.04273045266028763,-0.029710298160458892,-0.007605889599227811,55.34471843703368,20.963709209079727,41.92741841816289,0.0011206421869154326,-0.03801535476580353
2019-06-28,2019-07-02,2,RSI_EXIT,RSI_EXIT,False,0.7425704421098641,264.165963687,266.901703894,107.73799896240234,108.38200378417967,410.81813237589085,226.33187380484742,0.016395554494858855,0.010679207438994531,0.010356141907219563,0.006039412587639292,56.25113898604049,21.307336242177467,42.614672484359616,0.014326386603608965,-0.00244696163287883
2019-07-22,2019-07-25,3,RSI_EXIT,RSI_EXIT,False,0.734265774087257,268.707473008,271.714078583,107.4010009765625,108.23200225830078,478.35747322159295,282.2465479664206,0.019013084656744006,0.013282016254679174,0.011189140150599686,0.00782394450614432,56.474497939734775,21.39195600442916,42.78391200886209,0.012363009721157114,-0.0024140511964337863
2019-08-02,2019-08-06,2,STOP_LOSS,STOP_LOSS,False,0.7364010622284308,265.312627074,258.143723691,108.81999969482422,106.5770034790039,-1190.0234322219549,-1117.958317355853,-0.04707562589648018,-0.052435002387530405,-0.027020588737378337,-0.02005503715910184,54.8082124474172,20.76043631591142,41.52087263182717,0.00041862682600690704,-0.04175868505960201
2019-08-06,2019-08-13,5,RSI_EXIT,"RSI_EXIT,TIME_EXIT",True,0.7626499899827826,258.143723691,259.796002431,106.5770034790039,105.38200378417967,-122.00196018270435,-220.52111205190522,-0.004883698944925796,-0.01048036858070156,0.006400615581023228,-0.011284314525949024,55.257728026563605,20.930931968172295,41.861863936345046,0.028306105071986387,-0.014028713667228354
2019-09-25,2019-10-02,5,TIME_EXIT,TIME_EXIT,False,0.7243968494051005,268.451378947,264.405922973,107.61399841308594,108.06900024414062,-272.09597433629824,-345.6017495521337,-0.010905228173026194,-0.01646803190814672,-0.015069604000055192,0.004164375827028999,54.94669277429696,20.81308414843371,41.62616829686826,0.007926230154471137,-0.03197475461537558
2019-10-03,2019-10-10,5,RSI_EXIT,"RSI_EXIT,TIME_EXIT",True,0.7409960605910991,261.058897739,264.115666042,107.73699951171876,106.96099853515624,110.03340754522651,-25.643339934747928,0.004422041764433171,-0.0012269646247565769,0.011709113650116176,-0.007287071885683005,55.141921709932085,20.88711459677301,41.774229193547704,0.0253724463293985,-0.010883356487568663
2020-01-28,2020-02-04,5,TIME_EXIT,TIME_EXIT,False,0.6462834251358653,296.296236021,299.039888487,108.802001953125,108.37200164794922,131.30539586312807,-7.9955881474597845,0.00527109688663141,-0.0003826847042271986,0.009259828956468708,-0.0039887320698372974,55.14834622023386,20.88955253877516,41.77910507755168,0.014720597617876141,-0.013813710874989171
2020-02-25,2020-02-26,1,STOP_LOSS,STOP_LOSS,False,0.6324416783816208,295.275342081,286.378980598,111.55699920654295,110.85700225830078,-903.3151349414002,-869.8187605611893,-0.03621477465084322,-0.04163523404880676,-0.030129036242245943,-0.006085738408597274,54.00281655711494,20.455423719818803,40.9108474396446,0.0015675004982624863,-0.04135109083353594
2020-02-26,2020-02-28,2,STOP_LOSS,STOP_LOSS,False,0.6493757090221808,286.378980598,263.153643448,110.85700225830078,110.36299896240234,-2105.798695075984,-1867.6813665300106,-0.08519482776986531,-0.09033981667683288,-0.08110000636744419,-0.004094821402421123,52.10849053577305,19.737625506881116,39.475251013767725,0.012002751569420322,-0.09161212887718162
2020-06-15,2020-06-19,4,RSI_EXIT,RSI_EXIT,False,0.6904661265531289,273.245798861,289.321083888,106.8030014038086,106.8939971923828,1445.000376203312,1086.5908193063442,0.059732979097721906,0.05377289646229699,0.05883085886044093,0.0009021202372809789,54.78452302931183,20.75201417652584,41.504028353049875,0.059009106418357105,-0.004792617447725633
2020-09-11,2020-09-16,3,RSI_EXIT,RSI_EXIT,False,0.6215921795950828,309.258701949,314.49865792,106.2310028076172,105.71499633789062,294.7227041601509,129.26659037607533,0.012003898924836998,0.006312251138147262,0.016943600739371067,-0.00493970181453407,54.23507004426118,20.54364842112691,41.08729684225829,0.02104864428000841,-0.01484550440886201
2020-09-22,2020-09-29,5,RSI_EXIT,"RSI_EXIT,TIME_EXIT",True,0.6440431219867538,303.793561766,308.78636462,104.53700256347656,105.5739974975586,653.0247110491437,425.49031194763666,0.026517769863353635,0.02074449408936907,0.016434854066610383,0.010082915796743253,54.71231126978581,20.724495923489833,41.448991846984136,0.0189384414251057,-0.027177831481264847
2020-10-20,2020-10-27,5,TIME_EXIT,TIME_EXIT,False,0.6140890592533514,317.560753338,314.13975879,105.427001953125,104.68299865722656,-440.10093947869973,-479.9319055104752,-0.0177537478906602,-0.02327803461795641,-0.010772724626833319,-0.00698102326382688,53.79519938712005,20.376878213299147,40.75375642660066,0.014704608330839086,-0.0233148725797937
2020-10-29,2020-11-05,5,RSI_EXIT,"RSI_EXIT,TIME_EXIT",True,0.6468344676549097,302.258737186,322.904901578,104.54499816894533,104.5459976196289,1685.9931876182382,1277.153736488497,0.06831647467546964,0.06230811729163821,0.06830626166248766,1.0213012981985514e-05,55.80319009107461,21.137921096866695,42.2758421937348,0.07679175614865308,-0.013677218166578298
2020-12-14,2020-12-17,3,RSI_EXIT,RSI_EXIT,False,0.5845778339136578,340.842008125,343.893165424,104.18199920654295,103.63400268554688,91.4854731974774,-41.63108094893687,0.00364474402480508,-0.001999890736010146,0.008951822915798102,-0.005307078890993022,54.90127164361151,20.795955143152185,41.59191028630951,0.009857484451586629,-0.011805945986616107
2021-01-19,2021-01-21,2,RSI_EXIT,RSI_EXIT,False,0.5683838727752664,351.301687492,357.012173769,103.90799713134766,103.89700317382812,405.6871034241267,217.06645688752906,0.01614769556348694,0.010432742500017245,0.016255220172063822,-0.00010752460857688106,55.21606996772161,20.91526177515076,41.830523550308826,0.016962576490660908,-0.004700219008623163
2021-01-28,2021-02-04,5,RSI_EXIT,"RSI_EXIT,TIME_EXIT",True,0.5745508191667815,349.463189471,355.591516207,103.60299682617188,105.02799987792967,795.394744226116,536.7538304916816,0.03153206284752019,0.025730586006726064,0.017536401316764483,0.01399566153075571,55.78230350444721,21.12982439974902,42.259648799506024,0.02573859206928697,-0.021984384575065352
2021-02-23,2021-03-02,5,RSI_EXIT,"RSI_EXIT,TIME_EXIT",True,0.5555227226169054,357.170024609,361.961261876,105.51399993896484,106.50299835205078,582.5438696837773,360.27629049886673,0.022913328219758222,0.017160324316588316,0.01341444392553659,0.009498884294221632,55.90307094503714,21.175525587482902,42.35105117496695,0.0191701320874178,-0.017207457207741417
2021-03-25,2021-03-29,2,RSI_EXIT,RSI_EXIT,False,0.5388323948709424,359.56931464,367.413176056,108.5199966430664,109.1790008544922,716.4486004886421,468.8837280933767,0.028019726624852304,0.022238003641438686,0.02181460179340733,0.006205124831444975,56.284549958023845,21.320052569237586,42.64010513847836,0.02738930550187879,-0.005885937283667819
2021-06-21,2021-06-24,3,RSI_EXIT,RSI_EXIT,False,0.49194442347368506,389.550619654,397.111714935,110.3249969482422,110.65399932861328,578.0495245196689,354.06080873382234,0.02244979119224033,0.016699394284458213,0.019409788868301137,0.003040002323939195,56.44209625783989,21.379700576346544,42.75940115270025,0.02048304062941897,-0.002586039034330412
2021-07-20,2021-07-26,4,RSI_EXIT,RSI_EXIT,False,0.4856784481934797,397.850066637,410.588970058,109.8740005493164,110.13999938964844,893.7719611527427,611.0286276084262,0.03451781869087722,0.028699549552488657,0.03201935726360694,0.002498461427270282,57.01576422579221,21.597063597448923,43.19412719490663,0.0355421800475233,-0.0024955573336590264
2021-08-20,2021-08-25,3,RSI_EXIT,RSI_EXIT,False,0.4731336386434311,411.448822673,418.869724593,109.84200286865234,109.6780014038086,431.3409695748851,231.56619015817705,0.01651603067246965,0.010799006042170767,0.01803602662365078,-0.00151999595118113,56.91699005507517,21.55955422040946,43.11910844082687,0.02044927380806727,-0.0016803605553147305
2021-09-10,2021-09-17,5,TIME_EXIT,TIME_EXIT,False,0.4614612285452802,421.552090904,417.164484452,110.21800231933594,109.38300323486328,-469.5534431523083,-503.74442724281835,-0.017905254021091666,-0.023428688657271546,-0.010408218928747215,-0.007497035092344451,56.096957085241755,21.248751405466226,42.49750281093881,0.0004974454936383932,-0.019572818804936
2021-09-21,2021-09-27,4,RSI_EXIT,RSI_EXIT,False,0.4735546587153526,409.297879165,415.18611292,109.97100067138672,110.32599639892578,461.0671889256737,255.16149389598286,0.017660706658685132,0.011937244214707654,0.014386181934322506,0.0032745247243626263,56.76856960476624,21.503340172429308,43.00668034486492,0.0186417111458419,-0.008421933858492991
2021-10-01,2021-10-08,5,RSI_EXIT,"RSI_EXIT,TIME_EXIT",True,0.47263908931543985,404.094105703,412.063848843,111.93599700927734,111.41300201416016,392.2339140609474,198.30705889294404,0.014958075984362162,0.00924981350345977,0.01972249292311523,-0.004764416938753069,56.861754773558815,21.53862342100199,43.07724684200774,0.02431498065994453,-0.011214147903577554
2021-11-29,2021-12-02,3,STOP_LOSS,STOP_LOSS,False,0.4279744257295449,435.119846938,422.612038293,115.06900024414062,113.29900360107422,-1149.8155029841582,-1054.3168361248609,-0.043685542152059775,-0.04906398493589936,-0.028745663368424212,-0.014939878783635563,55.335328874203384,20.960117820998725,41.92023564200143,0.004863138281164803,-0.03017870684071411
2021-12-02,2021-12-08,4,RSI_EXIT,RSI_EXIT,False,0.4420354513792412,422.612038293,439.461012908,113.29900360107422,113.45800018310548,1075.8829597128497,752.8809733993367,0.04132794273967266,0.03547137253593169,0.039868657511640704,0.001459285228031959,57.03052520869801,21.602690349851855,43.20538069970756,0.04223175169503168,-0.004513451127565071
2022-01-06,2022-01-13,5,RSI_EXIT,"RSI_EXIT,TIME_EXIT",True,0.41749849790239024,440.246043478,444.291990147,116.17400360107422,115.33100128173828,49.10887029788137,-80.67457384167574,0.0018671301824568776,-0.0037675070359555196,0.009190194276447183,-0.007323064093990306,56.4245770822925,21.372955831721185,42.745911663444836,0.010843399605957815,-0.0246230621682616
2022-01-20,2022-01-24,2,STOP_LOSS,STOP_LOSS,False,0.43618576932924036,426.941465362,406.504730094,114.5540008544922,113.99299621582033,-1382.2949193729473,-1237.7895611108797,-0.052530640206473245,-0.057859336953940965,-0.047867768596034144,-0.004662871610439101,54.8403872104262,20.7725937854942,41.54518757099024,0.010491999180188838,-0.07316864983564964
2022-01-25,2022-01-31,4,RSI_EXIT,RSI_EXIT,False,0.45345836547955126,407.473875459,415.170583309,113.78500366210938,115.35199737548828,854.8957847984784,571.6028823415545,0.032920496860841864,0.02711121127801852,0.0188888375759797,0.014031659284862164,56.41739448883058,21.370398218030132,42.74079643606194,0.03924392119845255,-0.014139999689557925
2022-04-06,2022-04-13,5,TIME_EXIT,TIME_EXIT,False,0.4086262022772523,421.793077676,413.430646948,122.80899810791016,125.47200012207033,37.39555251569982,-89.23399188913027,0.0014282804461851484,-0.004203888621528651,-0.019825907940631438,0.021254188386816586,55.92032104513112,21.18194734786306,42.363894695730394,0.007999211475301138,-0.023401991410655132
2023-02-22,2023-03-01,5,TIME_EXIT,TIME_EXIT,False,0.41202791390038507,382.01474754,378.084830108,134.33599853515625,136.31700134277344,112.82222856088265,-28.430298941329966,0.004307578140598123,-0.0013407844895785281,-0.010287344814059796,0.014594922954657918,55.94187381729995,21.190126489160193,42.380252978325615,0.006204947188105825,-0.015860511873081573
2023-04-26,2023-05-01,3,RSI_EXIT,RSI_EXIT,False,0.40381732312567137,390.383700342,398.782248183,134.08399963378906,133.802001953125,507.75075114588617,288.9620030312326,0.01936518397304665,0.013632135316462124,0.021513571989922653,-0.0021483880168760017,56.34304200121207,21.34216369697979,42.68432739395902,0.026286620654803583,-0.007724697840779671
2023-05-05,2023-05-11,4,RSI_EXIT,RSI_EXIT,False,0.4016455109999226,392.485736887,395.403632366,134.54400634765625,135.28799438476562,342.6444972708996,155.4349909034354,0.013005209101968562,0.00730792981044015,0.007434398768585426,0.005570810333383136,56.35709243648387,21.347452457277765,42.694904914556616,0.013249458515506074,-0.0011597121409215871
2023-06-26,2023-06-29,3,RSI_EXIT,RSI_EXIT,False,0.35643750292011406,416.786217452,420.003974297,143.02999877929688,143.8820037841797,362.7372091209145,170.93240581998543,0.013723217697205525,0.008021900227527468,0.007720401275914446,0.0060028164212910795,56.48018430155834,21.394082103843466,42.78816420768969,0.012576786822788621,-0.0038035394932162125
2023-07-11,2023-07-13,2,RSI_EXIT,RSI_EXIT,False,0.3528283869834267,424.329641433,431.506973318,142.20899963378906,140.1179962158203,52.04030270182193,-78.42404053258724,0.0019620778284274998,-0.0036730933884798755,0.0169145192420721,-0.014952441413644602,56.26308427349866,21.311784789617814,42.623569579243494,0.022034107252780544,-0.0027917134620381034
2023-08-07,2023-08-14,5,TIME_EXIT,TIME_EXIT,False,0.3450714477962793,432.287327523,428.424092509,142.59800720214844,144.85400390625,178.92102668211373,23.048577015106275,0.006742560004889597,0.0010805027050051486,-0.008936729735142257,0.015679289740031854,56.34557949711317,21.343058392617607,42.68611678523643,0.00616046637944323,-0.012450272378129124
2023-08-16,2023-08-23,5,TIME_EXIT,TIME_EXIT,False,0.3432073792307215,426.266075942,423.17356113,145.43699645996094,146.23800659179688,-47.50629315575861,-157.92288455165908,-0.0017872410671893046,-0.007401325603880515,-0.0072548930973825865,0.005467652030193282,56.121353702347584,21.258079016790454,42.51615803358612,0.003385664216744688,-0.02184693938833615
2023-09-08,2023-09-15,5,RSI_EXIT,"RSI_EXIT,TIME_EXIT",True,0.33545311822541646,428.616772559,432.294452991,147.70899963378906,147.3459930419922,162.11506111970448,9.439690950279328,0.006101680254978259,0.00044322735011093073,0.008580346518039628,-0.0024786662630613687,56.23855641910248,21.30251588853052,42.60503177706607,0.01338406993511021,-0.001437673880634982
2023-09-22,2023-09-29,5,TIME_EXIT,TIME_EXIT,False,0.34251641343464967,418.092177385,417.338074256,148.3209991455078,149.4980010986328,162.7836997693339,9.776112911549717,0.006117514670394231,0.0004589727106174557,-0.0018036767243927443,0.007921191394786975,56.24523176164486,21.305044515046003,42.610089030091274,0.003313813090950024,-0.023982054526128893
2023-10-23,2023-10-30,5,TIME_EXIT,"TIME_EXIT,STOP_LOSS",True,0.34954759159688326,405.678479715,399.829346467,149.802001953125,150.36599731445312,-285.3562996854671,-346.62060935895715,-0.010707494893229308,-0.0162714107072518,-0.014418150186593981,0.003710655293364673,55.78014615696238,21.128786377746344,42.25757275549523,0.011910336148484246,-0.025272283189259892
2024-01-04,2024-01-11,5,RSI_EXIT,"RSI_EXIT,TIME_EXIT",True,0.3273828312095829,454.587632772,463.605610795,142.15499877929688,144.42799377441406,960.6766357683227,643.1996026306733,0.03614446077133682,0.030317043176300018,0.01983771086778119,0.01630674990355563,56.860976819753816,21.53843996433289,43.07687992867227,0.02045923439983177,-0.004490921313219043
2024-04-05,2024-04-12,5,RSI_EXIT,"RSI_EXIT,TIME_EXIT",True,0.2807228958120288,500.947585144,500.859949015,151.58099365234375,152.96400451660156,239.95929935702225,69.96366364708229,0.00894736997808776,0.003272912526566918,-0.0001749407155537952,0.009122310693641555,56.52705967498973,21.411812709944634,42.82362541989113,0.011720551883006136,-0.010952091113877738
2024-04-16,2024-04-23,5,TIME_EXIT,TIME_EXIT,False,0.28307115964025725,491.677630219,488.600628374,153.2830047607422,154.63999938964844,68.2537224742482,-66.302757182606,0.002539298695557246,-0.0030991188901383637,-0.006258169287932547,0.008797467983489793,56.392945926049606,21.360977909208266,42.721955818417,0.0025881818860775674,-0.0224319851800856
2024-07-22,2024-07-25,3,STOP_LOSS,STOP_LOSS,False,0.25110447677892306,540.212515927,528.831908674,157.14999389648438,155.76800537109375,-798.1589453504675,-751.05439425238,-0.02967571689642068,-0.035132952845971066,-0.021066907776971733,-0.008608809119448946,55.44321137396686,21.001058277528152,42.00211655506178,0.006250943242871454,-0.0286050464832015
2024-07-25,2024-08-01,5,RSI_EXIT,"RSI_EXIT,TIME_EXIT",True,0.2565111176516152,528.831908674,539.792459178,155.76800537109375,152.6699981689453,11.350139946105628,-110.2156686401213,0.0004251547755764751,-0.005201372576716379,0.020725962870664416,-0.02030080809508794,55.7953871689148,21.13461859775432,42.26923719551049,0.024460153777771776,-0.007700361512053555
2024-08-06,2024-08-13,5,RSI_EXIT,"RSI_EXIT,TIME_EXIT",True,0.28578039622909185,507.213639275,524.123365588,145.58399963378906,147.04200744628906,1166.419924848993,800.2984258018514,0.04368724084577891,0.03781740162809677,0.03333846924378925,0.01034877160198966,56.927318450810276,21.563608680203902,43.12721736041414,0.043890827592858894,-0.0030985046734310906
2024-09-09,2024-09-12,3,RSI_EXIT,RSI_EXIT,False,0.279214972074793,532.055599999,542.176037006,143.39300537109375,142.23399353027344,291.0939706803474,108.94935701787472,0.010784880341471625,0.005100088481354126,0.01902138988297275,-0.008236509541501125,56.54081517880128,21.417032881831638,42.834065763666686,0.026568327880039933,-0.00910648136924841
2024-10-28,2024-10-31,3,RSI_EXIT,RSI_EXIT,False,0.24616660527825773,570.853657316,563.974957954,151.7830047607422,153.2740020751953,-63.46436216703296,-170.17360710869252,-0.002344999004471382,-0.007955946634543909,-0.012049847231147992,0.00970484822667661,56.24342290571967,21.30431435391171,42.60862870783373,0.0007698269030222971,-0.02475896522619403
2024-11-01,2024-11-07,4,RSI_EXIT,RSI_EXIT,False,0.2481953671763714,559.820301929,581.142310208,153.20399475097656,151.43499755859375,705.9696361813003,433.9800714596495,0.02610077754075535,0.020329846988397238,0.038087236574896766,-0.011986459034141417,56.93044538343162,21.564701546393593,43.12940309278923,0.043814016816569046,-0.0065003904969860304
2024-11-18,2024-11-25,5,RSI_EXIT,"RSI_EXIT,TIME_EXIT",True,0.23804480805931885,574.420390318,587.452683982,156.46800231933594,154.21800231933594,217.29217843804872,49.616077586742904,0.007981543160219706,0.002312517650290946,0.02268772815809217,-0.014706184997872462,56.708333375119956,21.48047200021098,42.9609440004286,0.024461328750982947,-0.004233682004529782
2024-12-19,2024-12-27,5,RSI_EXIT,"RSI_EXIT,TIME_EXIT",True,0.2405646918320169,579.456930877,587.482725384,153.57200622558594,157.13299560546875,1019.1157821771958,676.7781657585911,0.03735945895704562,0.031525208046701,0.013850545362971367,0.023508913594074254,57.570859638788065,21.80734374533291,43.61468749067079,0.021721419255515295,-0.01485826971941262
2025-01-03,2025-01-10,4,RSI_EXIT,RSI_EXIT,False,0.2368276084653029,577.641205016,576.018976383,157.718994140625,158.19200134277344,5.018261966375576,-117.7682361464831,0.00018226066620008474,-0.005442900616533075,-0.002808367233696596,0.0029906278998966807,56.966295201001785,21.578143104711643,43.15628620942736,0.02020373402125264,-0.015776437688541978
2025-01-14,2025-01-16,2,RSI_EXIT,RSI_EXIT,False,0.23753531269923456,574.524559704,584.174362143,157.88699340820312,158.0500030517578,491.3823724991198,261.9150441758866,0.01784593920265598,0.012121434985618018,0.016796153055618213,0.0010497861470377678,57.39091533574212,21.739079212514824,43.47815842503958,0.016587332317281378,-0.01077936628976639
2025-02-24,2025-02-28,4,STOP_LOSS,STOP_LOSS,False,0.24439049435312984,591.887321913,575.704362346,149.4080047607422,148.83799743652344,-858.8239566152297,-791.1012902493931,-0.03105208011105054,-0.036501575206388304,-0.027341284342256467,-0.003710795768794073,56.17056576568526,21.2765616814377,42.553123362878196,0.0011770965789921206,-0.03300733275198475
2025-02-28,2025-03-07,5,TIME_EXIT,"TIME_EXIT,STOP_LOSS",True,0.24992089861604158,575.704362346,561.291106741,148.83799743652344,148.8979949951172,-676.2694564307203,-647.0161376970755,-0.024642848761579406,-0.030128390247117554,-0.02503586310561534,0.0003930143440359357,55.83907061214066,21.15103117966538,42.30206235933191,0.019607690519042764,-0.0345185355282871
2025-05-27,2025-05-30,3,RSI_EXIT,RSI_EXIT,False,0.2574060302979007,577.938633322,580.758952552,142.86700439453125,145.69700622558594,675.9876271922949,405.4207217992298,0.02478527401485664,0.019021742033531464,0.004879963143818111,0.01990531087103853,56.80448527935209,21.51698217863818,43.03396435728294,0.01165995226892047,-0.013529220851723367
2025-08-04,2025-08-11,5,RSI_EXIT,"RSI_EXIT,TIME_EXIT",True,0.22888239007396005,618.813331897,630.474126219,150.77200317382812,146.83700561523438,-212.5989987260764,-285.4084400388929,-0.007746998439043806,-0.013327564488414434,0.018843799447974652,-0.026590797887018458,56.158049063003304,21.271946922802844,42.543893845606185,0.020714889092621425,-0.0006435240351102545
2025-08-21,2025-08-25,2,RSI_EXIT,RSI_EXIT,False,0.22893334836742643,629.307057746,636.982016519,147.7310028076172,148.38600158691406,456.95966215281805,234.04735747338054,0.016683687770143507,0.010965720213488295,0.012195888602440697,0.004487799167702811,56.656954862460424,21.461056522801304,42.92211304560491,0.01555433385277838,-0.004379748896030544
2025-10-13,2025-10-20,5,RSI_EXIT,"RSI_EXIT,TIME_EXIT",True,0.21293741398777374,655.221638466,661.83683309,152.96499633789062,150.1199951171875,-239.02754836909662,-305.3207665947084,-0.008690694922349973,-0.014265953494144501,0.01009611745956307,-0.018786812381913043,56.09780514353142,21.249122246072304,42.49824449215069,0.01698942400423853,-0.011816274561642581
2025-11-05,2025-11-12,5,RSI_EXIT,"RSI_EXIT,TIME_EXIT",True,0.2060047675798124,669.433893183,679.163287376,154.20399475097656,154.14599609375,388.39374243925704,180.16937045958912,0.014152181138462394,0.008448451119955402,0.014533763963965107,-0.00038158282550271316,56.53862977749848,21.416222882158344,42.83244576431814,0.014278484035789907,-0.020897563307547773
2025-11-18,2025-11-25,5,TIME_EXIT,TIME_EXIT,False,0.20993866674541511,656.654765337,663.136069216,154.5850067138672,156.68800354003906,650.2090573933347,381.50438512582696,0.023608605087389822,0.017851690852403124,0.009870184792877934,0.013738420294511888,56.923922616533,21.562217678938893,43.12443535788418,0.020808288792851348,-0.017475229942587434
2025-12-18,2025-12-23,3,RSI_EXIT,RSI_EXIT,False,0.20579337760150537,672.032365435,680.305107327,154.7779998779297,157.67599487304688,866.1320277041814,546.6163524571966,0.031264081479949635,0.025464111802872003,0.012310034929114089,0.018954046550835546,57.39417171298467,21.740383865863596,43.480767731735355,0.01813604549777237,-0.004482410507564594
2026-01-02,2026-01-07,3,RSI_EXIT,RSI_EXIT,False,0.20191800279320732,682.085646195,688.531395837,156.41299438476562,156.62600708007812,302.23108827572287,111.03349116402023,0.010824789331286944,0.0051397730175741785,0.009450059062168448,0.001374730269118496,57.178633931053994,21.65863175573579,43.31726351147533,0.011525562413479795,-0.009085094472225386
2026-01-21,2026-01-28,5,RSI_EXIT,"RSI_EXIT,TIME_EXIT",True,0.20170533244623262,676.057676622,693.365708069,158.177001953125,154.33599853515625,19.507214041921543,-106.66602078933283,0.0006967899340641903,-0.004931265131362772,0.025601412491137676,-0.024904622557073486,56.96388473281169,21.577232822847826,43.15446564569916,0.02625065014658179,-0.002735077691026988
2026-02-05,2026-02-12,5,RSI_EXIT,"RSI_EXIT,TIME_EXIT",True,0.20414408651786609,677.340858263,690.570560462,155.7989959716797,154.48199462890625,305.58598738449655,112.94501214471165,0.010913508933950933,0.005227993649107088,0.01953182365659556,-0.008618314722644627,57.184045554874544,21.66068209401343,43.32136418803271,0.023279002847134134,-0.008059045049909619
2026-02-17,2026-02-23,4,RSI_EXIT,RSI_EXIT,False,0.2086966879457464,676.545086703,684.194440831,152.7790069580078,155.16000366210938,759.9709599041344,460.56784901826904,0.027067283024975408,0.021290916714113095,0.01130649572119058,0.01576078730378483,57.71851911237519,21.86322139035788,43.726442780724625,0.0140781933555858,-0.006906991413641594
2026-03-09,2026-03-16,5,TIME_EXIT,TIME_EXIT,False,0.20767312395743906,662.867763001,664.847244759,157.53399658203125,159.20599365234375,385.3228753784824,172.47098692328655,0.013631497393357117,0.007930695771162677,0.002986239290078574,0.010645258103278543,57.64132331229829,21.833908491499617,43.66781698300141,0.02495309166580828,-0.008044110418978123
2026-06-08,2026-06-11,3,STOP_LOSS,STOP_LOSS,False,0.18317524903508642,741.450314106,726.88782139,159.99000549316406,160.38400268554688,-488.5964323931039,-495.8083752339735,-0.01722628226148415,-0.02275353552733217,-0.019640551010567164,0.002414268749083015,56.870974334153715,21.541942154736592,43.08388430948075,0.004260030984139407,-0.028426488434463493
2026-06-11,2026-06-15,2,RSI_EXIT,RSI_EXIT,False,0.18532575160845335,726.88782139,749.918503364,160.38400268554688,160.1300048828125,848.6530985850259,525.5616921169785,0.030050093493922514,0.024256951450652542,0.031683956308360406,-0.001633862814437892,57.895083165219646,21.93011805618155,43.86023611236749,0.03779275629165246,-0.006472667942005739
2026-06-24,2026-07-01,5,RSI_EXIT,"RSI_EXIT,TIME_EXIT",True,0.1829959174686787,735.17,745.0,161.57000732421875,161.92300415039062,443.44866896793974,215.21589502344068,0.01558506180419772,0.009873273069634037,0.013371057034427425,0.0022140047697702947,57.831346651382816,21.90589781675486,43.81179563351515,0.018894228226284282,-0.02577378149887455
2026-07-20,2026-07-27,5,TIME_EXIT,TIME_EXIT,False,0.1796318063910672,747.06,744.91,162.37600708007812,163.83200073242188,173.1867734904663,8.845825320149743,0.006063048688988548,0.0004048130533109706,-0.0028779482237035747,0.008940996912692123,57.70034789141677,21.856225411821992,43.71245082364955,0.003460468250601645,-0.01635400274322707
2026-07-29,2026-07-31,2,RSI_EXIT,RSI_EXIT,False,0.17982638953031144,739.97,744.68,163.77099609375,163.3000030517578,99.29391567743005,-47.483248681757686,0.0034708926626643155,-0.0021727643344076064,0.0063651229103880436,-0.002894230247723728,57.63165885212781,21.8301927173694,43.66038543474251,0.011555522021412967,-0.015182193624190043
