month,date,equity_jpy,return,year
2013-07,2013-07-31,300000.0,,2013
2013-08,2013-08-30,296507.18235299154,-0.011642725490028205,2013
2013-09,2013-09-30,299996.18580616487,0.011767011596433008,2013
2013-10,2013-10-31,308314.156237715,0.027726920624666196,2013
2013-11,2013-11-29,319205.86200838094,0.03532664832382282,2013
2013-12,2013-12-31,326575.6615492564,0.02308792042384855,2013
2014-01,2014-01-31,313555.55177273875,-0.039868585781166366,2014
2014-02,2014-02-28,324625.0824515506,0.03530325205925511,2014
2014-03,2014-03-31,324982.9644759961,0.0011024472346461422,2014
2014-04,2014-04-30,325956.88694047974,0.0029968415915400115,2014
2014-05,2014-05-30,329625.5507885695,0.011255058552450903,2014
2014-06,2014-06-30,335153.7143570693,0.01677104082275971,2014
2014-07,2014-07-31,336909.5735833728,0.00523896693095538,2014
2014-08,2014-08-29,352175.109980328,0.045310485643345944,2014
2014-09,2014-09-30,366418.66918405105,0.04044453682294202,2014
2014-10,2014-10-31,374076.0210600378,0.020897821317451548,2014
2014-11,2014-11-28,414221.55579038925,0.10731918773245352,2014
2014-12,2014-12-31,418020.1650254636,0.009170476963291208,2014
2015-01,2015-01-30,412476.8073157877,-0.013260981582881914,2015
2015-02,2015-02-27,431318.8497378493,0.045680246956615767,2015
2015-03,2015-03-31,427880.444495708,-0.007971840888083559,2015
2015-04,2015-04-30,426211.61078119406,-0.0039002336656931424,2015
2015-05,2015-05-29,448828.2975484437,0.05306445482748812,2015
2015-06,2015-06-30,435648.42277114326,-0.029365070895241208,2015
2015-07,2015-07-31,450581.8398999205,0.03427859794323673,2015
2015-08,2015-08-31,421739.1357088153,-0.06401213195256938,2015
2015-09,2015-09-30,412008.53749294934,-0.0230725521820776,2015
2015-10,2015-10-30,427298.3305611949,0.03711037922001137,2015
2015-11,2015-11-30,430065.85976139683,0.006476807893368353,2015
2015-12,2015-12-31,417337.0704657959,-0.029597302382158186,2015
2016-01,2016-01-29,404251.7138888716,-0.031354407511222426,2016
2016-02,2016-02-29,395239.9607813454,-0.022292430181269585,2016
2016-03,2016-03-31,401546.7714697416,0.01595691558092538,2016
2016-04,2016-04-29,392864.66006356524,-0.02162166906335239,2016
2016-05,2016-05-31,399442.35692774825,0.016742908010913382,2016
2016-06,2016-06-30,387716.32468627667,-0.029356006037167925,2016
2016-07,2016-07-29,397675.121453232,0.025685781415094144,2016
2016-08,2016-08-31,386606.6579055279,-0.027832929319934308,2016
2016-09,2016-09-30,382068.78261534544,-0.011737706005289117,2016
2016-10,2016-10-31,384721.2722111151,0.006942439991073801,2016
2016-11,2016-11-30,402682.1905297849,0.046685534739066226,2016
2016-12,2016-12-30,414748.13813244493,0.029963946472987946,2016
2017-01,2017-01-31,412486.5669691694,-0.005452878398584438,2017
2017-02,2017-02-28,424477.0653929394,0.02906882159065849,2017
2017-03,2017-03-31,422112.42174392875,-0.005570721817023672,2017
2017-04,2017-04-28,425818.978978288,0.008780971711388919,2017
2017-05,2017-05-31,431695.5814572738,0.013800705861176432,2017
2017-06,2017-06-30,434352.7048420557,0.0061550858959738,2017
2017-07,2017-07-31,437286.50786028244,0.006754425575163703,2017
2017-08,2017-08-31,442277.54702832014,0.011413659187564873,2017
2017-09,2017-09-29,452941.1983731615,0.02411076803805856,2017
2017-10,2017-10-31,465093.5014043072,0.026829758641504498,2017
2017-11,2017-11-30,471881.9700016994,0.01459592227561779,2017
2017-12,2017-12-29,479860.84324247896,0.016908620689090492,2017
2018-01,2018-01-31,483231.2286660357,0.007023672531358605,2018
2018-02,2018-02-28,464208.47867582913,-0.039365729824041074,2018
2018-03,2018-03-29,454744.1200393514,-0.02038816409272648,2018
2018-04,2018-04-30,460479.88442545885,0.012613168886298265,2018
2018-05,2018-05-31,469013.45065244683,0.018531897951710397,2018
2018-06,2018-06-29,478182.58098420565,0.019549823824889456,2018
2018-07,2018-07-31,491729.5321666793,0.0283300808544531,2018
2018-08,2018-08-31,506429.772676507,0.02989497182537515,2018
2018-09,2018-09-28,518844.6634566721,0.024514535775714386,2018
2018-10,2018-10-31,489427.8753025796,-0.05669671527140807,2018
2018-11,2018-11-30,497593.6874703119,0.016684403524592772,2018
2018-12,2018-12-31,456896.4009358076,-0.08178818895674278,2018
2019-01,2019-01-31,463465.9175600366,0.014378569432311972,2019
2019-02,2019-02-28,476814.314275289,0.02880124774983761,2019
2019-03,2019-03-29,484087.7377139044,0.015254205297234646,2019
2019-04,2019-04-30,502256.8618078249,0.0375327088013504,2019
2019-05,2019-05-31,472376.1135347079,-0.05949296175977392,2019
2019-06,2019-06-28,487523.2984582727,0.032065941713735446,2019
2019-07,2019-07-31,494298.73751843977,0.013897672340159817,2019
2019-08,2019-08-30,497675.7183395637,0.006831862120622922,2019
2019-09,2019-09-30,502413.29875488224,0.00951941242205856,2019
2019-10,2019-10-31,512542.1611743081,0.020160418612580333,2019
2019-11,2019-11-29,521014.6889296054,0.016530401588594312,2019
2019-12,2019-12-31,530809.5938889997,0.01879967142484462,2019
2020-01,2020-01-31,538859.0402228674,0.01516447032332846,2020
2020-02,2020-02-28,511217.0596513107,-0.05129723825385624,2020
2020-03,2020-03-31,472240.99343165394,-0.07624171667166468,2020
2020-04,2020-04-30,494046.68345171376,0.04617491984675759,2020
2020-05,2020-05-29,513441.1255839198,0.039256294560474636,2020
2020-06,2020-06-30,520805.5384830093,0.014343247028983486,2020
2020-07,2020-07-31,538413.8976202625,0.03380985384399393,2020
2020-08,2020-08-31,562546.1121876165,0.044820935481078905,2020
2020-09,2020-09-30,545884.7973259919,-0.029617687333812426,2020
2020-10,2020-10-30,528786.2728078587,-0.031322587846172145,2020
2020-11,2020-11-30,552624.5515031961,0.04508112241408235,2020
2020-12,2020-12-31,565835.9737157424,0.023906687056537423,2020
2021-01,2021-01-29,558481.0904903244,-0.012998260215093316,2021
2021-02,2021-02-26,570883.9058570756,0.02220812052179233,2021
2021-03,2021-03-31,609492.8934277617,0.06763019096277012,2021
2021-04,2021-04-30,627706.2558984364,0.02988281351115263,2021
2021-05,2021-05-28,639461.8444308921,0.01872784988518239,2021
2021-06,2021-06-30,656740.5926931256,0.027020765058486385,2021
2021-07,2021-07-30,668618.5443157051,0.018086215097305125,2021
2021-08,2021-08-31,686931.8076753558,0.027389703015780587,2021
2021-09,2021-09-30,666085.919960874,-0.030346371330549293,2021
2021-10,2021-10-29,713813.1617512042,0.07165328129610304,2021
2021-11,2021-11-30,712663.4953547835,-0.0016105984843431953,2021
2021-12,2021-12-31,745959.3076512668,0.04672024386475382,2021
2022-01,2022-01-31,704986.3302395685,-0.05492655831416082,2022
2022-02,2022-02-28,690043.759259116,-0.02119554711844507,2022
2022-03,2022-03-31,745071.8850806364,0.07974584956844288,2022
2022-04,2022-04-29,737316.2067179121,-0.010409302133155718,2022
2022-05,2022-05-31,716182.6319007364,-0.028662837768411054,2022
2022-06,2022-06-30,727828.4700886435,0.016260989402939297,2022
2022-07,2022-07-29,740516.5205843898,0.017432748260316044,2022
2022-08,2022-08-31,735435.2815177115,-0.006861749772534953,2022
2022-09,2022-09-30,713416.1897761329,-0.02994021675998182,2022
2022-10,2022-10-31,752051.5933533335,0.05415549034473721,2022
2022-11,2022-11-30,751175.2091246478,-0.0011653246086189561,2022
2022-12,2022-12-30,700015.0564312022,-0.06810681725381085,2022
2023-01,2023-01-31,716002.3528089311,0.02283850358767281,2023
2023-02,2023-02-28,719597.5687845643,0.0050212348626073044,2023
2023-03,2023-03-31,737098.7714069353,0.0243208195546456,2023
2023-04,2023-04-28,750346.9641619594,0.017973429435700572,2023
2023-05,2023-05-31,784256.1676674739,0.04519136496192355,2023
2023-06,2023-06-30,837748.8238870068,0.06820814221790594,2023
2023-07,2023-07-31,834486.8391888449,-0.003893750256821482,2023
2023-08,2023-08-31,857446.7109076679,0.027513761320838714,2023
2023-09,2023-09-29,838966.7329076624,-0.02155233411583457,2023
2023-10,2023-10-31,830560.5623467605,-0.0100196709013336,2023
2023-11,2023-11-30,873078.1841807562,0.051191476891054855,2023
2023-12,2023-12-29,869227.5773794893,-0.004410380274110337,2023
2024-01,2024-01-31,919377.2830519571,0.057694563515411135,2024
2024-02,2024-02-29,974758.5836006498,0.06023783877370703,2024
2024-03,2024-03-28,1008453.9423373363,0.034567901533341105,2024
2024-04,2024-04-30,1006339.4122735133,-0.002096803805359815,2024
2024-05,2024-05-31,1052839.73145832,0.046207391480130644,2024
2024-06,2024-06-28,1109739.0414516141,0.054043657636743125,2024
2024-07,2024-07-31,1072089.1509886903,-0.03392679635175777,2024
2024-08,2024-08-30,1045617.5787231079,-0.02469157741328698,2024
2024-09,2024-09-30,1050236.8697556253,0.004417763364459093,2024
2024-10,2024-10-31,1121535.197116971,0.06788785407803855,2024
2024-11,2024-11-29,1151462.083974321,0.026683858816272776,2024
2024-12,2024-12-31,1160733.542909677,0.0080519011996949,2024
2025-01,2025-01-31,1177644.977970934,0.01456961002338586,2025
2025-02,2025-02-28,1154135.4245892745,-0.019963192491311066,2025
2025-03,2025-03-31,1146045.113340787,-0.007009845704516571,2025
2025-04,2025-04-30,1098980.0037245813,-0.04106741442228923,2025
2025-05,2025-05-30,1124291.5323117408,0.023031837250337084,2025
2025-06,2025-06-30,1158591.210380398,0.030507814995396343,2025
2025-07,2025-07-31,1198498.6433117737,0.03444479172103598,2025
2025-08,2025-08-29,1208948.7357065845,0.008719319336010667,2025
2025-09,2025-09-30,1282695.3634651643,0.06100062441066023,2025
2025-10,2025-10-31,1350569.5639996072,0.0529152926467924,2025
2025-11,2025-11-28,1394460.9242325258,0.032498407636951,2025
2025-12,2025-12-31,1398918.8971236388,0.003196914889219027,2025
2026-01,2026-01-30,1417943.612780561,0.013599584433407585,2026
2026-02,2026-02-27,1479932.8063729797,0.043717671869094366,2026
2026-03,2026-03-31,1425019.7603996322,-0.03710509405351203,2026
2026-04,2026-04-30,1502615.1962169926,0.05445218233015914,2026
2026-05,2026-05-29,1540623.64242006,0.025294863447912652,2026
2026-06,2026-06-30,1530720.400401012,-0.006428073506318244,2026
2026-07,2026-07-31,1501054.742406898,-0.019380193787410405,2026
2026-08,2026-08-10,1528647.402158666,0.018382180857390962,2026
