signal_date,selected,JPY_CASH_weight,retained_previous,data_valid,SPY_weight,QQQ_weight,GLD_weight,IEF_weight,SPY_risk_contribution,SPY_annual_volatility,GLD_risk_contribution,GLD_annual_volatility,IEF_risk_contribution,IEF_annual_volatility
2007-01-31,,1.0,False,False,0.0,0.0,0.0,0.0,,,,,,
2007-02-28,,1.0,False,False,0.0,0.0,0.0,0.0,,,,,,
2007-03-30,,1.0,False,False,0.0,0.0,0.0,0.0,,,,,,
2007-04-30,"SPY,GLD,IEF",0.0,False,True,0.2916227346198503,0.0,0.2583772653801497,0.45,0.39993033001763356,0.20781098168998388,0.38386211091877714,0.23455007419211046,0.2162075590635893,0.08034721685164968
2007-05-31,"SPY,GLD,IEF",0.0,True,True,0.2916227346198503,0.0,0.2583772653801497,0.45,0.40558386599721613,0.16533395569799958,0.3649758098870634,0.18183791871877897,0.22944032411572043,0.06874574085916207
2007-06-29,"SPY,GLD,IEF",0.0,True,True,0.2916227346198503,0.0,0.2583772653801497,0.45,0.4126883242813522,0.13659209525205654,0.35372807725639566,0.14824385433777304,0.23358359846225216,0.05968343273798957
2007-07-31,"SPY,GLD,IEF",0.0,True,True,0.2916227346198503,0.0,0.2583772653801497,0.45,0.47589899767765453,0.18681376858041657,0.3103318449855585,0.15242495400709397,0.21376915733678697,0.06640469897339762
2007-08-31,"SPY,GLD,IEF",0.0,False,True,0.2311399009430554,0.0,0.3188600990569446,0.45,0.38568604354373764,0.26083765760825967,0.3895849147687971,0.1890797579255116,0.2247290416874652,0.08307545540075699
2007-09-28,"SPY,GLD,IEF",0.0,True,True,0.2311399009430554,0.0,0.3188600990569446,0.45,0.3944654899990504,0.2742899615230553,0.37661880609083276,0.1945974261645744,0.22891570391011679,0.0932788815533792
2007-10-31,"SPY,GLD,IEF",0.0,True,True,0.2311399009430554,0.0,0.3188600990569446,0.45,0.38280077483018404,0.25884872405780607,0.3988092386725353,0.20326519570932872,0.21838998649728059,0.09272273977445059
2007-11-30,"SPY,GLD,IEF",0.0,True,True,0.2311399009430554,0.0,0.3188600990569446,0.45,0.3774592593801323,0.2866959923348977,0.4230772523526476,0.2467888223467684,0.1994634882672202,0.10445937019074097
2007-12-31,"SPY,GLD,IEF",0.0,True,True,0.2311399009430554,0.0,0.3188600990569446,0.45,0.377161312468633,0.28659785665234844,0.4771364439840759,0.263284816832176,0.14570224354729125,0.0893873819519377
2008-01-31,"SPY,GLD,IEF",0.0,True,True,0.2311399009430554,0.0,0.3188600990569446,0.45,0.3873182068957569,0.32439577797198926,0.4280668892276238,0.27135449141251156,0.18461490387661922,0.11212679176732879
2008-02-29,"SPY,GLD,IEF",0.0,True,True,0.2311399009430554,0.0,0.3188600990569446,0.45,0.40922669066923395,0.2751994070292034,0.39014672121660693,0.21525218109984717,0.20062658811415904,0.10599649591681437
2008-03-31,"SPY,GLD,IEF",0.0,True,True,0.2311399009430554,0.0,0.3188600990569446,0.45,0.43983281472598157,0.343201198143199,0.3573156838032349,0.24615590250837383,0.20285150147078365,0.11535048467338752
2008-04-30,"SPY,GLD,IEF",0.0,True,True,0.2311399009430554,0.0,0.3188600990569446,0.45,0.33312930874329416,0.36929013935191485,0.33793542971833385,0.29164153647176577,0.32893526153837205,0.18852270100680046
2008-05-30,"SPY,GLD,IEF",0.0,True,True,0.2311399009430554,0.0,0.3188600990569446,0.45,0.2956364338596241,0.38102163202238576,0.338280142497464,0.324395266913876,0.3660834236429118,0.2270512871677372
2008-06-30,"SPY,GLD,IEF",0.0,True,True,0.2311399009430554,0.0,0.3188600990569446,0.45,0.2653025860988841,0.31676256849712325,0.32350582778192344,0.27914803409707784,0.4111915861191925,0.21652181070180906
2008-07-31,"SPY,GLD,IEF",0.0,True,True,0.2311399009430554,0.0,0.3188600990569446,0.45,0.3045847828495661,0.3013664438604899,0.3027833462727889,0.2269840363566761,0.39263187087764495,0.16211386490925478
2008-08-29,"SPY,GLD,IEF",0.0,True,True,0.2311399009430554,0.0,0.3188600990569446,0.45,0.37024729331238965,0.2813123090190538,0.32378233346243346,0.21490130335076382,0.3059703732251768,0.10439575187501307
2008-09-30,"SPY,GLD,IEF",0.0,True,True,0.2311399009430554,0.0,0.3188600990569446,0.45,0.42109326938616726,0.4520596689882198,0.3685852082259682,0.34487479620177247,0.21032152238786453,0.12102825488316987
2008-10-31,"SPY,GLD,IEF",0.0,True,True,0.2311399009430554,0.0,0.3188600990569446,0.45,0.39480315459283005,0.8466692272166546,0.3078105865805901,0.5369993725164087,0.2973862588265799,0.31397703000108285
2008-11-28,"SPY,GLD,IEF",0.0,True,True,0.2311399009430554,0.0,0.3188600990569446,0.45,0.40733713633825713,0.9628961761060799,0.3306859236402035,0.6107769984000505,0.2619769400215394,0.3212406455082014
2008-12-31,"SPY,GLD,IEF",0.0,True,True,0.2311399009430554,0.0,0.3188600990569446,0.45,0.3286536412658447,1.081452058650829,0.33098828073207986,0.7692129898400836,0.34035807800207535,0.5587734894991866
2009-01-30,"SPY,GLD,IEF",0.0,True,True,0.2311399009430554,0.0,0.3188600990569446,0.45,0.30557229254252827,0.8369014835310684,0.34938576746314204,0.6666501577292632,0.34504193999432964,0.47746214093997386
2009-02-27,"SPY,GLD,IEF",0.0,True,True,0.2311399009430554,0.0,0.3188600990569446,0.45,0.2803483121042794,0.719806570758336,0.3375281611362507,0.6035077163147717,0.3821235267594699,0.4772831399144776
2009-03-31,"SPY,GLD,IEF",0.0,True,True,0.2311399009430554,0.0,0.3188600990569446,0.45,0.43675972213264547,0.4755804166909978,0.3139498439272435,0.28069701785113593,0.24929043394011108,0.15201278771709517
2009-04-30,"SPY,GLD,IEF",0.0,True,True,0.2311399009430554,0.0,0.3188600990569446,0.45,0.44019586530422566,0.4444948791063662,0.2870892395242493,0.23703151503805145,0.27271489517152503,0.13705223926278853
2009-05-29,"SPY,GLD,IEF",0.0,False,True,0.1701671936738133,0.0,0.3798328063261867,0.45,0.3481648420561175,0.4201313878656833,0.3451164551461954,0.18822118062648982,0.3067187027976871,0.13206212747179769
2009-06-30,"SPY,GLD,IEF",0.0,True,True,0.1701671936738133,0.0,0.3798328063261867,0.45,0.35168897833351714,0.329827246598259,0.3705851007574553,0.17049115293632092,0.2777259209090274,0.11413455838034574
2009-07-31,"SPY,GLD,IEF",0.0,True,True,0.1701671936738133,0.0,0.3798328063261867,0.45,0.33039429610928644,0.3027031951742204,0.4260532043150239,0.1856856546433089,0.2435524995756896,0.11318212775129911
2009-08-31,"SPY,GLD,IEF",0.0,False,True,0.23289297296859343,0.0,0.3171070270314067,0.45,0.4181879548838182,0.2587282158991672,0.38365929068754445,0.1900178118274538,0.1981527544286373,0.09913710991306895
2009-09-30,"SPY,GLD,IEF",0.0,True,True,0.23289297296859343,0.0,0.3171070270314067,0.45,0.3936897948456249,0.23230000772473,0.4225605851081523,0.18421804293658953,0.1837496200462229,0.08479869739209442
2009-10-30,"SPY,GLD,IEF",0.0,True,True,0.23289297296859343,0.0,0.3171070270314067,0.45,0.40678500298667775,0.23135755023796495,0.3903515334533165,0.16891057770164955,0.20286346356000565,0.09044241115684346
2009-11-30,"SPY,GLD,IEF",0.0,True,True,0.23289297296859343,0.0,0.3171070270314067,0.45,0.3945467008894163,0.21999611910688438,0.4068427929505185,0.1696358747861242,0.1986105061600653,0.08208131793592147
2010-01-29,"SPY,GLD,IEF",0.0,True,True,0.23289297296859343,0.0,0.3171070270314067,0.45,0.3516868421119649,0.23081040688422816,0.4666297604944758,0.23682472837707264,0.18168339739355924,0.08777472136901221
2010-02-26,"SPY,GLD,IEF",0.0,False,True,0.29689465814339944,0.0,0.25310534185660066,0.45,0.4279051769693213,0.22463498708240906,0.3902311697280606,0.263498696659924,0.18186365330261822,0.0874145034158736
2010-03-31,"SPY,GLD,IEF",0.0,True,True,0.29689465814339944,0.0,0.25310534185660066,0.45,0.43114225477762935,0.2003546665797142,0.389999451811503,0.2286839486163843,0.17885829341086762,0.07394640130727302
2010-04-30,"SPY,GLD,IEF",0.0,True,True,0.29689465814339944,0.0,0.25310534185660066,0.45,0.4610485624661167,0.2057218426336926,0.3832808407316494,0.208665844417164,0.15567059680223377,0.062251793010137134
2010-06-30,"SPY,GLD,IEF",0.0,False,True,0.1883347319353093,0.0,0.36166526806469074,0.45,0.4021583043265641,0.34665703444706153,0.3906560205702899,0.18051929621397514,0.20718567510314592,0.08803167789640694
2010-07-30,"SPY,GLD,IEF",0.0,True,True,0.1883347319353093,0.0,0.36166526806469074,0.45,0.38558566246396125,0.35815365055024706,0.41197802880871076,0.19684977176717497,0.20243630872732796,0.09103222197819996
2010-08-31,"SPY,GLD,IEF",0.0,True,True,0.1883347319353093,0.0,0.36166526806469074,0.45,0.2664164407212586,0.2579034281341175,0.44914224605616,0.16857432401122888,0.2844413132225813,0.10802046091081208
2010-09-30,"SPY,GLD,IEF",0.0,False,True,0.24726080857736604,0.0,0.3171872471523801,0.43555194427025384,0.30518535115980083,0.22215186124776,0.37521815393543345,0.17317672552168936,0.3195964949047657,0.12611457614112961
2010-10-29,"SPY,GLD,IEF",0.0,True,True,0.24726080857736604,0.0,0.3171872471523801,0.43555194427025384,0.2483599813554723,0.18069658196453317,0.37441974489522395,0.16093945672028034,0.37722027374930367,0.13062035967756652
2010-11-30,"SPY,GLD,IEF",1.1102230246251565e-16,False,True,0.3248751684259112,0.0,0.2668757880439357,0.408249043530153,0.3165793640633621,0.16286887976939413,0.3589090056407674,0.1982647250776848,0.3245116302958704,0.12960729629367362
2010-12-31,"SPY,GLD,IEF",1.1102230246251565e-16,True,True,0.3248751684259112,0.0,0.2668757880439357,0.408249043530153,0.2894309914207094,0.13891096811796447,0.3725874942393842,0.19448027883926933,0.3379815143399063,0.12757978469447748
2011-01-31,"SPY,GLD,IEF",0.0,False,True,0.38738496373126946,0.0,0.25872257155961853,0.35389246470911206,0.3122033909225724,0.13246884656982855,0.3494463894477104,0.19834542852072368,0.33835021962971723,0.1450057416909302
2011-02-28,"SPY,GLD,IEF",0.0,True,True,0.38738496373126946,0.0,0.25872257155961853,0.35389246470911206,0.36743927981845304,0.13759983666551115,0.28354956794924524,0.16082058228945656,0.3490111522323017,0.13240970996073545
2011-03-31,"SPY,GLD,IEF",0.0,False,True,0.31229684270226415,0.0,0.2991082907213093,0.3885948665764265,0.30926924639316244,0.17060912392297423,0.3494225442146512,0.17813177497974422,0.34130820939218626,0.13711115436689705
2011-04-29,"SPY,GLD,IEF",0.0,True,True,0.31229684270226415,0.0,0.2991082907213093,0.3885948665764265,0.3470457854637101,0.17833547162857757,0.3381840615916315,0.17390417381530715,0.3147701529446583,0.12767468913970392
2011-05-31,"SPY,GLD,IEF",0.0,True,True,0.31229684270226415,0.0,0.2991082907213093,0.3885948665764265,0.34826598220841143,0.16935722327294117,0.3651795046952284,0.1785239233284173,0.28655451309636026,0.12151087692821157
2011-06-30,"SPY,GLD,IEF",0.0,True,True,0.31229684270226415,0.0,0.2991082907213093,0.3885948665764265,0.3426414198687308,0.14644819390441205,0.3975274238135278,0.16031829653880247,0.2598311563177414,0.10884062506044379
2011-07-29,"SPY,GLD,IEF",0.0,True,True,0.31229684270226415,0.0,0.2991082907213093,0.3885948665764265,0.3170708457706363,0.15885801635217614,0.42819852957962173,0.18847051462842565,0.2547306246497418,0.11651255680453738
2011-08-31,"SPY,GLD,IEF",0.0,False,True,0.24782486699915401,0.0,0.302175133000846,0.45,0.2453000607644082,0.3345098570786456,0.450998843928164,0.27434375561336904,0.3037010953074278,0.13376949108508104
2011-09-30,"SPY,GLD,IEF",0.0,True,True,0.24782486699915401,0.0,0.302175133000846,0.45,0.23626625955860744,0.3653658659873558,0.5343147467371554,0.3311374694632147,0.22941899370423727,0.12864544209872467
2011-10-31,"SPY,GLD,IEF",0.0,True,True,0.24782486699915401,0.0,0.302175133000846,0.45,0.26113323511091424,0.3845176826506688,0.5656146509614377,0.3136763692898955,0.17325211392764814,0.12962546827445276
2011-11-30,"SPY,GLD,IEF",0.0,True,True,0.24782486699915401,0.0,0.302175133000846,0.45,0.27202239041207293,0.2922894277245733,0.5473362785040098,0.2735874110891412,0.18064133108391744,0.14043734284299586
2011-12-30,"SPY,GLD,IEF",0.0,True,True,0.24782486699915401,0.0,0.302175133000846,0.45,0.3355767535582783,0.2700769082851649,0.5135302493685316,0.2377688302647379,0.15089299707318993,0.13196749345523953
2012-01-31,"SPY,GLD,IEF",0.0,True,True,0.24782486699915401,0.0,0.302175133000846,0.45,0.33231336179250887,0.226942215224519,0.4827641445666642,0.22318890253802123,0.18492249364082675,0.12251711191497414
2012-02-29,"SPY,GLD,IEF",0.0,False,True,0.3187232481635821,0.0,0.2312767518364179,0.45,0.3756671169425757,0.16633933727437927,0.4074450092203019,0.22923278475895467,0.21688787383712244,0.10263413368475952
2012-03-30,"SPY,GLD,IEF",0.0,True,True,0.3187232481635821,0.0,0.2312767518364179,0.45,0.28520390229730397,0.12897546324661727,0.3622560074943673,0.20892165061907972,0.35254009020832866,0.11129759335954303
2012-04-30,"SPY,GLD,IEF",0.0,True,True,0.3187232481635821,0.0,0.2312767518364179,0.45,0.3062888889944443,0.15668360919505556,0.31705006049140744,0.2098604804504587,0.3766610505141484,0.12831220195848764
2012-05-31,"SPY,GLD,IEF",1.1102230246251565e-16,False,True,0.3054350502208553,0.0,0.2845464198155031,0.4100185299636415,0.3218825038314538,0.16016487553407793,0.35256584140609715,0.1719226227976698,0.325551654762449,0.11931159990917026
2012-06-29,"SPY,GLD,IEF",1.1102230246251565e-16,True,True,0.3054350502208553,0.0,0.2845464198155031,0.4100185299636415,0.3334166599614348,0.17825797882310715,0.3425089341356065,0.1756541767662237,0.32407440590295866,0.1227080475524813
2012-07-31,"SPY,GLD,IEF",1.1102230246251565e-16,True,True,0.3054350502208553,0.0,0.2845464198155031,0.4100185299636415,0.4089696365818739,0.17139922541649846,0.3634161901568416,0.16002689489266475,0.22761417326128458,0.09696669310080391
2012-08-31,"SPY,GLD,IEF",1.1102230246251565e-16,True,True,0.3054350502208553,0.0,0.2845464198155031,0.4100185299636415,0.41102844887358375,0.1491562882281251,0.3735118728161429,0.1350754579700726,0.21545967831027327,0.09049641715274313
2012-09-28,"SPY,GLD,IEF",1.1102230246251565e-16,True,True,0.3054350502208553,0.0,0.2845464198155031,0.4100185299636415,0.39327871469603504,0.13940375476377803,0.39600537467761954,0.13893202074621425,0.21071591062634532,0.085053622878739
2012-10-31,"SPY,GLD,IEF",1.1102230246251565e-16,True,True,0.3054350502208553,0.0,0.2845464198155031,0.4100185299636415,0.3520075205325321,0.12265726211931147,0.3749010347803274,0.12684448217259905,0.27309144468714064,0.0871033852864286
2012-11-30,"SPY,GLD,IEF",1.1102230246251565e-16,True,True,0.3054350502208553,0.0,0.2845464198155031,0.4100185299636415,0.4066004331609148,0.15192894050962807,0.35509199966525,0.1406242905014974,0.238307567173835,0.0902887673406197
2012-12-31,"SPY,GLD,IEF",1.1102230246251565e-16,True,True,0.3054350502208553,0.0,0.2845464198155031,0.4100185299636415,0.39189970173460936,0.14325200290780774,0.3350219491965443,0.12374200431552718,0.27307834906884626,0.09012570819828065
2013-01-31,"SPY,GLD,IEF",1.1102230246251565e-16,True,True,0.3054350502208553,0.0,0.2845464198155031,0.4100185299636415,0.3845583920409218,0.16627906081706054,0.30845062489545716,0.14077477986422396,0.30699098306362105,0.10479401020289807
2013-02-28,"SPY,GLD,IEF",1.1102230246251565e-16,True,True,0.3054350502208553,0.0,0.2845464198155031,0.4100185299636415,0.28869451196639717,0.15349535333899336,0.33565748303450516,0.16882925364585472,0.37564800499909773,0.13325996340636817
2013-03-28,"SPY,GLD,IEF",1.1102230246251565e-16,True,True,0.3054350502208553,0.0,0.2845464198155031,0.4100185299636415,0.2887512298261399,0.1596256122842813,0.32601914002829235,0.17381177994312913,0.38522963014556794,0.14388182719693024
2013-04-30,"SPY,GLD,IEF",2.220446049250313e-16,False,True,0.388031292395434,0.0,0.20907572216149045,0.40289298544307545,0.3357629947331435,0.17545647789896315,0.33774506528540704,0.32563610530398385,0.3264919399814495,0.16898433663076254
2013-05-31,"SPY,GLD,IEF",2.220446049250313e-16,True,True,0.388031292395434,0.0,0.20907572216149045,0.40289298544307545,0.34139200639110723,0.17753261350042984,0.34351325285348816,0.3378053530786175,0.3150947407554046,0.16437672940397052
2013-06-28,"SPY,GLD,IEF",2.220446049250313e-16,True,True,0.388031292395434,0.0,0.20907572216149045,0.40289298544307545,0.3417024135464992,0.19469818909040032,0.33217477473614493,0.3735364674759541,0.3261228117173558,0.18595753194525855
2013-07-31,"SPY,GLD,IEF",2.220446049250313e-16,True,True,0.388031292395434,0.0,0.20907572216149045,0.40289298544307545,0.3385736300841408,0.16348607094759762,0.2800850490801598,0.2793527678369951,0.3813413208356994,0.1680033383699689
2013-08-30,"SPY,GLD,IEF",2.220446049250313e-16,True,True,0.388031292395434,0.0,0.20907572216149045,0.40289298544307545,0.3557413469494699,0.17171482349461434,0.2518927646796554,0.26098644205857013,0.3923658883708747,0.1709505197509139
2013-09-30,"SPY,GLD,IEF",2.220446049250313e-16,True,True,0.388031292395434,0.0,0.20907572216149045,0.40289298544307545,0.3468281777923344,0.1510392287342562,0.2751321106306281,0.2381511776075698,0.37803971157703753,0.14754036587803834
2013-10-31,"SPY,GLD,IEF",0.0,False,True,0.33003988335682505,0.0,0.22288699387850358,0.4470731227646713,0.3232940820839313,0.15276124244873038,0.30561459114455214,0.22620118725592972,0.3710913267715167,0.11277193835193068
2013-11-29,"SPY,GLD,IEF",0.0,True,True,0.33003988335682505,0.0,0.22288699387850358,0.4470731227646713,0.2876732987184914,0.1333264317255923,0.34801280851739724,0.21979793480358173,0.3643138927641114,0.10495060783398828
2013-12-31,"SPY,GLD,IEF",0.0,True,True,0.33003988335682505,0.0,0.22288699387850358,0.4470731227646713,0.3046010975407622,0.12956051295047338,0.30365536692140604,0.18892195539356815,0.39174353553783176,0.10455755969326695
2014-01-31,"SPY,GLD,IEF",0.0,True,True,0.33003988335682505,0.0,0.22288699387850358,0.4470731227646713,0.28810497551360836,0.14221611156768424,0.3075992852518972,0.20228071016026367,0.4042957392344945,0.11737819007337795
2014-02-28,"SPY,GLD,IEF",0.0,True,True,0.33003988335682505,0.0,0.22288699387850358,0.4470731227646713,0.3146870142876454,0.14852216201370844,0.31066871462996704,0.19684963583130466,0.37464427108238757,0.10782293935689255
2014-03-31,"SPY,GLD,IEF",0.0,True,True,0.33003988335682505,0.0,0.22288699387850358,0.4470731227646713,0.3502009582954323,0.1567570287180657,0.2755550738163079,0.1761345949071447,0.37424396788825975,0.10293273360701986
2014-04-30,"SPY,GLD,IEF",0.0,False,True,0.2784348817156415,0.0,0.27156511828435853,0.45,0.2975771893882083,0.14653387073268234,0.35666274302560796,0.15024072761092713,0.3457600675861837,0.08383775321663464
2014-05-30,"SPY,GLD,IEF",0.0,True,True,0.2784348817156415,0.0,0.27156511828435853,0.45,0.30699313123403404,0.13430974474119406,0.3509360242315481,0.1375873584673539,0.34207084453441794,0.07473218267641092
2014-06-30,"SPY,GLD,IEF",0.0,True,True,0.2784348817156415,0.0,0.27156511828435853,0.45,0.31252138893017156,0.1097904680532044,0.4171870321224818,0.12742750259501356,0.2702915789473466,0.057032083171519775
2014-07-31,"SPY,GLD,IEF",0.0,False,True,0.3347552184355402,0.0,0.21524478156445986,0.45,0.2849188250026666,0.08524866577493047,0.41348887865757356,0.13258131289133732,0.30159229633976,0.05442063620626584
2014-08-29,"SPY,GLD,IEF",0.0,True,True,0.3347552184355402,0.0,0.21524478156445986,0.45,0.3583364307486806,0.08696596528383732,0.3052462686523255,0.11469546856874833,0.33641730059899383,0.05282901356569779
2014-09-30,"SPY,GLD,IEF",0.0,True,True,0.3347552184355402,0.0,0.21524478156445986,0.45,0.2916990224477332,0.09735350483551812,0.29580353483137006,0.11912457591997071,0.4124974427208968,0.07151231211751237
2014-10-31,"SPY,GLD,IEF",0.0,False,True,0.2619685948028814,0.0,0.3018149130402996,0.436216492156819,0.27479441833345203,0.1506348978676605,0.3511735681808588,0.13074772258651612,0.3740320134856891,0.0904633667735795
2014-11-28,"SPY,GLD,IEF",1.1102230246251565e-16,False,True,0.3142717821691998,0.0,0.2541469460329316,0.43158127179786854,0.29878362826430815,0.16084844532453935,0.3385087252790714,0.19890118044046037,0.3627076464566204,0.11712771353749396
2014-12-31,"SPY,GLD,IEF",1.1102230246251565e-16,True,True,0.3142717821691998,0.0,0.2541469460329316,0.43158127179786854,0.3063420603208012,0.1944903407786506,0.35582245422222675,0.25421944804953667,0.33783548545697195,0.13601451921560453
2015-01-30,"SPY,GLD,IEF",1.1102230246251565e-16,True,True,0.3142717821691998,0.0,0.2541469460329316,0.43158127179786854,0.2674648539715556,0.1899166208487629,0.37380948012876297,0.27341883077281615,0.35872566589968136,0.14847125559639637
2015-02-27,"SPY,GLD,IEF",1.1102230246251565e-16,True,True,0.3142717821691998,0.0,0.2541469460329316,0.43158127179786854,0.24959866969066433,0.17861782523562708,0.3788147720428184,0.24979397202490236,0.3715865582665174,0.14377969838057192
2015-03-31,"SPY,GLD,IEF",1.1102230246251565e-16,True,True,0.3142717821691998,0.0,0.2541469460329316,0.43158127179786854,0.26324870958168545,0.16105307516717074,0.3362376024418736,0.1944583612715527,0.4005136879764411,0.12850616895554973
2015-04-30,"SPY,GLD,IEF",1.1102230246251565e-16,True,True,0.3142717821691998,0.0,0.2541469460329316,0.43158127179786854,0.26190286402421276,0.12673892732799702,0.34069053724954823,0.16691870783049867,0.39740659872623885,0.1049387387388842
2015-05-29,"SPY,GLD,IEF",1.1102230246251565e-16,True,True,0.3142717821691998,0.0,0.2541469460329316,0.43158127179786854,0.3578151211215509,0.13266901620229873,0.29355632030700857,0.14665275385376092,0.34862855857144054,0.09250087922109315
2015-06-30,"SPY,GLD,IEF",1.1102230246251565e-16,True,True,0.3142717821691998,0.0,0.2541469460329316,0.43158127179786854,0.3325891796470402,0.12521287523734226,0.3174083760697548,0.1412601203420161,0.35000244428320515,0.09265429180422935
2015-07-31,"SPY,GLD,IEF",0.0,False,True,0.2906046110471149,0.0,0.314173350715945,0.39522203823694013,0.3192732136597807,0.14210071885262307,0.3475843661322697,0.13144056947407454,0.33314242020794943,0.10448588422826019
2015-08-31,"SPY,GLD,IEF",0.0,False,True,0.23242289695909443,0.0,0.32926474731718813,0.43831235572371746,0.2976605505390635,0.2277285243104668,0.34942216324061637,0.1607500461914626,0.35291728622032026,0.12075708715321119
2015-09-30,"SPY,GLD,IEF",0.0,True,True,0.23242289695909443,0.0,0.32926474731718813,0.43831235572371746,0.3113229821266555,0.2459725273871579,0.3523739293944736,0.16517743145973254,0.3363030884788709,0.11917455834634122
2015-10-30,"SPY,GLD,IEF",0.0,True,True,0.23242289695909443,0.0,0.32926474731718813,0.43831235572371746,0.300671609842971,0.24309591394702385,0.3810964478534029,0.1672950438557755,0.31823194230362617,0.11080094318701632
2015-11-30,"SPY,GLD,IEF",0.0,True,True,0.23242289695909443,0.0,0.32926474731718813,0.43831235572371746,0.19363369471013864,0.16192228802854558,0.5017134285620446,0.139345518830527,0.3046528767278168,0.08267836876852966
2015-12-31,"SPY,GLD,IEF",0.0,False,True,0.277887415390368,0.0,0.27211258460963206,0.45,0.2902096279623968,0.1485542970303358,0.3991112172586075,0.15170694771840323,0.3106791547789958,0.08376435152864431
2016-01-29,"SPY,GLD,IEF",0.0,True,True,0.277887415390368,0.0,0.27211258460963206,0.45,0.3342040318288326,0.18711691116301282,0.33060370421041696,0.1591829512241267,0.3351922639607503,0.09170001352543031
2016-02-29,"SPY,GLD,IEF",0.0,True,True,0.277887415390368,0.0,0.27211258460963206,0.45,0.3271077017563588,0.22445836124219945,0.2928143838176296,0.19574163309984155,0.3800779144260117,0.11922398321434523
2016-03-31,"SPY,GLD,IEF",0.0,True,True,0.277887415390368,0.0,0.27211258460963206,0.45,0.2820400151407738,0.21487387861756746,0.3249741952227746,0.21036180813253486,0.3929857896364516,0.12254705620436279
2016-04-29,"SPY,GLD,IEF",0.0,True,True,0.277887415390368,0.0,0.27211258460963206,0.45,0.2605463561571905,0.1961243366264286,0.3145755686260828,0.21948358575328775,0.42487807521672655,0.1414934384732208
2016-05-31,"SPY,GLD,IEF",1.1102230246251565e-16,False,True,0.3521045756999023,0.0,0.25426779446862924,0.3936276298314684,0.31223283032993426,0.14690509495433263,0.32131804705601646,0.20343101742454817,0.3664491226140495,0.1314083468916946
2016-06-30,"SPY,GLD,IEF",1.1102230246251565e-16,True,True,0.3521045756999023,0.0,0.25426779446862924,0.3936276298314684,0.3471913174003254,0.1979291840355856,0.28637750306398346,0.22202530729169304,0.36643117953569104,0.14562226169895928
2016-07-29,"SPY,GLD,IEF",1.1102230246251565e-16,True,True,0.3521045756999023,0.0,0.25426779446862924,0.3936276298314684,0.3288091404993702,0.18701794220474935,0.31060451057111743,0.22224607326203724,0.36058634892951236,0.13968215923489982
2016-08-31,"SPY,GLD,IEF",1.1102230246251565e-16,True,True,0.3521045756999023,0.0,0.25426779446862924,0.3936276298314684,0.3423282852495101,0.18985053205485788,0.28470726583217,0.21283730168380863,0.37296444891832,0.146650485846412
2016-09-30,"SPY,GLD,IEF",1.1102230246251565e-16,True,True,0.3521045756999023,0.0,0.25426779446862924,0.3936276298314684,0.33989739808374797,0.14849633175345386,0.2829938059726638,0.16975678164423277,0.3771087959435882,0.13334197962010969
2016-10-31,"SPY,GLD,IEF",1.1102230246251565e-16,True,True,0.3521045756999023,0.0,0.25426779446862924,0.3936276298314684,0.3316462909654281,0.11991837836861846,0.31331456434784444,0.15197213260340595,0.3550391446867275,0.10536207482502127
2016-11-30,"SPY,GLD,IEF",0.0,False,True,0.2857771368333014,0.0,0.28888642885934585,0.42533643430735285,0.3184228427605111,0.15494125262216257,0.323955337747382,0.15327361595544334,0.35762181949210686,0.10410269137614157
2016-12-30,"SPY,GLD,IEF",0.0,True,True,0.2857771368333014,0.0,0.28888642885934585,0.42533643430735285,0.29270184657435794,0.14219336294173365,0.32453362127801255,0.15122148366039195,0.38276453214762957,0.1070836752309093
2017-01-31,"SPY,GLD,IEF",0.0,True,True,0.2857771368333014,0.0,0.28888642885934585,0.42533643430735285,0.28882730247195176,0.16306149226979813,0.3053783349480248,0.16403556152580706,0.4057943625800234,0.1313990883081477
2017-02-28,"SPY,GLD,IEF",0.0,False,True,0.3453940882811015,0.0,0.2864739085518365,0.36813200316706196,0.31357886175154703,0.13318320449896479,0.3313614546466098,0.16057550136001922,0.3550596836018432,0.1249570564268488
2017-03-31,"SPY,GLD,IEF",0.0,True,True,0.3453940882811015,0.0,0.2864739085518365,0.36813200316706196,0.31956161200678734,0.12826084047454697,0.3319354795853798,0.14965380270072592,0.348502908407833,0.11710531712823
2017-04-28,"SPY,GLD,IEF",0.0,True,True,0.3453940882811015,0.0,0.2864739085518365,0.36813200316706196,0.33509406939964115,0.11391716543692466,0.319493456563173,0.121029435241918,0.34541247403718583,0.09436213219775091
2017-05-31,"SPY,GLD,IEF",0.0,True,True,0.3453940882811015,0.0,0.2864739085518365,0.36813200316706196,0.3409043707563938,0.11571295836043204,0.3171825722420236,0.12303456414959667,0.3419130570015826,0.09101798696243103
2017-06-30,"SPY,GLD,IEF",0.0,True,True,0.3453940882811015,0.0,0.2864739085518365,0.36813200316706196,0.32837866886402023,0.11445227015403982,0.32840976212917095,0.12813318156680464,0.3432115690068089,0.0938358386238251
2017-07-31,"SPY,GLD,IEF",0.0,True,True,0.3453940882811015,0.0,0.2864739085518365,0.36813200316706196,0.31922731954156347,0.10551991167401843,0.33964420475741697,0.1270999501785558,0.3411284757010194,0.08946233502604949
2017-08-31,"SPY,GLD,IEF",0.0,True,True,0.3453940882811015,0.0,0.2864739085518365,0.36813200316706196,0.3308313318533896,0.11212283601554887,0.3302875487957576,0.12869115836184913,0.33888111935085286,0.09280978021295723
2017-09-29,"SPY,GLD,IEF",0.0,True,True,0.3453940882811015,0.0,0.2864739085518365,0.36813200316706196,0.321640873057748,0.11788038302002003,0.3436833896531561,0.13980957363198523,0.33467573728909583,0.0948194198104485
2017-10-31,"SPY,GLD,IEF",0.0,True,True,0.3453940882811015,0.0,0.2864739085518365,0.36813200316706196,0.31518460914951213,0.11563504185068305,0.3494849858493321,0.13966825651177198,0.33533040500115585,0.09457939973925741
2017-11-30,"SPY,GLD,IEF",0.0,True,True,0.3453940882811015,0.0,0.2864739085518365,0.36813200316706196,0.2795047844357859,0.09517233296001193,0.38133278667610687,0.13493985459928734,0.3391624288881071,0.08669767580314405
2017-12-29,"SPY,GLD,IEF",0.0,True,True,0.3453940882811015,0.0,0.2864739085518365,0.36813200316706196,0.2956289004840039,0.08638877858748464,0.3812815619462293,0.11960855014016837,0.3230895375697667,0.07489312020260264
2018-01-31,"SPY,GLD,IEF",0.0,False,True,0.3145200781918962,0.0,0.2644592104510541,0.4210207113570497,0.31681100690581077,0.1014381803490798,0.3332240017334022,0.12063994428714017,0.349964991360787,0.07577856279849267
2018-02-28,"SPY,GLD,IEF",0.0,False,True,0.2311177818428887,0.0,0.3216742597483086,0.4472079584088028,0.2723414393860473,0.16344179482175983,0.38315553150442894,0.11743030079305028,0.34450302910952374,0.08446697866028433
2018-03-29,"SPY,GLD,IEF",0.0,True,True,0.2311177818428887,0.0,0.3216742597483086,0.4472079584088028,0.33112774083183527,0.20839663338004277,0.35060174535708405,0.13156976205933438,0.3182705138110806,0.09627676668486965
2018-04-30,"SPY,GLD,IEF",0.0,True,True,0.2311177818428887,0.0,0.3216742597483086,0.4472079584088028,0.3358859411188102,0.22008488924792632,0.3467155806906753,0.1310301002681329,0.31739847819051464,0.09358138154224764
2018-05-31,"SPY,GLD,IEF",0.0,True,True,0.2311177818428887,0.0,0.3216742597483086,0.4472079584088028,0.2979568308804856,0.17772984833063396,0.3468410498988631,0.11893317786613719,0.35520211922065126,0.08762043701792495
2018-06-29,"SPY,GLD,IEF",0.0,True,True,0.2311177818428887,0.0,0.3216742597483086,0.4472079584088028,0.1889495100559705,0.11582493004712995,0.40058988978373483,0.09685323890644419,0.41046060016029456,0.0757226450588382
2018-07-31,"SPY,GLD,IEF",0.0,False,True,0.2944631436274726,0.0,0.32198262506574427,0.38355423130678307,0.30998756203971134,0.10791343294485828,0.3631487077390815,0.09869019701944204,0.3268637302212072,0.08284755090906352
2018-08-31,"SPY,GLD,IEF",0.0,False,True,0.32423652894330146,0.0,0.2684052256403053,0.4073582454163933,0.3339334901851928,0.0972934386890747,0.34786597699777244,0.11753156733162484,0.31820053281703475,0.07744064887469683
2018-09-28,"SPY,GLD,IEF",0.0,True,True,0.32423652894330146,0.0,0.2684052256403053,0.4073582454163933,0.3121280189933063,0.09384379785441445,0.359646115623804,0.12520565267043907,0.3282258653828897,0.07895462381371844
2018-10-31,"SPY,GLD,IEF",0.0,False,True,0.23913493426404403,0.0,0.310865065735956,0.45,0.2926470567909975,0.15975633913852608,0.3768554758237397,0.12289358267939011,0.3304974673852629,0.07325169667069616
2018-11-30,"SPY,GLD,IEF",0.0,True,True,0.23913493426404403,0.0,0.310865065735956,0.45,0.43116933587755385,0.19219251186850986,0.2736878862418647,0.10109950664109282,0.2951427778805814,0.06780168082297781
2018-12-31,"SPY,GLD,IEF",0.0,False,True,0.16393495350267173,0.0,0.3860650464973283,0.45,0.30566969292073776,0.2530766524315233,0.40619374436952,0.10746403909233643,0.28813656270974225,0.0678951185294104
2019-01-31,"SPY,GLD,IEF",0.0,True,True,0.16393495350267173,0.0,0.3860650464973283,0.45,0.33991421485663614,0.2579914199093391,0.3912210574431538,0.10554455154529055,0.26886472770021014,0.06635262552016213
2019-02-28,"SPY,GLD,IEF",0.0,True,True,0.16393495350267173,0.0,0.3860650464973283,0.45,0.2763135279776208,0.2375744829284227,0.427125751534832,0.1117116491663884,0.29656072048754717,0.06949449421757298
2019-03-29,"SPY,GLD,IEF",0.0,False,True,0.22444065332548668,0.0,0.32555934667451336,0.45,0.2909897394552463,0.1613826832165677,0.38514794358218046,0.11125724150306537,0.3238623169625733,0.07027328827907761
2019-04-30,"SPY,GLD,IEF",0.0,False,True,0.2768376553311039,0.0,0.27664534313854483,0.4465170015303512,0.2568051021309021,0.10165380957282912,0.3820292730912939,0.10172447502043487,0.36116562477780406,0.06302470499704738
2019-05-31,"SPY,GLD,IEF",0.0,True,True,0.2768376553311039,0.0,0.27664534313854483,0.4465170015303512,0.2826849806398178,0.12424753269901422,0.3439914403431379,0.0977192531198719,0.3733235790170445,0.06654423569548397
2019-06-28,"SPY,GLD,IEF",0.0,True,True,0.2768376553311039,0.0,0.27664534313854483,0.4465170015303512,0.3474964953552184,0.13045757951085377,0.3108811962678957,0.09907207500725676,0.341622308376886,0.06529015063781862
2019-07-31,"SPY,GLD,IEF",0.0,True,True,0.2768376553311039,0.0,0.27664534313854483,0.4465170015303512,0.2898344036288279,0.13500238150708185,0.3886889285098629,0.13847727897784418,0.32147666786130913,0.0724529446093854
2019-08-30,"SPY,GLD,IEF",0.0,True,True,0.2768376553311039,0.0,0.27664534313854483,0.4465170015303512,0.2473486284091198,0.1697390701093479,0.3923520312957878,0.16813285109291565,0.36029934029509253,0.09460918904897535
2019-09-30,"SPY,GLD,IEF",0.0,True,True,0.2768376553311039,0.0,0.27664534313854483,0.4465170015303512,0.2066410953408519,0.1651525232322858,0.4170522755575419,0.17541200084392297,0.3763066291016062,0.09593299726459957
2019-10-31,"SPY,GLD,IEF",0.0,True,True,0.2768376553311039,0.0,0.27664534313854483,0.4465170015303512,0.19717790068782165,0.1671796107117043,0.37018313196188185,0.14074412101863282,0.43263896735029644,0.08823073772026273
2019-11-29,"SPY,GLD,IEF",0.0,True,True,0.2768376553311039,0.0,0.27664534313854483,0.4465170015303512,0.09764931706751319,0.10257440498042558,0.4473379399078567,0.1210749879377631,0.45501274302463,0.06927776140331803
2019-12-31,"SPY,GLD,IEF",0.0,True,True,0.2768376553311039,0.0,0.27664534313854483,0.4465170015303512,0.1219481427690917,0.09261907882075328,0.3854154957700694,0.09876032310290203,0.49263636146083895,0.07130963211382152
2020-01-31,"SPY,GLD,IEF",0.0,True,True,0.2768376553311039,0.0,0.27664534313854483,0.4465170015303512,0.19428109844419694,0.1031620955463218,0.3355413263958509,0.09617081583738073,0.470177575159952,0.0731131934024496
2020-02-28,"SPY,GLD,IEF",0.0,True,True,0.2768376553311039,0.0,0.27664534313854483,0.4465170015303512,0.3858165972706121,0.18330717938526253,0.3638114614578421,0.14687779243839286,0.25037194127154583,0.07761185188945054
2020-03-31,"SPY,GLD,IEF",0.0,False,True,0.18907722216768125,0.0,0.36092277783231874,0.45,0.2630793519554194,0.5346614410039254,0.47233213701688587,0.28009398761792287,0.26458851102769454,0.1948211077755555
2020-04-30,"SPY,GLD,IEF",0.0,True,True,0.18907722216768125,0.0,0.36092277783231874,0.45,0.29716163921354355,0.5841807604275805,0.4794776230301689,0.30320150473225554,0.2233607377562876,0.1946209631635152
2020-05-29,"SPY,GLD,IEF",0.0,True,True,0.18907722216768125,0.0,0.36092277783231874,0.45,0.2968108508850319,0.5758680025986976,0.46912203323438434,0.2872945844788869,0.23406711588058368,0.19262487609997223
2020-06-30,"SPY,GLD,IEF",0.0,True,True,0.18907722216768125,0.0,0.36092277783231874,0.45,0.40463152570383587,0.333002920378443,0.4617268754050745,0.1714395866692181,0.13364159889108954,0.06403350872958631
2020-07-31,"SPY,GLD,IEF",0.0,True,True,0.18907722216768125,0.0,0.36092277783231874,0.45,0.36558521153859336,0.2434871450991319,0.4336940153915178,0.13190395808067912,0.20072077306988884,0.05726247345642818
2020-08-31,"SPY,GLD,IEF",0.0,False,True,0.26145568099359495,0.0,0.2885443190064051,0.45,0.3998300018579348,0.2317731605661051,0.40639341648962324,0.21001421806022003,0.19377658165244194,0.06944860715059892
2020-09-30,"SPY,GLD,IEF",0.0,True,True,0.26145568099359495,0.0,0.2885443190064051,0.45,0.33608449899969645,0.1842713678194777,0.4810248903553429,0.21137722820924268,0.1828906106449606,0.0690803386707651
2020-10-30,"SPY,GLD,IEF",0.0,True,True,0.26145568099359495,0.0,0.2885443190064051,0.45,0.35252507383837006,0.199957446469517,0.4863070664753435,0.2143846691859423,0.16116785968628639,0.06859710659941815
2020-11-30,"SPY,GLD,IEF",0.0,True,True,0.26145568099359495,0.0,0.2885443190064051,0.45,0.41073298477700837,0.21362250285080198,0.40680725524027267,0.17574703581863577,0.18245975998271902,0.0720374975981048
2020-12-31,"SPY,GLD,IEF",0.0,True,True,0.26145568099359495,0.0,0.2885443190064051,0.45,0.3150784044817556,0.16937776237971358,0.46752972025533873,0.18241037154432857,0.21739187526290565,0.07202731220366768
2021-01-29,"SPY,GLD,IEF",0.0,True,True,0.26145568099359495,0.0,0.2885443190064051,0.45,0.26727172941493704,0.15399018348388785,0.4968575516138909,0.1919251711469156,0.23587071897117204,0.07063972874544684
2021-02-26,"SPY,GLD,IEF",0.0,True,True,0.26145568099359495,0.0,0.2885443190064051,0.45,0.3261235900151873,0.1388746538852197,0.4787084398541386,0.16679227005264619,0.1951679701306741,0.060892129377935277
2021-03-31,"SPY,GLD,IEF",0.0,True,True,0.26145568099359495,0.0,0.2885443190064051,0.45,0.3834345380983773,0.16947699315882248,0.39803768895464936,0.16553615214936093,0.21852777294697345,0.06518645426775872
2021-04-30,"SPY,GLD,IEF",0.0,True,True,0.26145568099359495,0.0,0.2885443190064051,0.45,0.3592171238678938,0.15264608141607924,0.3814536178208076,0.14838356280929588,0.25932925831129855,0.0688499516330807
2021-05-28,"SPY,GLD,IEF",0.0,True,True,0.26145568099359495,0.0,0.2885443190064051,0.45,0.36186937500350685,0.15282721133204527,0.3591647365022213,0.13536796454298883,0.27896588849427184,0.06944444306621356
2021-06-30,"SPY,GLD,IEF",0.0,True,True,0.26145568099359495,0.0,0.2885443190064051,0.45,0.3257906405040563,0.13208976285713653,0.3872598727692699,0.14176076789212103,0.28694948672667386,0.07120816693599583
2021-07-30,"SPY,GLD,IEF",0.0,True,True,0.26145568099359495,0.0,0.2885443190064051,0.45,0.33426344034067557,0.1362347437124074,0.3762724573294975,0.13674879646459573,0.28946410232982694,0.07457828922780646
2021-08-31,"SPY,GLD,IEF",0.0,True,True,0.26145568099359495,0.0,0.2885443190064051,0.45,0.2620097863975262,0.11213052511947043,0.44863063225643074,0.14064769183677453,0.28935958134604295,0.07007442102179381
2021-09-30,"SPY,GLD,IEF",0.0,True,True,0.26145568099359495,0.0,0.2885443190064051,0.45,0.2225885496926213,0.11947524039972113,0.46340494071615396,0.13967344882453728,0.31400650959122484,0.06840265240663633
2021-10-29,"SPY,GLD,IEF",0.0,True,True,0.26145568099359495,0.0,0.2885443190064051,0.45,0.20803132506062808,0.11748822819619283,0.4617593393331062,0.14453114168304534,0.3302093356062657,0.06748814602581173
2021-11-30,"SPY,GLD,IEF",0.0,True,True,0.26145568099359495,0.0,0.2885443190064051,0.45,0.20243078697148895,0.1311140395655684,0.4208391232284423,0.14767849497023955,0.37673008980006883,0.08803516958598111
2021-12-31,"SPY,GLD,IEF",0.0,True,True,0.26145568099359495,0.0,0.2885443190064051,0.45,0.26838130322791615,0.14764977741285623,0.38168614017516606,0.12923896600250795,0.3499325565969178,0.08585602401706018
2022-01-31,"SPY,GLD,IEF",0.0,True,True,0.26145568099359495,0.0,0.2885443190064051,0.45,0.3292848634205876,0.17320396999907606,0.3529117735228059,0.1342579997791412,0.3178033630566064,0.0880500609055899
2022-02-28,"SPY,GLD,IEF",0.0,False,True,0.2100926008060337,0.0,0.33990739919396634,0.45,0.2734670775494022,0.20520967519404193,0.38704297964505124,0.1268375871614241,0.3394899428055466,0.08667755888551178
2022-03-31,"SPY,GLD,IEF",0.0,True,True,0.2100926008060337,0.0,0.33990739919396634,0.45,0.2186197621409623,0.23564925037412163,0.40288132559542483,0.1725593427240645,0.37849891226361293,0.10760683987948222
2022-04-29,"SPY,GLD,IEF",0.0,True,True,0.2100926008060337,0.0,0.33990739919396634,0.45,0.2273078109338877,0.26061151818323597,0.3738176001571093,0.18414136172175463,0.39887458890900307,0.12929542919942122
2022-05-31,"SPY,GLD,IEF",0.0,True,True,0.2100926008060337,0.0,0.33990739919396634,0.45,0.22875976227516007,0.28145905354362827,0.39188268733108367,0.20059957388379696,0.3793575503937563,0.14122802222521869
2022-06-30,"SPY,GLD,IEF",0.0,True,True,0.2100926008060337,0.0,0.33990739919396634,0.45,0.2733540919371129,0.30840283653595146,0.34592888965419955,0.19270995577853947,0.3807170184086875,0.15854562190467641
2022-07-29,"SPY,GLD,IEF",0.0,True,True,0.2100926008060337,0.0,0.33990739919396634,0.45,0.2669196353958163,0.293910965665388,0.35452883287124914,0.18484058837253095,0.3785515317329345,0.15061377363706124
2022-08-31,"SPY,GLD,IEF",1.1102230246251565e-16,False,True,0.2470938529191411,0.0,0.3600691996629049,0.39283694741795394,0.31014942157015907,0.2733379667490495,0.34555401054705276,0.18757541999242774,0.3442965678827882,0.17192917264283758
2022-09-30,"SPY,GLD,IEF",1.1102230246251565e-16,True,True,0.2470938529191411,0.0,0.3600691996629049,0.39283694741795394,0.29727781643850193,0.2548895331544079,0.3646163317309157,0.19258573658207934,0.3381058518305824,0.16882299872848344
2022-10-31,"SPY,GLD,IEF",1.1102230246251565e-16,True,True,0.2470938529191411,0.0,0.3600691996629049,0.39283694741795394,0.3194787325804167,0.27899757241018663,0.365000292622557,0.1989737790858357,0.31552097479702623,0.16357168557960866
2022-11-30,"SPY,GLD,IEF",1.1102230246251565e-16,True,True,0.2470938529191411,0.0,0.3600691996629049,0.39283694741795394,0.3342139502915595,0.31413572701215275,0.36392604380635424,0.22249098406277198,0.30186000590208634,0.17560704371971203
2022-12-30,"SPY,GLD,IEF",1.1102230246251565e-16,True,True,0.2470938529191411,0.0,0.3600691996629049,0.39283694741795394,0.3011835509405136,0.29489918972841794,0.38154676230054707,0.2376628859481708,0.3172696867589394,0.1877514460514475
2023-01-31,"SPY,GLD,IEF",1.1102230246251565e-16,True,True,0.2470938529191411,0.0,0.3600691996629049,0.39283694741795394,0.2780468172806598,0.2681311545122949,0.3801975432327922,0.23413196654672727,0.34175563948654764,0.19867780764636112
2023-02-28,"SPY,GLD,IEF",0.0,False,True,0.30538589134327376,0.0,0.3096249482914146,0.38498916036531156,0.31831337323615033,0.21835031778728672,0.34147369999836574,0.21536089643460618,0.3402129267654841,0.17320255551944563
2023-03-31,"SPY,GLD,IEF",0.0,True,True,0.30538589134327376,0.0,0.3096249482914146,0.38498916036531156,0.2532012914207667,0.19551044938036616,0.36123216723125323,0.2081774964548456,0.38556654134798013,0.17238035695305226
2023-04-28,"SPY,GLD,IEF",0.0,True,True,0.30538589134327376,0.0,0.3096249482914146,0.38498916036531156,0.2202151414743096,0.17514395891743445,0.4034099243012935,0.20391385642152984,0.3763749342243969,0.15221730567743355
2023-05-31,"SPY,GLD,IEF",0.0,True,True,0.30538589134327376,0.0,0.3096249482914146,0.38498916036531156,0.19986478249686365,0.1740073611223112,0.4095038388683512,0.1981014010821534,0.3906313786347852,0.1520615992020566
2023-06-30,"SPY,GLD,IEF",0.0,True,True,0.30538589134327376,0.0,0.3096249482914146,0.38498916036531156,0.269408030270077,0.15260736794908702,0.377420779471724,0.15842710111345157,0.3531711902581989,0.11899883585485903
2023-07-31,"SPY,GLD,IEF",0.0,True,True,0.30538589134327376,0.0,0.3096249482914146,0.38498916036531156,0.2750632305892829,0.14265664209686352,0.35741571239952963,0.15157417402031423,0.3675210570111875,0.12042951712808253
2023-08-31,"SPY,GLD,IEF",0.0,True,True,0.30538589134327376,0.0,0.3096249482914146,0.38498916036531156,0.2928013574219666,0.12225849351516985,0.32289857351697165,0.11798124935571602,0.3843000690610618,0.11180201445212484
2023-09-29,"SPY,GLD,IEF",0.0,True,True,0.30538589134327376,0.0,0.3096249482914146,0.38498916036531156,0.35444757967940344,0.12162707232730918,0.2959281918746995,0.09863300780757572,0.34962422844589713,0.09320790874170798
2023-10-31,"SPY,GLD,IEF",0.0,True,True,0.30538589134327376,0.0,0.3096249482914146,0.38498916036531156,0.2743690522365985,0.12209584534112299,0.3597465139632755,0.12759242314139826,0.365884433800126,0.09841920031244183
2023-11-30,"SPY,GLD,IEF",0.0,True,True,0.30538589134327376,0.0,0.3096249482914146,0.38498916036531156,0.2763619062384586,0.13582677562492418,0.31531835384182216,0.1422139124989692,0.4083197399197193,0.1205691949136658
2023-12-29,"SPY,GLD,IEF",1.1102230246251565e-16,False,True,0.3630675263729461,0.0,0.28568457279374904,0.3512479008333048,0.3125821791329068,0.14483708678161775,0.32455270373576117,0.18406889217231226,0.36286511713133207,0.1497109098733711
2024-01-31,"SPY,GLD,IEF",1.1102230246251565e-16,True,True,0.3630675263729461,0.0,0.28568457279374904,0.3512479008333048,0.3485396666136168,0.14413764454449435,0.3055316064018216,0.16084545725740992,0.34592872698456156,0.14065604625176317
2024-02-29,"SPY,GLD,IEF",1.1102230246251565e-16,True,True,0.3630675263729461,0.0,0.28568457279374904,0.3512479008333048,0.351037790323415,0.13707909147448566,0.32883437630364876,0.1518013582682744,0.3201278333729365,0.12446330648361299
2024-03-28,"SPY,GLD,IEF",1.1102230246251565e-16,False,True,0.2939634210337947,0.0,0.3226517412174411,0.3833848377487641,0.3138139846522812,0.12923475792033506,0.33736261733449413,0.11774395331446116,0.34882339801322465,0.09909179449509531
2024-04-30,"SPY,GLD,IEF",1.1102230246251565e-16,True,True,0.2939634210337947,0.0,0.3226517412174411,0.3833848377487641,0.31819714677389827,0.15291410563247104,0.3765725087356213,0.16098527926814807,0.30523034449048053,0.11172584055620789
2024-05-31,"SPY,GLD,IEF",0.0,False,True,0.3347341323724394,0.0,0.24624566047235177,0.41902020715520893,0.34325624055949033,0.14266099850005554,0.3190832059648817,0.19392628265895345,0.3376605534756279,0.11396468413900057
2024-06-28,"SPY,GLD,IEF",0.0,True,True,0.3347341323724394,0.0,0.24624566047235177,0.41902020715520893,0.3056347120787872,0.13025566765528865,0.3672154931591674,0.214613401510859,0.3271497947620452,0.11095028041269701
2024-07-31,"SPY,GLD,IEF",0.0,True,True,0.3347341323724394,0.0,0.24624566047235177,0.41902020715520893,0.3134605880962868,0.13840852313727908,0.35954204654131244,0.21030816576445333,0.3269973653624006,0.11022491043934977
2024-08-30,"SPY,GLD,IEF",0.0,False,True,0.27996364408261915,0.0,0.27003635591738084,0.45,0.33023062773535317,0.21847732445481213,0.34312234219807297,0.22650915909450323,0.3266470300665739,0.13001534050411512
2024-09-30,"SPY,GLD,IEF",0.0,True,True,0.27996364408261915,0.0,0.27003635591738084,0.45,0.3403019301936591,0.2315213258793293,0.32462226824755364,0.21871372656346866,0.33507580155878736,0.1405666602706372
2024-10-31,"SPY,GLD,IEF",0.0,True,True,0.27996364408261915,0.0,0.27003635591738084,0.45,0.3214878120160053,0.2027536081326108,0.32937171533827586,0.2016129233029447,0.34914047264571874,0.1331104207104887
2024-11-29,"SPY,GLD,IEF",0.0,False,True,0.3523730149176224,0.0,0.25398586413666135,0.3936411209457162,0.31275769899205225,0.14627801614839492,0.3442410257402714,0.2029421036544153,0.3430012752676764,0.13094268566897674
2024-12-31,"SPY,GLD,IEF",0.0,True,True,0.3523730149176224,0.0,0.25398586413666135,0.3936411209457162,0.3462446904206976,0.1584451027437973,0.33189381107813476,0.2051761168915899,0.3218614985011675,0.12584027063511719
2025-01-31,"SPY,GLD,IEF",0.0,True,True,0.3523730149176224,0.0,0.25398586413666135,0.3936411209457162,0.3797672708234322,0.16996215258359623,0.311950718909771,0.20143210696823896,0.3082820102667968,0.12039000639265272
2025-02-28,"SPY,GLD,IEF",0.0,False,True,0.2748546060158157,0.0,0.2894708759361221,0.43567451804806223,0.34255161278700974,0.18221237220130848,0.32349612093127167,0.17301191220235038,0.3339522662817185,0.11495257973080017
2025-03-31,"SPY,GLD,IEF",0.0,True,True,0.2748546060158157,0.0,0.2894708759361221,0.43567451804806223,0.3719801591070888,0.19940310244355186,0.30677567203077943,0.1615792846431714,0.3212441688621318,0.10931089340751873
2025-04-30,"SPY,GLD,IEF",0.0,True,True,0.2748546060158157,0.0,0.2894708759361221,0.43567451804806223,0.4421536353023888,0.3408244421268245,0.3144570593813302,0.2362903845719248,0.24338930531628097,0.13929546551362906
2025-05-30,"SPY,GLD,IEF",0.0,True,True,0.2748546060158157,0.0,0.2894708759361221,0.43567451804806223,0.4084349519439027,0.3513807288370365,0.34361919586803324,0.2745980202417761,0.247945852188064,0.1398749495532994
2025-06-30,"SPY,GLD,IEF",0.0,True,True,0.2748546060158157,0.0,0.2894708759361221,0.43567451804806223,0.3831131434471772,0.33299043248589905,0.35023417437743937,0.2799520268273341,0.2666526821753835,0.14358085048051367
2025-07-31,"SPY,GLD,IEF",0.0,False,True,0.3209699134862992,0.0,0.23397106381253063,0.4450590227011702,0.30116758794595266,0.16226806062179497,0.29289022551751687,0.22260515693982882,0.4059421865365306,0.11702529939346436
2025-08-29,"SPY,GLD,IEF",0.0,False,True,0.3585728305451521,0.0,0.26735168878501525,0.3740754806698326,0.3038384071481042,0.12382897047718443,0.314542882535812,0.16607976051799211,0.38161871031608396,0.1186971794248285
2025-09-30,"SPY,GLD,IEF",0.0,True,True,0.3585728305451521,0.0,0.26735168878501525,0.3740754806698326,0.2903409662907509,0.11096093800417982,0.3470421296217728,0.16383713553666915,0.3626169040874764,0.10943811791012573
2025-10-31,"SPY,GLD,IEF",0.0,False,True,0.3551896741067344,0.0,0.19481032589326563,0.45,0.34766300910636927,0.13721198113710625,0.32880384236055005,0.25017297538083383,0.3235331485330806,0.0943978855468227
2025-11-28,"SPY,GLD,IEF",0.0,True,True,0.3551896741067344,0.0,0.19481032589326563,0.45,0.3467056211375134,0.1383078050883165,0.37111989798406675,0.26092235181860224,0.28217448087841995,0.09091553374253639
2025-12-31,"SPY,GLD,IEF",0.0,True,True,0.3551896741067344,0.0,0.19481032589326563,0.45,0.3643326124692461,0.14471608349327295,0.3661769002182101,0.2708928853015266,0.2694904873125438,0.09132916388557383
2026-01-30,"SPY,GLD,IEF",0.0,True,True,0.3551896741067344,0.0,0.19481032589326563,0.45,0.33780318935162085,0.1331567034363667,0.393403155092961,0.3091090580601852,0.2687936555554183,0.09263640361810747
2026-02-27,"SPY,GLD,IEF",0.0,True,True,0.3551896741067344,0.0,0.19481032589326563,0.45,0.3387435772311112,0.14579894693782172,0.41294267561391956,0.3613494318455851,0.24831374715496915,0.09679056151971083
2026-03-31,"SPY,GLD,IEF",0.0,True,True,0.3551896741067344,0.0,0.19481032589326563,0.45,0.3472742339157287,0.1717713283260085,0.41532606399983674,0.4101447722673132,0.2373997020844347,0.10782839032634545
2026-04-30,"SPY,GLD,IEF",0.0,True,True,0.3551896741067344,0.0,0.19481032589326563,0.45,0.35530041590355704,0.17265551590784628,0.43802994164296805,0.4016706362321546,0.20666964245347494,0.09601466262218226
2026-05-29,"SPY,GLD,IEF",0.0,True,True,0.3551896741067344,0.0,0.19481032589326563,0.45,0.38718284783007656,0.15904362909099765,0.3412873055194339,0.28182159493148806,0.27152984665048946,0.09668991296654462
2026-06-30,"SPY,GLD,IEF",0.0,True,True,0.3551896741067344,0.0,0.19481032589326563,0.45,0.4211634134573946,0.1520583063555829,0.3706021568458848,0.2538032528566117,0.20823442969672057,0.07573390863312991
2026-07-31,"SPY,GLD,IEF",0.0,True,True,0.3551896741067344,0.0,0.19481032589326563,0.45,0.385774022523542,0.14384589292758246,0.36520521810832607,0.2547949458013499,0.24902075936813192,0.0849236190192186
