signal_date,execution_date,previous_allocation,new_allocation,sold,bought,turnover,commission_jpy,slippage_jpy,fx_cost_jpy
2007-01-31,2007-02-01,"{""GLD"": 0.0, ""IEF"": 0.0, ""QQQ"": 0.0, ""SPY"": 0.0}","{""GLD"": 0.0, ""IEF"": 0.0, ""QQQ"": 0.0, ""SPY"": 0.0}",,,0.0,0.0,0.0,0.0
2007-02-28,2007-03-01,"{""GLD"": 0.0, ""IEF"": 0.0, ""QQQ"": 0.0, ""SPY"": 0.0}","{""GLD"": 0.0, ""IEF"": 0.0, ""QQQ"": 0.0, ""SPY"": 0.0}",,,0.0,0.0,0.0,0.0
2007-03-30,2007-04-02,"{""GLD"": 0.0, ""IEF"": 0.0, ""QQQ"": 0.0, ""SPY"": 0.0}","{""GLD"": 0.0, ""IEF"": 0.0, ""QQQ"": 0.0, ""SPY"": 0.0}",,,0.0,0.0,0.0,0.0
2007-04-30,2007-05-01,"{""GLD"": 0.0, ""IEF"": 0.0, ""QQQ"": 0.0, ""SPY"": 0.0}","{""GLD"": 0.0, ""IEF"": 0.0, ""QQQ"": 0.0, ""SPY"": 0.0}",,,0.0,0.0,0.0,0.0
2007-05-31,2007-06-01,"{""GLD"": 0.0, ""IEF"": 0.0, ""QQQ"": 0.0, ""SPY"": 0.0}","{""GLD"": 0.0, ""IEF"": 0.0, ""QQQ"": 0.0, ""SPY"": 0.0}",,,0.0,0.0,0.0,0.0
2007-06-29,2007-07-02,"{""GLD"": 0.0, ""IEF"": 0.0, ""QQQ"": 0.0, ""SPY"": 0.0}","{""GLD"": 0.0, ""IEF"": 0.0, ""QQQ"": 0.0, ""SPY"": 0.0}",,,0.0,0.0,0.0,0.0
2007-07-31,2007-08-01,"{""GLD"": 0.0, ""IEF"": 0.0, ""QQQ"": 0.0, ""SPY"": 0.0}","{""GLD"": 0.0, ""IEF"": 0.0, ""QQQ"": 0.0, ""SPY"": 0.0}",,,0.0,0.0,0.0,0.0
2007-08-31,2007-09-04,"{""GLD"": 0.0, ""IEF"": 0.0, ""QQQ"": 0.0, ""SPY"": 0.0}","{""GLD"": 0.0, ""IEF"": 0.0, ""QQQ"": 0.0, ""SPY"": 0.0}",,,0.0,0.0,0.0,0.0
2007-09-28,2007-10-01,"{""GLD"": 0.0, ""IEF"": 0.0, ""QQQ"": 0.0, ""SPY"": 0.0}","{""GLD"": 0.0, ""IEF"": 0.0, ""QQQ"": 0.0, ""SPY"": 0.0}",,,0.0,0.0,0.0,0.0
2007-10-31,2007-11-01,"{""GLD"": 0.0, ""IEF"": 0.0, ""QQQ"": 0.0, ""SPY"": 0.0}","{""GLD"": 0.0, ""IEF"": 0.0, ""QQQ"": 0.0, ""SPY"": 0.0}",,,0.0,0.0,0.0,0.0
2007-11-30,2007-12-03,"{""GLD"": 0.0, ""IEF"": 0.0, ""QQQ"": 0.0, ""SPY"": 0.0}","{""GLD"": 0.0, ""IEF"": 0.0, ""QQQ"": 0.0, ""SPY"": 0.0}",,,0.0,0.0,0.0,0.0
2007-12-31,2008-01-02,"{""GLD"": 0.0, ""IEF"": 0.0, ""QQQ"": 0.0, ""SPY"": 0.0}","{""GLD"": 0.0, ""IEF"": 0.0, ""QQQ"": 0.0, ""SPY"": 0.0}",,,0.0,0.0,0.0,0.0
2008-01-31,2008-02-01,"{""GLD"": 0.0, ""IEF"": 0.0, ""QQQ"": 0.0, ""SPY"": 0.0}","{""GLD"": 0.5, ""IEF"": 0.0, ""QQQ"": 0.0, ""SPY"": 0.0}",,GLD,0.5,66.033,24.9999999999974,0.0
2008-02-29,2008-03-03,"{""GLD"": 0.5, ""IEF"": 0.0, ""QQQ"": 0.0, ""SPY"": 0.0}","{""GLD"": 0.5, ""IEF"": 0.0, ""QQQ"": 0.0, ""SPY"": 0.0}",GLD,,0.009794992353166991,1.3157145232087881,0.49862602634985215,0.0
2008-03-31,2008-04-01,"{""GLD"": 0.5, ""IEF"": 0.0, ""QQQ"": 0.0, ""SPY"": 0.0}","{""GLD"": 0.5, ""IEF"": 0.0, ""QQQ"": 0.0, ""SPY"": 0.0}",,GLD,0.03563573668851076,4.4726259976385485,1.6933298493319333,0.0
2008-04-30,2008-05-01,"{""GLD"": 0.5, ""IEF"": 0.0, ""QQQ"": 0.0, ""SPY"": 0.0}","{""GLD"": 0.5, ""IEF"": 0.0, ""QQQ"": 0.0, ""SPY"": 0.0}",GLD,,0.00035715908222369765,1.0394300079345704,0.016981322038011774,0.0
2008-05-30,2008-06-02,"{""GLD"": 0.5, ""IEF"": 0.0, ""QQQ"": 0.0, ""SPY"": 0.0}","{""GLD"": 0.5, ""IEF"": 0.0, ""QQQ"": 0.0, ""SPY"": 0.0}",GLD,,0.0123266266274212,1.5855212870033633,0.6008766834187146,0.0
2008-06-30,2008-07-01,"{""GLD"": 0.5, ""IEF"": 0.0, ""QQQ"": 0.0, ""SPY"": 0.0}","{""GLD"": 0.5, ""IEF"": 0.0, ""QQQ"": 0.0, ""SPY"": 0.0}",GLD,,0.015530376371354628,2.061549605235876,0.7812806423042885,0.0
2008-07-31,2008-08-01,"{""GLD"": 0.5, ""IEF"": 0.0, ""QQQ"": 0.0, ""SPY"": 0.0}","{""GLD"": 0.5, ""IEF"": 0.5, ""QQQ"": 0.0, ""SPY"": 0.0}",,"GLD,IEF",0.5034377331556232,66.81666289297341,25.105924063326196,0.0
2008-08-29,2008-09-02,"{""GLD"": 0.5, ""IEF"": 0.5, ""QQQ"": 0.0, ""SPY"": 0.0}","{""GLD"": 0.0, ""IEF"": 0.5, ""QQQ"": 0.0, ""SPY"": 0.0}","GLD,IEF",,0.5,62.254194391877505,23.592930704699,0.0
2008-09-30,2008-10-01,"{""GLD"": 0.0, ""IEF"": 0.5, ""QQQ"": 0.0, ""SPY"": 0.0}","{""GLD"": 0.0, ""IEF"": 0.5, ""QQQ"": 0.0, ""SPY"": 0.0}",,IEF,0.0026141199664341686,1.0606999969482422,0.12248470831672557,0.0
2008-10-31,2008-11-03,"{""GLD"": 0.0, ""IEF"": 0.5, ""QQQ"": 0.0, ""SPY"": 0.0}","{""GLD"": 0.0, ""IEF"": 0.0, ""QQQ"": 0.0, ""SPY"": 0.0}",IEF,,0.4781823319627469,56.6469937415016,21.467928563334965,0.0
2008-11-28,2008-12-01,"{""GLD"": 0.0, ""IEF"": 0.0, ""QQQ"": 0.0, ""SPY"": 0.0}","{""GLD"": 0.0, ""IEF"": 0.0, ""QQQ"": 0.0, ""SPY"": 0.0}",,,0.0,0.0,0.0,0.0
2008-12-31,2009-01-02,"{""GLD"": 0.0, ""IEF"": 0.0, ""QQQ"": 0.0, ""SPY"": 0.0}","{""GLD"": 0.0, ""IEF"": 0.0, ""QQQ"": 0.0, ""SPY"": 0.0}",,,0.0,0.0,0.0,0.0
2009-01-30,2009-02-02,"{""GLD"": 0.0, ""IEF"": 0.0, ""QQQ"": 0.0, ""SPY"": 0.0}","{""GLD"": 0.0, ""IEF"": 0.0, ""QQQ"": 0.0, ""SPY"": 0.0}",,,0.0,0.0,0.0,0.0
2009-02-27,2009-03-02,"{""GLD"": 0.0, ""IEF"": 0.0, ""QQQ"": 0.0, ""SPY"": 0.0}","{""GLD"": 0.0, ""IEF"": 0.5, ""QQQ"": 0.0, ""SPY"": 0.0}",,IEF,0.49999999999999994,59.239263394920755,22.427900971830223,0.0
2009-03-31,2009-04-01,"{""GLD"": 0.0, ""IEF"": 0.5, ""QQQ"": 0.0, ""SPY"": 0.0}","{""GLD"": 0.0, ""IEF"": 0.5, ""QQQ"": 0.0, ""SPY"": 0.0}",IEF,,0.01145936044080676,1.385618314909033,0.5251179813046986,0.0
2009-04-30,2009-05-01,"{""GLD"": 0.0, ""IEF"": 0.5, ""QQQ"": 0.0, ""SPY"": 0.0}","{""GLD"": 0.0, ""IEF"": 0.5, ""QQQ"": 0.0, ""SPY"": 0.0}",,IEF,0.008971179951734675,1.0666594903449504,0.4038357678527484,0.0
2009-05-29,2009-06-01,"{""GLD"": 0.0, ""IEF"": 0.5, ""QQQ"": 0.0, ""SPY"": 0.0}","{""GLD"": 0.0, ""IEF"": 0.0, ""QQQ"": 0.0, ""SPY"": 0.0}",IEF,,0.48442231431332583,55.799175720663264,21.146624721701773,0.0
2009-06-30,2009-07-01,"{""GLD"": 0.0, ""IEF"": 0.0, ""QQQ"": 0.0, ""SPY"": 0.0}","{""GLD"": 0.0, ""IEF"": 0.0, ""QQQ"": 0.0, ""SPY"": 0.0}",,,0.0,0.0,0.0,0.0
2009-07-31,2009-08-03,"{""GLD"": 0.0, ""IEF"": 0.0, ""QQQ"": 0.0, ""SPY"": 0.0}","{""GLD"": 0.0, ""IEF"": 0.0, ""QQQ"": 0.0, ""SPY"": 0.0}",,,0.0,0.0,0.0,0.0
2009-08-31,2009-09-01,"{""GLD"": 0.0, ""IEF"": 0.0, ""QQQ"": 0.0, ""SPY"": 0.0}","{""GLD"": 0.0, ""IEF"": 0.0, ""QQQ"": 0.0, ""SPY"": 0.0}",,,0.0,0.0,0.0,0.0
2009-09-30,2009-10-01,"{""GLD"": 0.0, ""IEF"": 0.0, ""QQQ"": 0.0, ""SPY"": 0.0}","{""GLD"": 0.0, ""IEF"": 0.0, ""QQQ"": 0.0, ""SPY"": 0.0}",,,0.0,0.0,0.0,0.0
2009-10-30,2009-11-02,"{""GLD"": 0.0, ""IEF"": 0.0, ""QQQ"": 0.0, ""SPY"": 0.0}","{""GLD"": 0.5, ""IEF"": 0.0, ""QQQ"": 0.5, ""SPY"": 0.0}",,"GLD,QQQ",0.9981826487786746,114.9913120034025,43.53554737911247,0.0
2009-11-30,2009-12-01,"{""GLD"": 0.5, ""IEF"": 0.0, ""QQQ"": 0.5, ""SPY"": 0.0}","{""GLD"": 0.5, ""IEF"": 0.0, ""QQQ"": 0.5, ""SPY"": 0.0}",GLD,QQQ,0.02620061059353118,3.178010136411987,1.2037928137885898,0.0
2009-12-30,2010-01-04,"{""GLD"": 0.5, ""IEF"": 0.0, ""QQQ"": 0.5, ""SPY"": 0.0}","{""GLD"": 0.0, ""IEF"": 0.0, ""QQQ"": 0.5, ""SPY"": 0.5}","GLD,QQQ",SPY,0.9981833075792228,130.0946353600946,49.27831581296643,0.0
2010-01-29,2010-02-01,"{""GLD"": 0.0, ""IEF"": 0.0, ""QQQ"": 0.5, ""SPY"": 0.5}","{""GLD"": 0.0, ""IEF"": 0.0, ""QQQ"": 0.5, ""SPY"": 0.5}",SPY,QQQ,0.017975955113866408,2.143972087241889,0.8121113781276137,0.0
2010-02-26,2010-03-01,"{""GLD"": 0.0, ""IEF"": 0.0, ""QQQ"": 0.5, ""SPY"": 0.5}","{""GLD"": 0.0, ""IEF"": 0.0, ""QQQ"": 0.5, ""SPY"": 0.5}",QQQ,SPY,0.009713472797958742,1.778419952392578,0.44883530539559946,0.0
2010-03-31,2010-04-05,"{""GLD"": 0.0, ""IEF"": 0.0, ""QQQ"": 0.5, ""SPY"": 0.5}","{""GLD"": 0.0, ""IEF"": 0.0, ""QQQ"": 0.5, ""SPY"": 0.5}",QQQ,SPY,0.005994860590127951,1.8905999755859375,0.31503068986281685,0.0
2010-04-30,2010-05-03,"{""GLD"": 0.0, ""IEF"": 0.0, ""QQQ"": 0.5, ""SPY"": 0.5}","{""GLD"": 0.0, ""IEF"": 0.0, ""QQQ"": 0.5, ""SPY"": 0.5}",QQQ,SPY,0.007430910348224895,1.8766000366210935,0.39422910575417347,0.0
2010-05-27,2010-06-01,"{""GLD"": 0.0, ""IEF"": 0.0, ""QQQ"": 0.5, ""SPY"": 0.5}","{""GLD"": 0.5, ""IEF"": 0.0, ""QQQ"": 0.5, ""SPY"": 0.0}","QQQ,SPY",GLD,0.9981774331018923,124.5799829354874,46.97959109388792,0.0
2010-06-30,2010-07-01,"{""GLD"": 0.5, ""IEF"": 0.0, ""QQQ"": 0.5, ""SPY"": 0.0}","{""GLD"": 0.5, ""IEF"": 0.5, ""QQQ"": 0.0, ""SPY"": 0.0}","GLD,QQQ",IEF,0.9981833075792228,117.13289324620243,44.368560544377615,0.0
2010-07-30,2010-08-02,"{""GLD"": 0.5, ""IEF"": 0.5, ""QQQ"": 0.0, ""SPY"": 0.0}","{""GLD"": 0.0, ""IEF"": 0.0, ""QQQ"": 0.0, ""SPY"": 0.0}","GLD,IEF",,1.0,112.5370648216542,42.64900056909144,0.0
2010-08-31,2010-09-01,"{""GLD"": 0.0, ""IEF"": 0.0, ""QQQ"": 0.0, ""SPY"": 0.0}","{""GLD"": 0.5, ""IEF"": 0.5, ""QQQ"": 0.0, ""SPY"": 0.0}",,"GLD,IEF",0.9981826487786746,112.24035862270763,42.49404033691256,0.0
2010-09-30,2010-10-01,"{""GLD"": 0.5, ""IEF"": 0.5, ""QQQ"": 0.0, ""SPY"": 0.0}","{""GLD"": 0.5, ""IEF"": 0.0, ""QQQ"": 0.5, ""SPY"": 0.0}","GLD,IEF",QQQ,0.9981833075792228,114.01318902910518,43.186853326182586,0.0
2010-10-29,2010-11-01,"{""GLD"": 0.5, ""IEF"": 0.0, ""QQQ"": 0.5, ""SPY"": 0.0}","{""GLD"": 0.5, ""IEF"": 0.0, ""QQQ"": 0.5, ""SPY"": 0.0}",QQQ,GLD,0.011524051963464083,1.6335800170898438,0.5076322574486133,0.0
2010-11-30,2010-12-01,"{""GLD"": 0.5, ""IEF"": 0.0, ""QQQ"": 0.5, ""SPY"": 0.0}","{""GLD"": 0.5, ""IEF"": 0.0, ""QQQ"": 0.5, ""SPY"": 0.0}",GLD,QQQ,0.005873426493396182,1.6850799560546876,0.271014380615057,0.0
2010-12-31,2011-01-03,"{""GLD"": 0.5, ""IEF"": 0.0, ""QQQ"": 0.5, ""SPY"": 0.0}","{""GLD"": 0.5, ""IEF"": 0.0, ""QQQ"": 0.5, ""SPY"": 0.0}",QQQ,GLD,0.00985715479628254,1.629600067138672,0.453937049024412,0.0
2011-01-31,2011-02-01,"{""GLD"": 0.5, ""IEF"": 0.0, ""QQQ"": 0.5, ""SPY"": 0.0}","{""GLD"": 0.0, ""IEF"": 0.0, ""QQQ"": 0.5, ""SPY"": 0.5}","GLD,QQQ",SPY,0.9981833075792231,120.31610614157759,45.574324101987216,0.0
2011-02-28,2011-03-01,"{""GLD"": 0.0, ""IEF"": 0.0, ""QQQ"": 0.5, ""SPY"": 0.5}","{""GLD"": 0.5, ""IEF"": 0.0, ""QQQ"": 0.5, ""SPY"": 0.0}","QQQ,SPY",GLD,0.9981746621434772,123.803993191653,46.589240382783466,0.0
2011-03-31,2011-04-01,"{""GLD"": 0.5, ""IEF"": 0.0, ""QQQ"": 0.5, ""SPY"": 0.0}","{""GLD"": 0.5, ""IEF"": 0.0, ""QQQ"": 0.5, ""SPY"": 0.0}",GLD,QQQ,9.587452307387477e-05,1.663000030517578,0.004544125716655573,0.0
2011-04-29,2011-05-02,"{""GLD"": 0.5, ""IEF"": 0.0, ""QQQ"": 0.5, ""SPY"": 0.0}","{""GLD"": 0.5, ""IEF"": 0.0, ""QQQ"": 0.5, ""SPY"": 0.0}",GLD,QQQ,0.03137818141292313,4.0772720410552985,1.5444226330960689,0.0
2011-05-31,2011-06-01,"{""GLD"": 0.5, ""IEF"": 0.0, ""QQQ"": 0.5, ""SPY"": 0.0}","{""GLD"": 0.5, ""IEF"": 0.0, ""QQQ"": 0.5, ""SPY"": 0.0}",GLD,QQQ,0.0024421519429719024,1.6175999450683594,0.11753722137143391,0.0
2011-06-30,2011-07-05,"{""GLD"": 0.5, ""IEF"": 0.0, ""QQQ"": 0.5, ""SPY"": 0.0}","{""GLD"": 0.0, ""IEF"": 0.0, ""QQQ"": 0.5, ""SPY"": 0.5}","GLD,QQQ",SPY,0.9981800095876634,125.84143220851605,47.54802152044884,0.0
2011-07-29,2011-08-01,"{""GLD"": 0.0, ""IEF"": 0.0, ""QQQ"": 0.5, ""SPY"": 0.5}","{""GLD"": 0.5, ""IEF"": 0.0, ""QQQ"": 0.0, ""SPY"": 0.0}","QQQ,SPY",GLD,1.4999999999999998,180.08473326526249,68.22528499645607,0.0
2011-08-31,2011-09-01,"{""GLD"": 0.5, ""IEF"": 0.0, ""QQQ"": 0.0, ""SPY"": 0.0}","{""GLD"": 0.5, ""IEF"": 0.0, ""QQQ"": 0.0, ""SPY"": 0.0}",GLD,,0.027857428953665553,3.521285539385642,1.3344875238321598,0.0
2011-09-30,2011-10-03,"{""GLD"": 0.5, ""IEF"": 0.0, ""QQQ"": 0.0, ""SPY"": 0.0}","{""GLD"": 0.5, ""IEF"": 0.5, ""QQQ"": 0.0, ""SPY"": 0.0}",,"GLD,IEF",0.5229630594906408,63.14376923985854,23.906141338365565,0.0
2011-10-31,2011-11-01,"{""GLD"": 0.5, ""IEF"": 0.5, ""QQQ"": 0.0, ""SPY"": 0.0}","{""GLD"": 0.5, ""IEF"": 0.5, ""QQQ"": 0.0, ""SPY"": 0.0}",GLD,IEF,0.01303183057720065,1.5596634995144227,0.5907821662152286,0.0
2011-11-30,2011-12-01,"{""GLD"": 0.5, ""IEF"": 0.5, ""QQQ"": 0.0, ""SPY"": 0.0}","{""GLD"": 0.5, ""IEF"": 0.5, ""QQQ"": 0.0, ""SPY"": 0.0}",GLD,IEF,0.019976869127497326,2.4982500653589628,0.9463077040783077,0.0
2011-12-30,2012-01-03,"{""GLD"": 0.5, ""IEF"": 0.5, ""QQQ"": 0.0, ""SPY"": 0.0}","{""GLD"": 0.0, ""IEF"": 0.5, ""QQQ"": 0.0, ""SPY"": 0.0}","GLD,IEF",,0.5,59.47490207277168,22.539641818172342,0.0
2012-01-31,2012-02-01,"{""GLD"": 0.0, ""IEF"": 0.5, ""QQQ"": 0.0, ""SPY"": 0.0}","{""GLD"": 0.5, ""IEF"": 0.5, ""QQQ"": 0.0, ""SPY"": 0.0}",IEF,GLD,0.5005476777366875,60.2549774538027,22.589489675506346,0.0
2012-02-29,2012-03-01,"{""GLD"": 0.5, ""IEF"": 0.5, ""QQQ"": 0.0, ""SPY"": 0.0}","{""GLD"": 0.5, ""IEF"": 0.5, ""QQQ"": 0.0, ""SPY"": 0.0}",IEF,GLD,0.005019969203007324,1.6096000671386719,0.23444706042381497,0.0
2012-03-30,2012-04-02,"{""GLD"": 0.5, ""IEF"": 0.5, ""QQQ"": 0.0, ""SPY"": 0.0}","{""GLD"": 0.5, ""IEF"": 0.0, ""QQQ"": 0.5, ""SPY"": 0.0}",IEF,"GLD,QQQ",1.0071078850924866,125.37565329831926,47.30299863880944,0.0
2012-04-30,2012-05-01,"{""GLD"": 0.5, ""IEF"": 0.0, ""QQQ"": 0.5, ""SPY"": 0.0}","{""GLD"": 0.0, ""IEF"": 0.5, ""QQQ"": 0.5, ""SPY"": 0.0}",GLD,"IEF,QQQ",1.0025238098209919,121.05104862148652,45.647537604187626,0.0
2012-05-31,2012-06-01,"{""GLD"": 0.0, ""IEF"": 0.5, ""QQQ"": 0.5, ""SPY"": 0.0}","{""GLD"": 0.0, ""IEF"": 0.5, ""QQQ"": 0.5, ""SPY"": 0.0}",IEF,QQQ,0.06001532596223535,6.890810991271563,2.6101580537539135,0.0
2012-06-29,2012-07-02,"{""GLD"": 0.0, ""IEF"": 0.5, ""QQQ"": 0.5, ""SPY"": 0.0}","{""GLD"": 0.0, ""IEF"": 0.5, ""QQQ"": 0.5, ""SPY"": 0.0}",QQQ,IEF,0.03153497780011561,3.7234818675526746,1.4104110817884026,0.0
2012-07-31,2012-08-01,"{""GLD"": 0.0, ""IEF"": 0.5, ""QQQ"": 0.5, ""SPY"": 0.0}","{""GLD"": 0.0, ""IEF"": 0.5, ""QQQ"": 0.5, ""SPY"": 0.0}",QQQ,IEF,0.0033849391397535126,1.5620199584960939,0.1509632333942771,0.0
2012-08-31,2012-09-04,"{""GLD"": 0.0, ""IEF"": 0.5, ""QQQ"": 0.5, ""SPY"": 0.0}","{""GLD"": 0.0, ""IEF"": 0.0, ""QQQ"": 0.5, ""SPY"": 0.5}","IEF,QQQ",SPY,0.9981833075792228,120.30136113899532,45.56873886865635,0.0
2012-09-28,2012-10-01,"{""GLD"": 0.0, ""IEF"": 0.0, ""QQQ"": 0.5, ""SPY"": 0.5}","{""GLD"": 0.0, ""IEF"": 0.0, ""QQQ"": 0.5, ""SPY"": 0.5}",SPY,QQQ,0.002406251597974099,1.5522000122070312,0.11089252229258151,0.0
2012-10-31,2012-11-01,"{""GLD"": 0.0, ""IEF"": 0.0, ""QQQ"": 0.5, ""SPY"": 0.5}","{""GLD"": 0.0, ""IEF"": 0.0, ""QQQ"": 0.5, ""SPY"": 0.5}",SPY,QQQ,0.01707039851432554,2.0553082127135722,0.7785265466077169,0.0
2012-11-30,2012-12-03,"{""GLD"": 0.0, ""IEF"": 0.0, ""QQQ"": 0.5, ""SPY"": 0.5}","{""GLD"": 0.0, ""IEF"": 0.0, ""QQQ"": 0.5, ""SPY"": 0.5}",QQQ,SPY,0.0036349059767915638,1.64302001953125,0.172916117486171,0.0
2012-12-31,2013-01-02,"{""GLD"": 0.0, ""IEF"": 0.0, ""QQQ"": 0.5, ""SPY"": 0.5}","{""GLD"": 0.0, ""IEF"": 0.0, ""QQQ"": 0.5, ""SPY"": 0.5}",SPY,QQQ,0.0023608338961809204,1.7344000244140625,0.12018069656810682,0.0
2013-01-31,2013-02-01,"{""GLD"": 0.0, ""IEF"": 0.0, ""QQQ"": 0.5, ""SPY"": 0.5}","{""GLD"": 0.0, ""IEF"": 0.0, ""QQQ"": 0.5, ""SPY"": 0.5}",SPY,QQQ,0.01381619692076116,1.9956550393283004,0.7559306270358364,0.0
2013-02-28,2013-03-01,"{""GLD"": 0.0, ""IEF"": 0.0, ""QQQ"": 0.5, ""SPY"": 0.5}","{""GLD"": 0.0, ""IEF"": 0.0, ""QQQ"": 0.5, ""SPY"": 0.5}",SPY,QQQ,0.005084974018750374,1.8460600280761719,0.2815216960491858,0.0
2013-03-28,2013-04-01,"{""GLD"": 0.0, ""IEF"": 0.0, ""QQQ"": 0.5, ""SPY"": 0.5}","{""GLD"": 0.0, ""IEF"": 0.5, ""QQQ"": 0.0, ""SPY"": 0.5}","QQQ,SPY",IEF,0.9981757386414205,155.0730376563531,58.40372794983091,0.0
2013-04-30,2013-05-01,"{""GLD"": 0.0, ""IEF"": 0.5, ""QQQ"": 0.0, ""SPY"": 0.5}","{""GLD"": 0.0, ""IEF"": 0.0, ""QQQ"": 0.5, ""SPY"": 0.5}","IEF,SPY",QQQ,0.9981767033136164,163.4970702172857,61.621333392594444,0.0
2013-05-31,2013-06-03,"{""GLD"": 0.0, ""IEF"": 0.0, ""QQQ"": 0.5, ""SPY"": 0.5}","{""GLD"": 0.0, ""IEF"": 0.0, ""QQQ"": 0.5, ""SPY"": 0.5}",QQQ,SPY,0.002492725294060202,2.021999969482422,0.16387523126201733,0.0
2013-06-28,2013-07-01,"{""GLD"": 0.0, ""IEF"": 0.0, ""QQQ"": 0.5, ""SPY"": 0.5}","{""GLD"": 0.0, ""IEF"": 0.0, ""QQQ"": 0.5, ""SPY"": 0.5}",SPY,QQQ,0.0012730954430607221,1.9695199584960934,0.0801379590588956,0.0
2013-07-31,2013-08-01,"{""GLD"": 0.0, ""IEF"": 0.0, ""QQQ"": 0.5, ""SPY"": 0.5}","{""GLD"": 0.0, ""IEF"": 0.0, ""QQQ"": 0.5, ""SPY"": 0.5}",QQQ,SPY,0.004619435907341822,1.960319976806641,0.30651226289062705,0.0
2013-08-30,2013-09-03,"{""GLD"": 0.0, ""IEF"": 0.0, ""QQQ"": 0.5, ""SPY"": 0.5}","{""GLD"": 0.0, ""IEF"": 0.0, ""QQQ"": 0.5, ""SPY"": 0.5}",QQQ,SPY,0.012867045683425624,2.227709498875532,0.8438301235193884,0.0
2013-09-30,2013-10-01,"{""GLD"": 0.0, ""IEF"": 0.0, ""QQQ"": 0.5, ""SPY"": 0.5}","{""GLD"": 0.0, ""IEF"": 0.0, ""QQQ"": 0.5, ""SPY"": 0.5}",QQQ,SPY,0.010852478259373561,1.956540069580078,0.7280219529515446,0.0
2013-10-31,2013-11-01,"{""GLD"": 0.0, ""IEF"": 0.0, ""QQQ"": 0.5, ""SPY"": 0.5}","{""GLD"": 0.0, ""IEF"": 0.0, ""QQQ"": 0.5, ""SPY"": 0.5}",QQQ,SPY,0.0031256117644789874,1.9701400756835936,0.22171691570442092,0.0
2013-11-29,2013-12-02,"{""GLD"": 0.0, ""IEF"": 0.0, ""QQQ"": 0.5, ""SPY"": 0.5}","{""GLD"": 0.0, ""IEF"": 0.0, ""QQQ"": 0.5, ""SPY"": 0.5}",QQQ,SPY,0.0024857453201260903,2.0458399963378904,0.18884318255249638,0.0
2013-12-31,2014-01-02,"{""GLD"": 0.0, ""IEF"": 0.0, ""QQQ"": 0.5, ""SPY"": 0.5}","{""GLD"": 0.0, ""IEF"": 0.0, ""QQQ"": 0.5, ""SPY"": 0.5}",QQQ,SPY,0.0037005100954357706,2.106000061035156,0.29510258493376,0.0
2014-01-31,2014-02-03,"{""GLD"": 0.0, ""IEF"": 0.0, ""QQQ"": 0.5, ""SPY"": 0.5}","{""GLD"": 0.0, ""IEF"": 0.0, ""QQQ"": 0.5, ""SPY"": 0.5}",QQQ,SPY,0.008464975620061129,2.0551600646972656,0.6425966090336407,0.0
2014-02-28,2014-03-03,"{""GLD"": 0.0, ""IEF"": 0.0, ""QQQ"": 0.5, ""SPY"": 0.5}","{""GLD"": 0.0, ""IEF"": 0.0, ""QQQ"": 0.5, ""SPY"": 0.5}",QQQ,SPY,0.0027034356868202315,2.042200012207031,0.21222339970349124,0.0
2014-03-31,2014-04-01,"{""GLD"": 0.0, ""IEF"": 0.0, ""QQQ"": 0.5, ""SPY"": 0.5}","{""GLD"": 0.0, ""IEF"": 0.0, ""QQQ"": 0.5, ""SPY"": 0.5}",SPY,QQQ,0.01451759186699273,3.035487102989534,1.1498067671527714,0.0
2014-04-30,2014-05-01,"{""GLD"": 0.0, ""IEF"": 0.0, ""QQQ"": 0.5, ""SPY"": 0.5}","{""GLD"": 0.0, ""IEF"": 0.0, ""QQQ"": 0.5, ""SPY"": 0.5}",SPY,QQQ,0.004962415431169864,2.051280059814453,0.3911548782124471,0.0
2014-05-30,2014-06-02,"{""GLD"": 0.0, ""IEF"": 0.0, ""QQQ"": 0.5, ""SPY"": 0.5}","{""GLD"": 0.0, ""IEF"": 0.0, ""QQQ"": 0.5, ""SPY"": 0.5}",QQQ,SPY,0.009629980872877208,2.0569132770367577,0.7791345260713121,0.0
2014-06-30,2014-07-01,"{""GLD"": 0.0, ""IEF"": 0.0, ""QQQ"": 0.5, ""SPY"": 0.5}","{""GLD"": 0.0, ""IEF"": 0.0, ""QQQ"": 0.5, ""SPY"": 0.5}",QQQ,SPY,0.005747615681527687,2.028860015869141,0.4765326742537557,0.0
2014-07-31,2014-08-01,"{""GLD"": 0.0, ""IEF"": 0.0, ""QQQ"": 0.5, ""SPY"": 0.5}","{""GLD"": 0.0, ""IEF"": 0.0, ""QQQ"": 0.5, ""SPY"": 0.5}",QQQ,SPY,0.012637085007470945,2.7874350587650816,1.0558475739892028,0.0
2014-08-29,2014-09-02,"{""GLD"": 0.0, ""IEF"": 0.0, ""QQQ"": 0.5, ""SPY"": 0.5}","{""GLD"": 0.0, ""IEF"": 0.0, ""QQQ"": 0.5, ""SPY"": 0.5}",QQQ,SPY,0.005598305210779287,2.0833599853515627,0.4972477515998073,0.0
2014-09-30,2014-10-01,"{""GLD"": 0.0, ""IEF"": 0.0, ""QQQ"": 0.5, ""SPY"": 0.5}","{""GLD"": 0.0, ""IEF"": 0.0, ""QQQ"": 0.5, ""SPY"": 0.5}",QQQ,SPY,0.0019889727215129773,2.187799987792969,0.18278683495113388,0.0
2014-10-31,2014-11-03,"{""GLD"": 0.0, ""IEF"": 0.0, ""QQQ"": 0.5, ""SPY"": 0.5}","{""GLD"": 0.0, ""IEF"": 0.0, ""QQQ"": 0.5, ""SPY"": 0.5}",QQQ,SPY,0.0019706070751703804,2.184259948730469,0.18596822170911398,0.0
2014-11-28,2014-12-01,"{""GLD"": 0.0, ""IEF"": 0.0, ""QQQ"": 0.5, ""SPY"": 0.5}","{""GLD"": 0.0, ""IEF"": 0.0, ""QQQ"": 0.5, ""SPY"": 0.5}",QQQ,SPY,0.009399936463904291,2.607438898755972,0.9876671483050798,0.0
2014-12-31,2015-01-02,"{""GLD"": 0.0, ""IEF"": 0.0, ""QQQ"": 0.5, ""SPY"": 0.5}","{""GLD"": 0.0, ""IEF"": 0.0, ""QQQ"": 0.5, ""SPY"": 0.5}",SPY,QQQ,0.01022293939749345,2.8660020183200263,1.0856078130237186,0.0
2015-01-30,2015-02-02,"{""GLD"": 0.0, ""IEF"": 0.0, ""QQQ"": 0.5, ""SPY"": 0.5}","{""GLD"": 0.0, ""IEF"": 0.0, ""QQQ"": 0.5, ""SPY"": 0.5}",QQQ,SPY,0.003602200329895515,2.364960021972656,0.3677110660946956,0.0
2015-02-27,2015-03-02,"{""GLD"": 0.0, ""IEF"": 0.0, ""QQQ"": 0.5, ""SPY"": 0.5}","{""GLD"": 0.0, ""IEF"": 0.0, ""QQQ"": 0.5, ""SPY"": 0.5}",QQQ,SPY,0.008828979432382748,2.553391374003981,0.9671945824206529,0.0
2015-03-31,2015-04-01,"{""GLD"": 0.0, ""IEF"": 0.0, ""QQQ"": 0.5, ""SPY"": 0.5}","{""GLD"": 0.0, ""IEF"": 0.0, ""QQQ"": 0.5, ""SPY"": 0.5}",SPY,QQQ,0.004673357622164284,2.4002600097656246,0.5038351498596297,0.0
2015-04-30,2015-05-01,"{""GLD"": 0.0, ""IEF"": 0.0, ""QQQ"": 0.5, ""SPY"": 0.5}","{""GLD"": 0.0, ""IEF"": 0.0, ""QQQ"": 0.5, ""SPY"": 0.5}",QQQ,SPY,0.004287811348864245,2.3794000244140627,0.4669433461003314,0.0
2015-05-29,2015-06-01,"{""GLD"": 0.0, ""IEF"": 0.0, ""QQQ"": 0.5, ""SPY"": 0.5}","{""GLD"": 0.0, ""IEF"": 0.0, ""QQQ"": 0.5, ""SPY"": 0.5}",QQQ,SPY,0.005901296460265325,2.4763999938964845,0.6809741990775772,0.0
2015-06-30,2015-07-01,"{""GLD"": 0.0, ""IEF"": 0.0, ""QQQ"": 0.5, ""SPY"": 0.5}","{""GLD"": 0.0, ""IEF"": 0.0, ""QQQ"": 0.5, ""SPY"": 0.5}",SPY,QQQ,0.002768909841108166,2.4533999633789065,0.3108966489346091,0.0
2015-07-31,2015-08-03,"{""GLD"": 0.0, ""IEF"": 0.0, ""QQQ"": 0.5, ""SPY"": 0.5}","{""GLD"": 0.0, ""IEF"": 0.0, ""QQQ"": 0.5, ""SPY"": 0.5}",QQQ,SPY,0.011013883891090504,3.3827673106488376,1.2813524200634623,0.0
2015-08-31,2015-09-01,"{""GLD"": 0.0, ""IEF"": 0.0, ""QQQ"": 0.5, ""SPY"": 0.5}","{""GLD"": 0.0, ""IEF"": 0.5, ""QQQ"": 0.0, ""SPY"": 0.0}","QQQ,SPY",IEF,1.5,410.9636150926771,155.69398501744453,0.0
2015-09-30,2015-10-01,"{""GLD"": 0.0, ""IEF"": 0.5, ""QQQ"": 0.0, ""SPY"": 0.0}","{""GLD"": 0.0, ""IEF"": 0.5, ""QQQ"": 0.0, ""SPY"": 0.0}",IEF,,0.0020873499418548112,1.1986000061035156,0.21637905863785606,0.0
2015-10-30,2015-11-02,"{""GLD"": 0.0, ""IEF"": 0.5, ""QQQ"": 0.0, ""SPY"": 0.0}","{""GLD"": 0.0, ""IEF"": 0.0, ""QQQ"": 0.5, ""SPY"": 0.5}",IEF,"QQQ,SPY",1.4970574851625846,409.58088522268866,155.11850071151605,0.0
2015-11-30,2015-12-01,"{""GLD"": 0.0, ""IEF"": 0.0, ""QQQ"": 0.5, ""SPY"": 0.5}","{""GLD"": 0.0, ""IEF"": 0.0, ""QQQ"": 0.5, ""SPY"": 0.5}",SPY,QQQ,0.0016706288727847836,2.4566000366210936,0.17636910392773633,0.0
2015-12-31,2016-01-04,"{""GLD"": 0.0, ""IEF"": 0.0, ""QQQ"": 0.5, ""SPY"": 0.5}","{""GLD"": 0.0, ""IEF"": 0.0, ""QQQ"": 0.5, ""SPY"": 0.0}",SPY,QQQ,0.5023003999180367,132.55171755490537,49.892483707049635,0.0
2016-01-29,2016-02-01,"{""GLD"": 0.0, ""IEF"": 0.0, ""QQQ"": 0.5, ""SPY"": 0.0}","{""GLD"": 0.0, ""IEF"": 0.5, ""QQQ"": 0.0, ""SPY"": 0.0}",QQQ,IEF,0.9838864075173975,249.4883738375815,94.502398051987,0.0
2016-02-29,2016-03-01,"{""GLD"": 0.0, ""IEF"": 0.5, ""QQQ"": 0.0, ""SPY"": 0.0}","{""GLD"": 0.0, ""IEF"": 0.0, ""QQQ"": 0.0, ""SPY"": 0.0}",IEF,,0.4938798636282376,123.21515878546083,46.69575650909908,0.0
2016-03-31,2016-04-01,"{""GLD"": 0.0, ""IEF"": 0.0, ""QQQ"": 0.0, ""SPY"": 0.0}","{""GLD"": 0.0, ""IEF"": 0.0, ""QQQ"": 0.0, ""SPY"": 0.0}",,,0.0,0.0,0.0,0.0
2016-04-29,2016-05-02,"{""GLD"": 0.0, ""IEF"": 0.0, ""QQQ"": 0.0, ""SPY"": 0.0}","{""GLD"": 0.0, ""IEF"": 0.0, ""QQQ"": 0.0, ""SPY"": 0.0}",,,0.0,0.0,0.0,0.0
2016-05-31,2016-06-01,"{""GLD"": 0.0, ""IEF"": 0.0, ""QQQ"": 0.0, ""SPY"": 0.0}","{""GLD"": 0.0, ""IEF"": 0.0, ""QQQ"": 0.0, ""SPY"": 0.0}",,,0.0,0.0,0.0,0.0
2016-06-30,2016-07-01,"{""GLD"": 0.0, ""IEF"": 0.0, ""QQQ"": 0.0, ""SPY"": 0.0}","{""GLD"": 0.0, ""IEF"": 0.0, ""QQQ"": 0.0, ""SPY"": 0.0}",,,0.0,0.0,0.0,0.0
2016-07-29,2016-08-01,"{""GLD"": 0.0, ""IEF"": 0.0, ""QQQ"": 0.0, ""SPY"": 0.0}","{""GLD"": 0.5, ""IEF"": 0.0, ""QQQ"": 0.0, ""SPY"": 0.0}",,GLD,0.49999999999999994,124.75464248320712,47.23193042992745,0.0
2016-08-31,2016-09-01,"{""GLD"": 0.5, ""IEF"": 0.0, ""QQQ"": 0.0, ""SPY"": 0.0}","{""GLD"": 0.0, ""IEF"": 0.0, ""QQQ"": 0.0, ""SPY"": 0.0}",GLD,,0.4882363681477211,118.68387151790637,44.978501189188464,0.0
2016-09-30,2016-10-03,"{""GLD"": 0.0, ""IEF"": 0.0, ""QQQ"": 0.0, ""SPY"": 0.0}","{""GLD"": 0.0, ""IEF"": 0.0, ""QQQ"": 0.0, ""SPY"": 0.0}",,,0.0,0.0,0.0,0.0
2016-10-31,2016-11-01,"{""GLD"": 0.0, ""IEF"": 0.0, ""QQQ"": 0.0, ""SPY"": 0.0}","{""GLD"": 0.0, ""IEF"": 0.0, ""QQQ"": 0.0, ""SPY"": 0.0}",,,0.0,0.0,0.0,0.0
2016-11-30,2016-12-01,"{""GLD"": 0.0, ""IEF"": 0.0, ""QQQ"": 0.0, ""SPY"": 0.0}","{""GLD"": 0.0, ""IEF"": 0.0, ""QQQ"": 0.0, ""SPY"": 0.0}",,,0.0,0.0,0.0,0.0
2016-12-30,2017-01-03,"{""GLD"": 0.0, ""IEF"": 0.0, ""QQQ"": 0.0, ""SPY"": 0.0}","{""GLD"": 0.0, ""IEF"": 0.0, ""QQQ"": 0.5, ""SPY"": 0.5}",,"QQQ,SPY",0.9981826487786746,242.6721556208775,91.87533340180647,0.0
2017-01-31,2017-02-01,"{""GLD"": 0.0, ""IEF"": 0.0, ""QQQ"": 0.5, ""SPY"": 0.5}","{""GLD"": 0.0, ""IEF"": 0.0, ""QQQ"": 0.5, ""SPY"": 0.5}",QQQ,SPY,0.016187386736564432,3.946168154465609,1.4947620248025486,0.0
2017-02-28,2017-03-01,"{""GLD"": 0.0, ""IEF"": 0.0, ""QQQ"": 0.5, ""SPY"": 0.5}","{""GLD"": 0.0, ""IEF"": 0.0, ""QQQ"": 0.5, ""SPY"": 0.5}",SPY,QQQ,0.0005131130078286499,2.254900054931641,0.049062573243094154,0.0
2017-03-31,2017-04-03,"{""GLD"": 0.0, ""IEF"": 0.0, ""QQQ"": 0.5, ""SPY"": 0.5}","{""GLD"": 0.0, ""IEF"": 0.0, ""QQQ"": 0.5, ""SPY"": 0.5}",QQQ,SPY,0.010685705931678316,2.685410810852807,1.017201990370034,0.0
2017-04-28,2017-05-01,"{""GLD"": 0.0, ""IEF"": 0.0, ""QQQ"": 0.5, ""SPY"": 0.5}","{""GLD"": 0.0, ""IEF"": 0.0, ""QQQ"": 0.5, ""SPY"": 0.5}",QQQ,SPY,0.00881929323842732,2.252208377842771,0.8531100103608465,0.0
2017-05-31,2017-06-01,"{""GLD"": 0.0, ""IEF"": 0.0, ""QQQ"": 0.5, ""SPY"": 0.5}","{""GLD"": 0.0, ""IEF"": 0.0, ""QQQ"": 0.5, ""SPY"": 0.5}",QQQ,SPY,0.011634133763748285,3.0368142890754832,1.1503094896123942,0.0
2017-06-30,2017-07-03,"{""GLD"": 0.0, ""IEF"": 0.0, ""QQQ"": 0.5, ""SPY"": 0.5}","{""GLD"": 0.0, ""IEF"": 0.0, ""QQQ"": 0.5, ""SPY"": 0.5}",SPY,QQQ,0.014822053800949754,3.885759877721372,1.4718800809711587,0.0
2017-07-31,2017-08-01,"{""GLD"": 0.0, ""IEF"": 0.0, ""QQQ"": 0.5, ""SPY"": 0.5}","{""GLD"": 0.0, ""IEF"": 0.0, ""QQQ"": 0.5, ""SPY"": 0.5}",QQQ,SPY,0.01005267823391162,2.676130015330883,1.0136865343217814,0.0
2017-08-31,2017-09-01,"{""GLD"": 0.0, ""IEF"": 0.0, ""QQQ"": 0.5, ""SPY"": 0.5}","{""GLD"": 0.0, ""IEF"": 0.0, ""QQQ"": 0.5, ""SPY"": 0.5}",QQQ,SPY,0.008294498865427519,2.2296340015691833,0.8445591024758641,0.0
2017-09-29,2017-10-02,"{""GLD"": 0.0, ""IEF"": 0.0, ""QQQ"": 0.5, ""SPY"": 0.5}","{""GLD"": 0.0, ""IEF"": 0.0, ""QQQ"": 0.5, ""SPY"": 0.5}",SPY,QQQ,0.010862648604544224,2.998084373933592,1.1356390538601753,0.0
2017-10-31,2017-11-01,"{""GLD"": 0.0, ""IEF"": 0.0, ""QQQ"": 0.5, ""SPY"": 0.5}","{""GLD"": 0.0, ""IEF"": 0.0, ""QQQ"": 0.5, ""SPY"": 0.5}",QQQ,SPY,0.010957289243734696,3.152167052813307,1.1940037580627096,0.0
2017-11-30,2017-12-01,"{""GLD"": 0.0, ""IEF"": 0.0, ""QQQ"": 0.5, ""SPY"": 0.5}","{""GLD"": 0.0, ""IEF"": 0.0, ""QQQ"": 0.5, ""SPY"": 0.5}",SPY,QQQ,0.008104424115981848,2.35194465004978,0.890888935727169,0.0
2017-12-29,2018-01-02,"{""GLD"": 0.0, ""IEF"": 0.0, ""QQQ"": 0.5, ""SPY"": 0.5}","{""GLD"": 0.0, ""IEF"": 0.0, ""QQQ"": 0.5, ""SPY"": 0.5}",QQQ,SPY,0.00016575031322510673,2.253320007324219,0.018639620571800304,0.0
2018-01-31,2018-02-01,"{""GLD"": 0.0, ""IEF"": 0.0, ""QQQ"": 0.5, ""SPY"": 0.5}","{""GLD"": 0.0, ""IEF"": 0.0, ""QQQ"": 0.5, ""SPY"": 0.5}",QQQ,SPY,0.011863276851635055,3.6097585058564086,1.3673340116428947,0.0
2018-02-28,2018-03-01,"{""GLD"": 0.0, ""IEF"": 0.0, ""QQQ"": 0.5, ""SPY"": 0.5}","{""GLD"": 0.0, ""IEF"": 0.0, ""QQQ"": 0.5, ""SPY"": 0.5}",QQQ,SPY,0.014993717615090723,4.418760553436382,1.6737744600414248,0.0
2018-03-29,2018-04-02,"{""GLD"": 0.0, ""IEF"": 0.0, ""QQQ"": 0.5, ""SPY"": 0.5}","{""GLD"": 0.0, ""IEF"": 0.0, ""QQQ"": 0.5, ""SPY"": 0.0}",SPY,QQQ,0.5100960267734457,143.19256247101396,54.266203068816374,0.0
2018-04-30,2018-05-01,"{""GLD"": 0.0, ""IEF"": 0.0, ""QQQ"": 0.5, ""SPY"": 0.0}","{""GLD"": 0.0, ""IEF"": 0.0, ""QQQ"": 0.5, ""SPY"": 0.5}",QQQ,SPY,0.5080034350069391,145.06940020002165,54.924033669621224,0.0
2018-05-31,2018-06-01,"{""GLD"": 0.0, ""IEF"": 0.0, ""QQQ"": 0.5, ""SPY"": 0.5}","{""GLD"": 0.0, ""IEF"": 0.0, ""QQQ"": 0.5, ""SPY"": 0.5}",QQQ,SPY,0.01638633863624276,4.882693636837557,1.8495068485188355,0.0
2018-06-29,2018-07-02,"{""GLD"": 0.0, ""IEF"": 0.0, ""QQQ"": 0.5, ""SPY"": 0.5}","{""GLD"": 0.0, ""IEF"": 0.0, ""QQQ"": 0.5, ""SPY"": 0.5}",QQQ,SPY,0.0017311759775694591,2.209720001220703,0.1976847187968146,0.0
2018-07-31,2018-08-01,"{""GLD"": 0.0, ""IEF"": 0.0, ""QQQ"": 0.5, ""SPY"": 0.5}","{""GLD"": 0.0, ""IEF"": 0.0, ""QQQ"": 0.5, ""SPY"": 0.5}",SPY,QQQ,0.0020707993196804123,2.2198800659179687,0.24765448595290906,0.0
2018-08-31,2018-09-04,"{""GLD"": 0.0, ""IEF"": 0.0, ""QQQ"": 0.5, ""SPY"": 0.5}","{""GLD"": 0.0, ""IEF"": 0.0, ""QQQ"": 0.5, ""SPY"": 0.5}",QQQ,SPY,0.01102032472480025,3.626614642448116,1.3737189176771496,0.0
2018-09-28,2018-10-01,"{""GLD"": 0.0, ""IEF"": 0.0, ""QQQ"": 0.5, ""SPY"": 0.5}","{""GLD"": 0.0, ""IEF"": 0.0, ""QQQ"": 0.5, ""SPY"": 0.5}",SPY,QQQ,0.0032870935540839155,2.2671400451660157,0.42167686863930337,0.0
2018-10-31,2018-11-01,"{""GLD"": 0.0, ""IEF"": 0.0, ""QQQ"": 0.5, ""SPY"": 0.5}","{""GLD"": 0.0, ""IEF"": 0.0, ""QQQ"": 0.5, ""SPY"": 0.5}",SPY,QQQ,0.010731974278452822,3.33441550484536,1.263037325440913,0.0
2018-11-30,2018-12-03,"{""GLD"": 0.0, ""IEF"": 0.0, ""QQQ"": 0.5, ""SPY"": 0.5}","{""GLD"": 0.0, ""IEF"": 0.0, ""QQQ"": 0.5, ""SPY"": 0.5}",SPY,QQQ,0.006896125177643792,2.268220062255859,0.8344316649429373,0.0
2018-12-31,2019-01-02,"{""GLD"": 0.0, ""IEF"": 0.0, ""QQQ"": 0.5, ""SPY"": 0.5}","{""GLD"": 0.0, ""IEF"": 0.0, ""QQQ"": 0.0, ""SPY"": 0.0}","QQQ,SPY",,1.0,271.1262505979039,102.75071270402792,0.0
2019-01-31,2019-02-01,"{""GLD"": 0.0, ""IEF"": 0.0, ""QQQ"": 0.0, ""SPY"": 0.0}","{""GLD"": 0.0, ""IEF"": 0.5, ""QQQ"": 0.0, ""SPY"": 0.0}",,IEF,0.49999999999999994,135.45187406454409,51.281887111194976,0.0
2019-02-28,2019-03-01,"{""GLD"": 0.0, ""IEF"": 0.5, ""QQQ"": 0.0, ""SPY"": 0.0}","{""GLD"": 0.0, ""IEF"": 0.0, ""QQQ"": 0.5, ""SPY"": 0.5}",IEF,"QQQ,SPY",1.5007233426757,408.4980239004931,154.70864650384232,0.0
2019-03-29,2019-04-01,"{""GLD"": 0.0, ""IEF"": 0.0, ""QQQ"": 0.5, ""SPY"": 0.5}","{""GLD"": 0.0, ""IEF"": 0.0, ""QQQ"": 0.5, ""SPY"": 0.5}",QQQ,SPY,0.008211656709422466,2.2930309827093396,0.8685731323362793,0.0
2019-04-30,2019-05-01,"{""GLD"": 0.0, ""IEF"": 0.0, ""QQQ"": 0.5, ""SPY"": 0.5}","{""GLD"": 0.0, ""IEF"": 0.0, ""QQQ"": 0.5, ""SPY"": 0.5}",QQQ,SPY,0.007909708258332836,2.3263080105631992,0.8811780785998934,0.0
2019-05-31,2019-06-03,"{""GLD"": 0.0, ""IEF"": 0.0, ""QQQ"": 0.5, ""SPY"": 0.5}","{""GLD"": 0.5, ""IEF"": 0.5, ""QQQ"": 0.0, ""SPY"": 0.0}","QQQ,SPY","GLD,IEF",1.9963666151584458,529.9240472661513,200.72898844586734,0.0
2019-06-28,2019-07-01,"{""GLD"": 0.5, ""IEF"": 0.5, ""QQQ"": 0.0, ""SPY"": 0.0}","{""GLD"": 0.5, ""IEF"": 0.0, ""QQQ"": 0.0, ""SPY"": 0.5}","GLD,IEF",SPY,0.9981833075792227,269.32196341578447,102.01598806774177,0.0
2019-07-31,2019-08-01,"{""GLD"": 0.5, ""IEF"": 0.0, ""QQQ"": 0.0, ""SPY"": 0.5}","{""GLD"": 0.5, ""IEF"": 0.5, ""QQQ"": 0.0, ""SPY"": 0.0}","GLD,SPY",IEF,0.9981803858086091,272.77611256849406,103.09534911710874,0.0
2019-08-30,2019-09-03,"{""GLD"": 0.5, ""IEF"": 0.5, ""QQQ"": 0.0, ""SPY"": 0.0}","{""GLD"": 0.5, ""IEF"": 0.5, ""QQQ"": 0.0, ""SPY"": 0.0}",GLD,IEF,0.028052972779185507,7.9619995971720465,3.0159116827998895,0.0
2019-09-30,2019-10-01,"{""GLD"": 0.5, ""IEF"": 0.5, ""QQQ"": 0.0, ""SPY"": 0.0}","{""GLD"": 0.5, ""IEF"": 0.5, ""QQQ"": 0.0, ""SPY"": 0.0}",IEF,GLD,0.016009190130826797,4.473568799423721,1.6945351781709683,0.0
2019-10-31,2019-11-01,"{""GLD"": 0.5, ""IEF"": 0.5, ""QQQ"": 0.0, ""SPY"": 0.0}","{""GLD"": 0.5, ""IEF"": 0.0, ""QQQ"": 0.5, ""SPY"": 0.0}","GLD,IEF",QQQ,0.9981833075792229,285.9469599979484,108.31334098853043,0.0
2019-11-29,2019-12-02,"{""GLD"": 0.5, ""IEF"": 0.0, ""QQQ"": 0.5, ""SPY"": 0.0}","{""GLD"": 0.5, ""IEF"": 0.0, ""QQQ"": 0.5, ""SPY"": 0.0}",QQQ,GLD,0.03348594008829627,9.647999418825771,3.654548560040353,0.0
2019-12-31,2020-01-02,"{""GLD"": 0.5, ""IEF"": 0.0, ""QQQ"": 0.5, ""SPY"": 0.0}","{""GLD"": 0.0, ""IEF"": 0.0, ""QQQ"": 0.5, ""SPY"": 0.5}","GLD,QQQ",SPY,0.9981786013258378,300.07407849547934,113.25924551757234,0.0
2020-01-31,2020-02-03,"{""GLD"": 0.0, ""IEF"": 0.0, ""QQQ"": 0.5, ""SPY"": 0.5}","{""GLD"": 0.0, ""IEF"": 0.0, ""QQQ"": 0.5, ""SPY"": 0.5}",QQQ,SPY,0.015345772105593118,4.657241073912147,1.7641080727279361,0.0
2020-02-28,2020-03-02,"{""GLD"": 0.0, ""IEF"": 0.0, ""QQQ"": 0.5, ""SPY"": 0.5}","{""GLD"": 0.5, ""IEF"": 0.0, ""QQQ"": 0.5, ""SPY"": 0.0}","QQQ,SPY",GLD,0.9981833075792227,285.415032702138,108.11185319312133,0.0
2020-03-31,2020-04-01,"{""GLD"": 0.5, ""IEF"": 0.0, ""QQQ"": 0.5, ""SPY"": 0.0}","{""GLD"": 0.5, ""IEF"": 0.5, ""QQQ"": 0.0, ""SPY"": 0.0}","GLD,QQQ",IEF,0.9981833075792229,262.97867046472453,99.61322339976304,0.0
2020-04-30,2020-05-01,"{""GLD"": 0.5, ""IEF"": 0.5, ""QQQ"": 0.0, ""SPY"": 0.0}","{""GLD"": 0.5, ""IEF"": 0.5, ""QQQ"": 0.0, ""SPY"": 0.0}",GLD,IEF,0.0346292189202377,9.276498161267611,3.5138282586669494,0.0
2020-05-29,2020-06-01,"{""GLD"": 0.5, ""IEF"": 0.5, ""QQQ"": 0.0, ""SPY"": 0.0}","{""GLD"": 0.5, ""IEF"": 0.0, ""QQQ"": 0.5, ""SPY"": 0.0}","GLD,IEF",QQQ,0.9981833075792227,274.12113155685694,103.83385644208636,0.0
2020-06-30,2020-07-01,"{""GLD"": 0.5, ""IEF"": 0.0, ""QQQ"": 0.5, ""SPY"": 0.0}","{""GLD"": 0.5, ""IEF"": 0.0, ""QQQ"": 0.5, ""SPY"": 0.0}",QQQ,GLD,0.018360064396020063,5.264023702047341,1.9939501864807085,0.0
2020-07-31,2020-08-03,"{""GLD"": 0.5, ""IEF"": 0.0, ""QQQ"": 0.5, ""SPY"": 0.0}","{""GLD"": 0.5, ""IEF"": 0.0, ""QQQ"": 0.5, ""SPY"": 0.0}",GLD,QQQ,0.011492353176064018,3.510741571102296,1.3298275628323135,0.0
2020-08-31,2020-09-01,"{""GLD"": 0.5, ""IEF"": 0.0, ""QQQ"": 0.5, ""SPY"": 0.0}","{""GLD"": 0.5, ""IEF"": 0.0, ""QQQ"": 0.5, ""SPY"": 0.0}",QQQ,GLD,0.047005965573061664,15.351165355324657,5.814840653366414,0.0
2020-09-30,2020-10-01,"{""GLD"": 0.5, ""IEF"": 0.0, ""QQQ"": 0.5, ""SPY"": 0.0}","{""GLD"": 0.5, ""IEF"": 0.0, ""QQQ"": 0.5, ""SPY"": 0.0}",GLD,QQQ,0.003860673334303665,2.113280029296875,0.45515196759293375,0.0
2020-10-30,2020-11-02,"{""GLD"": 0.5, ""IEF"": 0.0, ""QQQ"": 0.5, ""SPY"": 0.0}","{""GLD"": 0.5, ""IEF"": 0.0, ""QQQ"": 0.5, ""SPY"": 0.0}",GLD,QQQ,0.014647752596831076,4.414501767019347,1.672161281900146,0.0
2020-11-30,2020-12-01,"{""GLD"": 0.5, ""IEF"": 0.0, ""QQQ"": 0.5, ""SPY"": 0.0}","{""GLD"": 0.0, ""IEF"": 0.0, ""QQQ"": 0.5, ""SPY"": 0.5}","GLD,QQQ",SPY,0.9981833075792229,309.60681237720263,117.27541443919253,0.0
2020-12-31,2021-01-04,"{""GLD"": 0.0, ""IEF"": 0.0, ""QQQ"": 0.5, ""SPY"": 0.5}","{""GLD"": 0.5, ""IEF"": 0.0, ""QQQ"": 0.5, ""SPY"": 0.0}","QQQ,SPY",GLD,0.9981833075792226,318.2815201906118,120.56129160107753,0.0
2021-01-29,2021-02-01,"{""GLD"": 0.5, ""IEF"": 0.0, ""QQQ"": 0.5, ""SPY"": 0.0}","{""GLD"": 0.0, ""IEF"": 0.0, ""QQQ"": 0.5, ""SPY"": 0.5}","GLD,QQQ",SPY,0.9981833075792229,316.39527770981795,119.84680516271094,0.0
2021-02-26,2021-03-01,"{""GLD"": 0.0, ""IEF"": 0.0, ""QQQ"": 0.5, ""SPY"": 0.5}","{""GLD"": 0.0, ""IEF"": 0.0, ""QQQ"": 0.5, ""SPY"": 0.5}",SPY,QQQ,0.011969318568039544,3.9311541369406333,1.4890748917769239,0.0
2021-03-31,2021-04-01,"{""GLD"": 0.0, ""IEF"": 0.0, ""QQQ"": 0.5, ""SPY"": 0.5}","{""GLD"": 0.0, ""IEF"": 0.0, ""QQQ"": 0.5, ""SPY"": 0.5}",SPY,QQQ,0.011441644139689514,3.9933927724652247,1.5126501539595834,0.0
2021-04-30,2021-05-03,"{""GLD"": 0.0, ""IEF"": 0.0, ""QQQ"": 0.5, ""SPY"": 0.5}","{""GLD"": 0.0, ""IEF"": 0.0, ""QQQ"": 0.5, ""SPY"": 0.5}",SPY,QQQ,0.00132762169167323,2.1780799865722655,0.18219366099863696,0.0
2021-05-28,2021-06-01,"{""GLD"": 0.0, ""IEF"": 0.0, ""QQQ"": 0.5, ""SPY"": 0.5}","{""GLD"": 0.0, ""IEF"": 0.0, ""QQQ"": 0.5, ""SPY"": 0.5}",SPY,QQQ,0.009546511731950667,3.48332538790596,1.3194426355047453,0.0
2021-06-30,2021-07-01,"{""GLD"": 0.0, ""IEF"": 0.0, ""QQQ"": 0.5, ""SPY"": 0.5}","{""GLD"": 0.0, ""IEF"": 0.0, ""QQQ"": 0.5, ""SPY"": 0.5}",QQQ,SPY,0.018727878506329593,7.131541331602335,2.7013438717069835,0.0
2021-07-30,2021-08-02,"{""GLD"": 0.0, ""IEF"": 0.0, ""QQQ"": 0.5, ""SPY"": 0.5}","{""GLD"": 0.0, ""IEF"": 0.0, ""QQQ"": 0.5, ""SPY"": 0.5}",QQQ,SPY,0.0037798027831822956,2.188179931640625,0.5561541995010575,0.0
2021-08-31,2021-09-01,"{""GLD"": 0.0, ""IEF"": 0.0, ""QQQ"": 0.5, ""SPY"": 0.5}","{""GLD"": 0.0, ""IEF"": 0.0, ""QQQ"": 0.5, ""SPY"": 0.5}",QQQ,SPY,0.006064759656813336,2.4478701001746157,0.9272243665669957,0.0
2021-09-30,2021-10-01,"{""GLD"": 0.0, ""IEF"": 0.0, ""QQQ"": 0.5, ""SPY"": 0.5}","{""GLD"": 0.0, ""IEF"": 0.0, ""QQQ"": 0.5, ""SPY"": 0.5}",SPY,QQQ,0.006940755027405775,2.7060195681087205,1.0250083449191727,0.0
2021-10-29,2021-11-01,"{""GLD"": 0.0, ""IEF"": 0.0, ""QQQ"": 0.5, ""SPY"": 0.5}","{""GLD"": 0.0, ""IEF"": 0.0, ""QQQ"": 0.5, ""SPY"": 0.5}",QQQ,SPY,0.0046093504044894444,2.2723199462890626,0.7413520819319082,0.0
2021-11-30,2021-12-01,"{""GLD"": 0.0, ""IEF"": 0.0, ""QQQ"": 0.5, ""SPY"": 0.5}","{""GLD"": 0.0, ""IEF"": 0.0, ""QQQ"": 0.5, ""SPY"": 0.5}",QQQ,SPY,0.01346467713073672,5.82176640742389,2.205216555011875,0.0
2021-12-31,2022-01-03,"{""GLD"": 0.0, ""IEF"": 0.0, ""QQQ"": 0.5, ""SPY"": 0.5}","{""GLD"": 0.0, ""IEF"": 0.0, ""QQQ"": 0.5, ""SPY"": 0.5}",SPY,QQQ,0.01572957338480392,7.008834049990784,2.6548637984963896,0.0
2022-01-31,2022-02-01,"{""GLD"": 0.0, ""IEF"": 0.0, ""QQQ"": 0.5, ""SPY"": 0.5}","{""GLD"": 0.0, ""IEF"": 0.0, ""QQQ"": 0.5, ""SPY"": 0.5}",SPY,QQQ,0.017725440792030287,7.355625889019414,2.786224463121001,0.0
2022-02-28,2022-03-01,"{""GLD"": 0.0, ""IEF"": 0.0, ""QQQ"": 0.5, ""SPY"": 0.5}","{""GLD"": 0.5, ""IEF"": 0.0, ""QQQ"": 0.0, ""SPY"": 0.5}","QQQ,SPY",GLD,0.9981833075792226,397.5164017667544,150.5745316313529,0.0
2022-03-31,2022-04-01,"{""GLD"": 0.5, ""IEF"": 0.0, ""QQQ"": 0.0, ""SPY"": 0.5}","{""GLD"": 0.0, ""IEF"": 0.0, ""QQQ"": 0.5, ""SPY"": 0.5}","GLD,SPY",QQQ,0.998183307579223,428.96870694733275,162.48829443518426,0.0
2022-04-29,2022-05-02,"{""GLD"": 0.0, ""IEF"": 0.0, ""QQQ"": 0.5, ""SPY"": 0.5}","{""GLD"": 0.5, ""IEF"": 0.0, ""QQQ"": 0.0, ""SPY"": 0.5}","QQQ,SPY",GLD,0.9981833075792228,406.5560559840447,153.99864619321053,0.0
2022-05-31,2022-06-01,"{""GLD"": 0.5, ""IEF"": 0.0, ""QQQ"": 0.0, ""SPY"": 0.5}","{""GLD"": 0.5, ""IEF"": 0.0, ""QQQ"": 0.0, ""SPY"": 0.5}",SPY,GLD,0.009604351806251955,3.8133494986434844,1.444451882118167,0.0
2022-06-30,2022-07-01,"{""GLD"": 0.5, ""IEF"": 0.0, ""QQQ"": 0.0, ""SPY"": 0.5}","{""GLD"": 0.5, ""IEF"": 0.5, ""QQQ"": 0.0, ""SPY"": 0.0}","GLD,SPY",IEF,0.9981833075792226,398.5135147026972,150.95222626895622,0.0
2022-07-29,2022-08-01,"{""GLD"": 0.5, ""IEF"": 0.5, ""QQQ"": 0.0, ""SPY"": 0.0}","{""GLD"": 0.5, ""IEF"": 0.0, ""QQQ"": 0.0, ""SPY"": 0.5}",IEF,"GLD,SPY",1.0141445535500448,399.64185920232995,151.37962987745473,0.0
2022-08-31,2022-09-01,"{""GLD"": 0.5, ""IEF"": 0.0, ""QQQ"": 0.0, ""SPY"": 0.5}","{""GLD"": 0.5, ""IEF"": 0.0, ""QQQ"": 0.0, ""SPY"": 0.5}",SPY,GLD,0.002639273985246054,2.774679870605469,0.38947933535580637,0.0
2022-09-30,2022-10-03,"{""GLD"": 0.5, ""IEF"": 0.0, ""QQQ"": 0.0, ""SPY"": 0.5}","{""GLD"": 0.5, ""IEF"": 0.5, ""QQQ"": 0.0, ""SPY"": 0.0}","GLD,SPY",IEF,0.9981833075792224,385.722053664935,146.1069714666966,0.0
2022-10-31,2022-11-01,"{""GLD"": 0.5, ""IEF"": 0.5, ""QQQ"": 0.0, ""SPY"": 0.0}","{""GLD"": 0.5, ""IEF"": 0.0, ""QQQ"": 0.0, ""SPY"": 0.5}","GLD,IEF",SPY,0.9981814169110852,389.36459426893055,147.27500823733718,0.0
2022-11-30,2022-12-01,"{""GLD"": 0.5, ""IEF"": 0.0, ""QQQ"": 0.0, ""SPY"": 0.5}","{""GLD"": 0.5, ""IEF"": 0.0, ""QQQ"": 0.0, ""SPY"": 0.5}",GLD,SPY,0.020997505292137366,8.186677049745523,3.101016855917274,0.0
2022-12-30,2023-01-03,"{""GLD"": 0.5, ""IEF"": 0.0, ""QQQ"": 0.0, ""SPY"": 0.5}","{""GLD"": 0.5, ""IEF"": 0.0, ""QQQ"": 0.0, ""SPY"": 0.0}","GLD,SPY",,0.4999999999999998,180.76488621668634,68.50580070970233,0.0
2023-01-31,2023-02-01,"{""GLD"": 0.5, ""IEF"": 0.0, ""QQQ"": 0.0, ""SPY"": 0.0}","{""GLD"": 0.5, ""IEF"": 0.0, ""QQQ"": 0.0, ""SPY"": 0.0}",GLD,,0.011761264871351212,4.346553424740529,1.6472453744824918,0.0
2023-02-28,2023-03-01,"{""GLD"": 0.5, ""IEF"": 0.0, ""QQQ"": 0.0, ""SPY"": 0.0}","{""GLD"": 0.5, ""IEF"": 0.0, ""QQQ"": 0.0, ""SPY"": 0.5}",,"GLD,SPY",0.5006800280131949,185.7343381099606,69.89759787332,0.0
2023-03-31,2023-04-03,"{""GLD"": 0.5, ""IEF"": 0.0, ""QQQ"": 0.0, ""SPY"": 0.5}","{""GLD"": 0.5, ""IEF"": 0.0, ""QQQ"": 0.0, ""SPY"": 0.5}",GLD,SPY,0.01680853773352602,6.390564667761051,2.420670637566733,0.0
2023-04-28,2023-05-01,"{""GLD"": 0.5, ""IEF"": 0.0, ""QQQ"": 0.0, ""SPY"": 0.5}","{""GLD"": 0.5, ""IEF"": 0.0, ""QQQ"": 0.5, ""SPY"": 0.0}",SPY,QQQ,1.000232393841236,387.3680631285622,146.73046046724926,0.0
2023-05-31,2023-06-01,"{""GLD"": 0.5, ""IEF"": 0.0, ""QQQ"": 0.5, ""SPY"": 0.0}","{""GLD"": 0.5, ""IEF"": 0.0, ""QQQ"": 0.5, ""SPY"": 0.0}",QQQ,GLD,0.04719335014597127,19.653307000361927,7.444441244269969,0.0
2023-06-30,2023-07-03,"{""GLD"": 0.5, ""IEF"": 0.0, ""QQQ"": 0.5, ""SPY"": 0.0}","{""GLD"": 0.0, ""IEF"": 0.0, ""QQQ"": 0.5, ""SPY"": 0.5}","GLD,QQQ",SPY,0.9981833075792231,439.6799914878602,166.54560287753466,0.0
2023-07-31,2023-08-01,"{""GLD"": 0.0, ""IEF"": 0.0, ""QQQ"": 0.5, ""SPY"": 0.5}","{""GLD"": 0.0, ""IEF"": 0.0, ""QQQ"": 0.5, ""SPY"": 0.5}",QQQ,SPY,0.0032319708080738455,2.815159912109375,0.5398596506729861,0.0
2023-08-31,2023-09-01,"{""GLD"": 0.0, ""IEF"": 0.0, ""QQQ"": 0.5, ""SPY"": 0.5}","{""GLD"": 0.0, ""IEF"": 0.0, ""QQQ"": 0.5, ""SPY"": 0.5}",QQQ,SPY,0.0009055836707112279,2.92197998046875,0.15607884876670924,0.0
2023-09-29,2023-10-02,"{""GLD"": 0.0, ""IEF"": 0.0, ""QQQ"": 0.5, ""SPY"": 0.5}","{""GLD"": 0.0, ""IEF"": 0.0, ""QQQ"": 0.5, ""SPY"": 0.5}",SPY,QQQ,0.0004247207829785023,2.9867401123046875,0.07065655614593506,0.0
2023-10-31,2023-11-01,"{""GLD"": 0.0, ""IEF"": 0.0, ""QQQ"": 0.5, ""SPY"": 0.5}","{""GLD"": 0.5, ""IEF"": 0.0, ""QQQ"": 0.5, ""SPY"": 0.0}",SPY,"GLD,QQQ",0.9990165977636799,431.4241980057844,162.9220239982902,0.0
2023-11-30,2023-12-01,"{""GLD"": 0.5, ""IEF"": 0.0, ""QQQ"": 0.5, ""SPY"": 0.0}","{""GLD"": 0.5, ""IEF"": 0.0, ""QQQ"": 0.5, ""SPY"": 0.0}",QQQ,GLD,0.03736862492976206,16.859076738176547,6.386019727250206,0.0
2023-12-29,2024-01-02,"{""GLD"": 0.5, ""IEF"": 0.0, ""QQQ"": 0.5, ""SPY"": 0.0}","{""GLD"": 0.0, ""IEF"": 0.0, ""QQQ"": 0.5, ""SPY"": 0.5}","GLD,QQQ",SPY,0.9981833075792229,445.31670928872563,168.68072519962456,0.0
2024-01-31,2024-02-01,"{""GLD"": 0.0, ""IEF"": 0.0, ""QQQ"": 0.5, ""SPY"": 0.5}","{""GLD"": 0.0, ""IEF"": 0.0, ""QQQ"": 0.5, ""SPY"": 0.5}",QQQ,SPY,0.00448101361358034,2.9473800659179688,0.8133202370114354,0.0
2024-02-29,2024-03-01,"{""GLD"": 0.0, ""IEF"": 0.0, ""QQQ"": 0.5, ""SPY"": 0.5}","{""GLD"": 0.0, ""IEF"": 0.0, ""QQQ"": 0.5, ""SPY"": 0.5}",QQQ,SPY,7.999833618257576e-05,3.0131201171875,0.015590717997730642,0.0
2024-03-28,2024-04-01,"{""GLD"": 0.0, ""IEF"": 0.0, ""QQQ"": 0.5, ""SPY"": 0.5}","{""GLD"": 0.0, ""IEF"": 0.0, ""QQQ"": 0.5, ""SPY"": 0.5}",SPY,QQQ,0.0095139716007449,5.031703424775863,1.9059500013736708,0.0
2024-04-30,2024-05-01,"{""GLD"": 0.0, ""IEF"": 0.0, ""QQQ"": 0.5, ""SPY"": 0.5}","{""GLD"": 0.0, ""IEF"": 0.0, ""QQQ"": 0.5, ""SPY"": 0.5}",SPY,QQQ,0.003246372592685058,3.1262799072265626,0.6404278062902911,0.0
2024-05-31,2024-06-03,"{""GLD"": 0.0, ""IEF"": 0.0, ""QQQ"": 0.5, ""SPY"": 0.5}","{""GLD"": 0.0, ""IEF"": 0.0, ""QQQ"": 0.5, ""SPY"": 0.5}",QQQ,SPY,0.008955537920120066,4.986064358546742,1.8886624605553068,0.0
2024-06-28,2024-07-01,"{""GLD"": 0.0, ""IEF"": 0.0, ""QQQ"": 0.5, ""SPY"": 0.5}","{""GLD"": 0.0, ""IEF"": 0.0, ""QQQ"": 0.5, ""SPY"": 0.5}",QQQ,SPY,0.01098029467109443,6.5479591497330425,2.480289813779274,0.0
2024-07-31,2024-08-01,"{""GLD"": 0.0, ""IEF"": 0.0, ""QQQ"": 0.5, ""SPY"": 0.5}","{""GLD"": 0.5, ""IEF"": 0.0, ""QQQ"": 0.5, ""SPY"": 0.0}",SPY,"GLD,QQQ",1.0131539936963359,572.7260537422728,216.94188444054663,0.0
2024-08-30,2024-09-03,"{""GLD"": 0.5, ""IEF"": 0.0, ""QQQ"": 0.5, ""SPY"": 0.0}","{""GLD"": 0.5, ""IEF"": 0.0, ""QQQ"": 0.0, ""SPY"": 0.5}","GLD,QQQ",SPY,0.9981827997834437,545.3842851350427,206.505413593815,0.0
2024-09-30,2024-10-01,"{""GLD"": 0.5, ""IEF"": 0.0, ""QQQ"": 0.0, ""SPY"": 0.5}","{""GLD"": 0.5, ""IEF"": 0.0, ""QQQ"": 0.5, ""SPY"": 0.0}","GLD,SPY",QQQ,0.9981833075792226,554.8544665645247,210.17233768263313,0.0
2024-10-31,2024-11-01,"{""GLD"": 0.5, ""IEF"": 0.0, ""QQQ"": 0.5, ""SPY"": 0.0}","{""GLD"": 0.0, ""IEF"": 0.0, ""QQQ"": 0.5, ""SPY"": 0.5}",GLD,"QQQ,SPY",1.0204987723182506,617.5182316988902,233.90863395477118,0.0
2024-11-29,2024-12-02,"{""GLD"": 0.0, ""IEF"": 0.0, ""QQQ"": 0.5, ""SPY"": 0.5}","{""GLD"": 0.0, ""IEF"": 0.0, ""QQQ"": 0.5, ""SPY"": 0.5}",SPY,QQQ,0.003206846430441067,3.0234799194335937,0.7630294102586033,0.0
2024-12-31,2025-01-02,"{""GLD"": 0.0, ""IEF"": 0.0, ""QQQ"": 0.5, ""SPY"": 0.5}","{""GLD"": 0.5, ""IEF"": 0.0, ""QQQ"": 0.5, ""SPY"": 0.0}","QQQ,SPY",GLD,0.9981833075792228,647.514250645755,245.27077268325135,0.0
2025-01-31,2025-02-03,"{""GLD"": 0.5, ""IEF"": 0.0, ""QQQ"": 0.5, ""SPY"": 0.0}","{""GLD"": 0.5, ""IEF"": 0.0, ""QQQ"": 0.0, ""SPY"": 0.5}","GLD,QQQ",SPY,0.998183307579223,654.0285422700008,247.73830963486068,0.0
2025-02-28,2025-03-03,"{""GLD"": 0.5, ""IEF"": 0.0, ""QQQ"": 0.0, ""SPY"": 0.5}","{""GLD"": 0.5, ""IEF"": 0.0, ""QQQ"": 0.0, ""SPY"": 0.5}",GLD,SPY,0.008988113510092472,5.798273220912671,2.1963176126295285,0.0
2025-03-31,2025-04-01,"{""GLD"": 0.5, ""IEF"": 0.0, ""QQQ"": 0.0, ""SPY"": 0.5}","{""GLD"": 0.5, ""IEF"": 0.5, ""QQQ"": 0.0, ""SPY"": 0.0}","GLD,SPY",IEF,0.9981833075792229,650.7019177851865,246.47822345604905,0.0
2025-04-30,2025-05-01,"{""GLD"": 0.5, ""IEF"": 0.5, ""QQQ"": 0.0, ""SPY"": 0.0}","{""GLD"": 0.5, ""IEF"": 0.0, ""QQQ"": 0.0, ""SPY"": 0.0}","GLD,IEF",,0.5,315.546916206427,119.58513961769897,0.0
2025-05-30,2025-06-02,"{""GLD"": 0.5, ""IEF"": 0.0, ""QQQ"": 0.0, ""SPY"": 0.0}","{""GLD"": 0.5, ""IEF"": 0.0, ""QQQ"": 0.5, ""SPY"": 0.0}",GLD,QQQ,0.5118346131754834,331.19902218034764,125.39460542989912,0.0
2025-06-30,2025-07-01,"{""GLD"": 0.5, ""IEF"": 0.0, ""QQQ"": 0.5, ""SPY"": 0.0}","{""GLD"": 0.5, ""IEF"": 0.0, ""QQQ"": 0.5, ""SPY"": 0.0}",QQQ,GLD,0.03108235881063277,20.811707160193052,7.883229582896979,0.0
2025-07-31,2025-08-01,"{""GLD"": 0.5, ""IEF"": 0.0, ""QQQ"": 0.5, ""SPY"": 0.0}","{""GLD"": 0.5, ""IEF"": 0.0, ""QQQ"": 0.5, ""SPY"": 0.0}",QQQ,GLD,0.00816145174880623,5.689583844441868,2.1551473568044424,0.0
2025-08-29,2025-09-02,"{""GLD"": 0.5, ""IEF"": 0.0, ""QQQ"": 0.5, ""SPY"": 0.0}","{""GLD"": 0.5, ""IEF"": 0.0, ""QQQ"": 0.5, ""SPY"": 0.0}",GLD,QQQ,0.01713918954981262,12.036702369234163,4.559361107058017,0.0
2025-09-30,2025-10-01,"{""GLD"": 0.5, ""IEF"": 0.0, ""QQQ"": 0.5, ""SPY"": 0.0}","{""GLD"": 0.5, ""IEF"": 0.0, ""QQQ"": 0.5, ""SPY"": 0.0}",GLD,QQQ,0.020710985132050132,15.980687393815138,6.053296187969809,0.0
2025-10-31,2025-11-03,"{""GLD"": 0.5, ""IEF"": 0.0, ""QQQ"": 0.5, ""SPY"": 0.0}","{""GLD"": 0.5, ""IEF"": 0.0, ""QQQ"": 0.5, ""SPY"": 0.0}",QQQ,GLD,0.013163490208813047,11.041512872532877,4.182395045572074,0.0
2025-11-28,2025-12-01,"{""GLD"": 0.5, ""IEF"": 0.0, ""QQQ"": 0.5, ""SPY"": 0.0}","{""GLD"": 0.5, ""IEF"": 0.0, ""QQQ"": 0.5, ""SPY"": 0.0}",GLD,QQQ,0.0456425539958706,39.36295944619509,14.910225479732658,0.0
2025-12-31,2026-01-02,"{""GLD"": 0.5, ""IEF"": 0.0, ""QQQ"": 0.5, ""SPY"": 0.0}","{""GLD"": 0.5, ""IEF"": 0.0, ""QQQ"": 0.5, ""SPY"": 0.0}",GLD,QQQ,0.008110593477844341,7.139802477648711,2.7044730965417085,0.0
2026-01-30,2026-02-02,"{""GLD"": 0.5, ""IEF"": 0.0, ""QQQ"": 0.5, ""SPY"": 0.0}","{""GLD"": 0.5, ""IEF"": 0.0, ""QQQ"": 0.5, ""SPY"": 0.0}",GLD,QQQ,0.03979965285617509,35.652955416477596,13.504919644193306,0.0
2026-02-27,2026-03-02,"{""GLD"": 0.5, ""IEF"": 0.0, ""QQQ"": 0.5, ""SPY"": 0.0}","{""GLD"": 0.5, ""IEF"": 0.0, ""QQQ"": 0.5, ""SPY"": 0.0}",GLD,QQQ,0.07684213860959792,73.44607995187837,27.820510146900926,0.0
2026-03-31,2026-04-01,"{""GLD"": 0.5, ""IEF"": 0.0, ""QQQ"": 0.5, ""SPY"": 0.0}","{""GLD"": 0.5, ""IEF"": 0.0, ""QQQ"": 0.5, ""SPY"": 0.0}",QQQ,GLD,0.045277452173379924,41.26451837849463,15.630513609548405,0.0
2026-04-30,2026-05-01,"{""GLD"": 0.5, ""IEF"": 0.0, ""QQQ"": 0.5, ""SPY"": 0.0}","{""GLD"": 0.5, ""IEF"": 0.0, ""QQQ"": 0.5, ""SPY"": 0.0}",QQQ,GLD,0.08580441213044013,83.04557652995817,31.456686402058967,0.0
2026-05-29,2026-06-01,"{""GLD"": 0.5, ""IEF"": 0.0, ""QQQ"": 0.5, ""SPY"": 0.0}","{""GLD"": 0.5, ""IEF"": 0.0, ""QQQ"": 0.5, ""SPY"": 0.0}",QQQ,GLD,0.06216947288764048,62.032590860821195,23.497214890335307,0.0
2026-06-30,2026-07-01,"{""GLD"": 0.5, ""IEF"": 0.0, ""QQQ"": 0.5, ""SPY"": 0.0}","{""GLD"": 0.0, ""IEF"": 0.0, ""QQQ"": 0.5, ""SPY"": 0.5}","GLD,QQQ",SPY,0.9981833075792229,959.8812397932408,363.59170957773347,0.0
2026-07-31,2026-08-03,"{""GLD"": 0.0, ""IEF"": 0.0, ""QQQ"": 0.5, ""SPY"": 0.5}","{""GLD"": 0.0, ""IEF"": 0.0, ""QQQ"": 0.5, ""SPY"": 0.5}",SPY,QQQ,0.029942293401858527,27.71813607129583,10.499303520758787,0.0
