signal_date,trade_date,asset,side,quantity,raw_open_usd,execution_price_usd,usdjpy,notional_jpy,commission_usd,commission_jpy,slippage_jpy,fx_cost_jpy,pre_trade_equity_jpy
2008-01-31,2008-02-01,GLD,BUY,5.128978841449279,91.75,91.795875,106.2509994506836,50000.0,0.6214812128016661,66.033,24.9999999999974,0.0,100000.0
2008-02-29,2008-03-03,GLD,SELL,0.09854610046217903,97.52,97.47124,103.7699966430664,997.2520526996741,0.012679142004161375,1.3157145232087881,0.49862602634985215,0.0,101812.43810539934
2008-03-31,2008-04-01,GLD,BUY,0.38603999220076163,87.86,87.90392999999999,99.8499984741211,3386.6596986647205,0.0447934508361335,4.4726259976385485,1.6933298493319333,0.0,95035.49002697077
2008-04-30,2008-05-01,GLD,SELL,0.0038663230757474917,84.51,84.46774500000001,103.94300079345705,33.962644076025754,0.01,1.0394300079345704,0.016981322038011774,0.0,95091.0834034289
2008-05-30,2008-06-02,GLD,SELL,0.13022781723808155,87.47,87.426265,105.5,1201.7533668374817,0.015028637791501074,1.5855212870033633,0.6008766834187146,0.0,97492.47731444392
2008-06-30,2008-07-01,GLD,SELL,0.15913189880439949,92.53,92.48373500000001,106.12000274658205,1562.561284608877,0.01942658831397623,2.061549605235876,0.7812806423042885,0.0,100613.22708772084
2008-07-31,2008-08-01,GLD,BUY,0.04506117569343391,89.5,89.54475,107.80999755859376,434.7950491139344,0.01,1.0780999755859377,0.21739752455693523,0.0,99737.9513289979
2008-07-31,2008-08-01,IEF,BUY,8.102248956290058,56.985526086,57.014018849043,107.80999755859376,49777.053077542645,0.6097631426218997,65.73856291738747,24.88852653876926,0.0,99737.9513289979
2008-08-29,2008-09-02,GLD,SELL,5.168307869763067,78.16,78.12092,108.05599975585938,43649.75523306541,0.5329539146304529,57.58886806919252,21.82487761653184,0.0,94371.72281879955
2008-08-29,2008-09-02,IEF,SELL,0.5648521526320691,57.935081569,57.9061140282155,108.05599975585938,3536.1061763343687,0.04317507897040216,4.665326322684985,1.768053088167159,0.0,94371.72281879955
2008-09-30,2008-10-01,IEF,BUY,0.03961443271781205,58.299638147,58.3287879660735,106.06999969482422,244.96941663348846,0.01,1.0606999969482422,0.12248470831672557,0.0,93710.08973533944
2008-10-31,2008-11-03,IEF,SELL,7.5770112363758,57.563950364,57.535168388818,98.44000244140624,42935.85712667061,0.575446894926879,56.6469937415016,21.467928563334965,0.0,89789.71880963506
2009-02-27,2009-03-02,IEF,BUY,7.354486823869769,62.478045599,62.509284621799495,97.62000274658205,44855.80194366511,0.6068352973591254,59.239263394920755,22.427900971830223,0.0,89711.60388733023
2009-03-31,2009-04-01,IEF,SELL,0.16477890892299268,64.399380113,64.3671804229435,98.97000122070312,1050.2359626093603,0.0140003869639155,1.385618314909033,0.5251179813046986,0.0,91648.74148381547
2009-04-30,2009-05-01,IEF,BUY,0.1313571848981464,62.302831592,62.33398300779599,98.69000244140624,807.6715357055945,0.010808181821438728,1.0666594903449504,0.4038357678527484,0.0,90029.57693981184
2009-05-29,2009-06-01,IEF,SELL,7.3210650998449225,60.535740593,60.5054727227035,95.43000030517578,42293.24944340599,0.5847131462037407,55.799175720663264,21.146624721701773,0.0,87306.56741805372
2009-10-30,2009-11-02,QQQ,BUY,13.879196261960358,34.88133568,34.89877634784,90.08999633789062,43614.810808805676,0.6393643954287895,57.600336042757306,21.80740540440156,0.0,87229.62161761135
2009-10-30,2009-11-02,GLD,BUY,4.660533853253293,103.5,103.55175,90.08999633789062,43456.28394942316,0.6370404960989806,57.39097596064519,21.728141974710912,0.0,87229.62161761135
2009-11-30,2009-12-01,GLD,SELL,0.11920221557643224,117.3,117.24135,86.25,1205.983715263712,0.018447565853866962,1.5911025548960256,0.6029918576318569,0.0,91890.43968966302
2009-11-30,2009-12-01,QQQ,BUY,0.3727660597835785,37.373618142,37.392304951071,86.25,1201.6019123135113,0.018398928481344484,1.5869075815159617,0.6008009561567328,0.0,91890.43968966302
2009-12-30,2010-01-04,QQQ,SELL,0.8231436659192325,39.563850476,39.544068550762,92.91999816894533,3026.100763173672,0.04296659340895107,3.992455780885552,1.5130503815868392,0.0,98736.00457711428
2009-12-30,2010-01-04,GLD,SELL,4.541331637676861,109.82,109.76509,92.91999816894533,46341.901525383466,0.6579931722268714,61.14072435849941,23.170950762688552,0.0,98736.00457711428
2009-12-30,2010-01-04,SPY,BUY,5.75915261967247,91.917232676,91.963191292338,92.91999816894533,49188.629337384074,0.6991116713390156,64.96145522070964,24.59431466869104,0.0,98736.00457711428
2010-01-29,2010-02-01,SPY,SELL,0.10187996388554943,88.465326278,88.42109361486101,90.2699966430664,813.5894198603273,0.011891005927947729,1.0734010651985242,0.40679470993015326,0.0,90355.29661522027
2010-01-29,2010-02-01,QQQ,BUY,0.2453753859257438,36.597383559,36.6156822507795,90.2699966430664,810.6333363949577,0.011859655055449643,1.0705710220433649,0.4053166681974604,0.0,90355.29661522027
2010-02-26,2010-03-01,QQQ,SELL,0.13186938011576751,38.372044119,38.3528580969405,88.9209976196289,449.9489330245414,0.01,0.889209976196289,0.22497446651227512,0.0,92415.00228218455
2010-02-26,2010-03-01,SPY,BUY,0.05535443839992627,90.960187537,91.00566763076849,88.9209976196289,447.72167776675326,0.01,0.889209976196289,0.22386083888332436,0.0,92415.00228218455
2010-03-31,2010-04-05,QQQ,SELL,0.08098137568311053,41.296735705,41.27608733714751,94.52999877929688,316.1335051956048,0.01,0.9452999877929688,0.15806675259776173,0.0,105100.25550274109
2010-03-31,2010-04-05,SPY,BUY,0.034333060443540266,96.726997988,96.77536148699399,94.52999877929688,313.92787453015603,0.01,0.9452999877929688,0.15696393726505511,0.0,105100.25550274109
2010-04-30,2010-05-03,QQQ,SELL,0.09957605858342329,42.315651979,42.294494153010504,93.83000183105467,395.3645203254273,0.01,0.9383000183105468,0.1976822601626929,0.0,106105.19768911318
2010-04-30,2010-05-03,SPY,BUY,0.042901869216211766,97.651323635,97.70014929681749,93.83000183105467,393.09369118305204,0.01,0.9383000183105468,0.19654684559148056,0.0,106105.19768911318
2010-05-27,2010-06-01,SPY,SELL,5.789862023846599,88.628923738,88.584609276131,91.19000244140624,46794.080426979985,0.6770183179916113,61.737302070531776,23.397040213486186,0.0,94130.74176181486
2010-05-27,2010-06-01,QQQ,SELL,0.07657743056158278,38.849594911,38.8301701135445,91.19000244140624,271.29045392743865,0.01,0.9119000244140624,0.13564522696371753,0.0,94130.74176181486
2010-05-27,2010-06-01,GLD,BUY,4.28964714718394,119.88,119.93993999999999,91.19000244140624,46893.81130687803,0.6791400283198251,61.93078084054155,23.446905653438016,0.0,94130.74176181486
2010-06-30,2010-07-01,QQQ,SELL,13.285189796806563,36.630121885,36.6118068240575,88.43000030517578,43033.40923473448,0.6420411392493406,56.775698139754596,21.516704617365434,0.0,88898.62254254961
2010-06-30,2010-07-01,GLD,SELL,0.13242541991409906,120.91,120.849545,88.43000030517578,1415.9020365403267,0.02112468830082971,1.8680561928891146,0.7079510182700507,0.0,88898.62254254961
2010-06-30,2010-07-01,IEF,BUY,7.5291019201676495,66.518339721,66.5515988908605,88.43000030517578,44287.80981748422,0.6614173777192146,58.48913891355871,22.143904908742133,0.0,88898.62254254961
2010-07-30,2010-08-02,GLD,SELL,4.157221727269841,116.12,116.06194,86.44000244140625,41727.75175629253,0.6368936886537571,55.05309200214699,20.863875878145386,0.0,85298.00113818591
2010-07-30,2010-08-02,IEF,SELL,7.52910192016765,66.947150869,66.9136772935655,86.44000244140625,43570.24938189338,0.6650158629793305,57.48397281950721,21.785124690946056,0.0,85298.00113818591
2010-08-31,2010-09-01,GLD,BUY,4.122905738699749,122.15,122.211075,84.53199768066406,42571.40753639758,0.6651014600342182,56.22235507701882,21.285703768194686,0.0,85142.81507279516
2010-08-31,2010-09-01,IEF,BUY,7.259574393304881,69.120092395,69.1546524411975,84.53199768066406,42416.67313743796,0.6626840141328214,56.01800354568881,21.208336568717872,0.0,85142.81507279516
2010-09-30,2010-10-01,GLD,SELL,0.1102910724863839,128.72,128.65564,83.76599884033203,1189.1979789311515,0.018730230442469187,1.5689564615230256,0.594598989465516,0.0,86530.90669472887
2010-09-30,2010-10-01,IEF,SELL,7.259574393304881,69.192361118,69.157764937441,83.76599884033203,42076.25536843328,0.6627138400582192,55.51288675778878,21.038127684211943,0.0,86530.90669472887
2010-09-30,2010-10-01,QQQ,BUY,12.101943340773406,42.524335837,42.5455980049185,83.76599884033203,43108.253305009144,0.6796474297203965,56.93134580979338,21.55412665250513,0.0,86530.90669472887
2010-10-29,2010-11-01,QQQ,SELL,0.13816201080267015,45.078049954,45.055510929023,81.67900085449219,508.7028635859533,0.01,0.8167900085449219,0.2543514317929779,0.0,88099.61271575035
2010-10-29,2010-11-01,GLD,BUY,0.04668316942541526,132.85,132.91642499999998,81.67900085449219,506.5616513114149,0.01,0.8167900085449219,0.25328082565563537,0.0,88099.61271575035
2010-11-30,2010-12-01,GLD,SELL,0.023787809177007985,135.71,135.64214500000003,84.25399780273438,271.99242778346525,0.01,0.8425399780273438,0.135996213891693,0.0,92284.93143477556
2010-11-30,2010-12-01,QQQ,BUY,0.07042996099272192,45.506584172,45.52933746408599,84.25399780273438,270.0363334467956,0.01,0.8425399780273438,0.13501816672336397,0.0,92284.93143477556
2010-12-31,2011-01-03,QQQ,SELL,0.11773215173096575,47.429119038,47.405404478481,81.4800033569336,454.9788175825087,0.01,0.814800033569336,0.22748940879125468,0.0,92103.05781047934
2010-12-31,2011-01-03,GLD,BUY,0.040083371258254404,138.67,138.73933499999998,81.4800033569336,452.8952804663457,0.01,0.814800033569336,0.22644764023315736,0.0,92103.05781047934
2011-01-31,2011-02-01,QQQ,SELL,0.4977711063376931,48.708865718,48.684511285141,82.08899688720703,1990.3188167056285,0.03198854081796719,2.625907227632404,0.9951594083527765,0.0,91314.53863422957
2011-01-31,2011-02-01,GLD,SELL,4.075593397720026,130.52,130.45474000000002,82.08899688720703,43666.95050040917,0.7018182296997731,57.61155447320983,21.833475250202905,0.0,91314.53863422957
2011-01-31,2011-02-01,SPY,BUY,5.233135617404941,105.896635599,105.9495839167995,82.08899688720703,45491.378886871236,0.7318720744423931,60.07864444073536,22.745689443431534,0.0,91314.53863422957
2011-02-28,2011-03-01,SPY,SELL,5.233135617404941,109.258563393,109.20393411130351,81.62200164794922,46668.59394482042,0.7543522762493583,61.57174273515937,23.334296972406865,0.0,93348.8739991619
2011-02-28,2011-03-01,QQQ,SELL,0.001429300258118672,50.085180519,50.0601379287405,81.62200164794922,5.84305476053123,0.01,0.8162200164794922,0.002921527380265092,0.0,93348.8739991619
2011-02-28,2011-03-01,GLD,BUY,4.111632220973328,138.57,138.63928499999997,81.62200164794922,46504.0437660065,0.7524445517142894,61.41603044001414,23.252021882996335,0.0,93348.8739991619
2011-03-31,2011-04-01,GLD,SELL,0.00046647718636250797,138.65,138.580675,83.1500015258789,5.377897794773163,0.01,0.831500015258789,0.002688948897386274,0.0,94793.18532108126
2011-03-31,2011-04-01,QQQ,BUY,0.0008938817436929778,49.919815979,49.9447758869895,83.1500015258789,3.7103536385389293,0.01,0.831500015258789,0.0018551768192692987,0.0,94793.18532108126
2011-04-29,2011-05-02,GLD,SELL,0.12529694040267908,151.46,151.38427000000001,81.52999877929688,1547.2334804332058,0.025037741330042863,2.0413270200747458,0.7736167402165309,0.0,98439.26980803662
2011-04-29,2011-05-02,QQQ,BUY,0.36923647537192406,51.209789352,51.235394246676,81.52999877929688,1541.6117857590543,0.024971728829432355,2.0359450209805523,0.7708058928795378,0.0,98439.26980803662
2011-05-31,2011-06-01,GLD,SELL,0.009781881626670664,149.66,149.58517,80.87999725341797,118.404789954664,0.01,0.8087999725341797,0.05920239497732529,0.0,96257.09138180056
2011-05-31,2011-06-01,QQQ,BUY,0.028644634236994544,50.358582432,50.383761723216,80.87999725341797,116.66965278822423,0.01,0.8087999725341797,0.05833482639410862,0.0,96257.09138180056
2011-06-30,2011-07-05,QQQ,SELL,0.09216053498716666,50.235485237,50.2103674943815,80.87999725341797,374.4524845580236,0.01,0.8087999725341797,0.1872262422789975,0.0,95269.43249463665
2011-06-30,2011-07-05,GLD,SELL,3.9760869217576156,146.96,146.88652000000002,80.87999725341797,47260.263762760296,0.7709243139239248,62.35235639276017,23.630131881376712,0.0,95269.43249463665
2011-06-30,2011-07-05,SPY,BUY,5.362422091811732,109.430340726,109.485055896363,80.87999725341797,47461.326793589345,0.774978708849707,62.68027584322171,23.730663396793133,0.0,95269.43249463665
2011-07-29,2011-08-01,SPY,SELL,5.362422091811732,107.02545807,106.97194534096501,77.7300033569336,44610.46779058218,0.7571899142286175,58.856374574826695,22.30523389528773,0.0,90967.04666194998
2011-07-29,2011-08-01,QQQ,SELL,11.723893189002126,50.868723295,50.843288933352504,77.7300033569336,46356.57887136778,0.7868273012585022,61.16008876815037,23.178289435682384,0.0,90967.04666194998
2011-07-29,2011-08-01,GLD,BUY,3.7159305242659637,157.47,157.548735,77.7300033569336,45483.52333097498,0.772781002548706,60.068269922285424,22.741761665485956,0.0,90967.04666194998
2011-08-31,2011-09-01,GLD,SELL,0.196106495615093,177.44,177.35128,76.70099639892578,2668.9750476644695,0.0459092541780195,3.521285539385642,1.3344875238321598,0.0,95808.37672075545
2011-09-30,2011-10-03,GLD,BUY,0.17681153872684466,161.09,161.170545,76.76499938964844,2186.4645280439145,0.03761579191774029,2.887576243606476,1.0932322640219674,0.0,91425.7361185412
2011-09-30,2011-10-03,IEF,BUY,7.818673891266887,76.017628135,76.05563694906749,76.76499938964844,45625.81814869238,0.7849435742244982,60.25619299625207,22.812909074343597,0.0,91425.7361185412
2011-10-31,2011-11-01,GLD,SELL,0.04763964323907147,164.03,163.94798500000002,75.73999786376953,591.8573890482294,0.010309759040017326,0.7808611276668909,0.2959286945240576,0.0,90667.56396433595
2011-10-31,2011-11-01,IEF,BUY,0.10305158581471868,75.553793261,75.59157015763049,75.73999786376953,589.7069433824996,0.010282577156238268,0.7788023718475318,0.29485347169117093,0.0,90667.56396433595
2011-11-30,2011-12-01,GLD,SELL,0.07159533017591821,169.85,169.765075,77.95999908447266,948.0299829631621,0.016043790307993164,1.2507738777226183,0.47401499148157195,0.0,94740.34174613381
2011-11-30,2011-12-01,IEF,BUY,0.16118917147210374,75.168096367,75.2056804151835,77.95999908447266,944.5854251937246,0.016001490537277407,1.2474761876363445,0.4722927125967358,0.0,94740.34174613381
2011-12-30,2012-01-03,GLD,SELL,3.577400593962726,154.76,154.68262,77.0199966430664,42641.2366377594,0.7304374395960981,56.25828914566149,21.320618318881113,0.0,90158.56727268433
2011-12-30,2012-01-03,IEF,SELL,0.4147229134168339,76.327413756,76.289250049122,77.0199966430664,2438.046998582766,0.041763348056439525,3.216612927110186,1.2190234992912294,0.0,90158.56727268433
2012-01-31,2012-02-01,IEF,SELL,0.022410236596468878,77.298873202,77.260223765399,76.36000061035156,132.27736285005085,0.01,0.7636000061035156,0.06613868142501053,0.0,90259.09291060254
2012-01-31,2012-02-01,GLD,BUY,3.475259940558296,169.75,169.83487499999998,76.36000061035156,45046.70198817197,0.7790908456283377,59.491377447699186,22.523350994081337,0.0,90259.09291060254
2012-02-29,2012-03-01,IEF,SELL,0.03833931407028645,76.281125572,76.242985009214,80.4800033569336,235.36908398761443,0.01,0.8048000335693359,0.11768454199379996,0.0,93405.776387386
2012-02-29,2012-03-01,GLD,BUY,0.017465107267748074,166.14,166.22306999999998,80.4800033569336,233.52503686005193,0.01,0.8048000335693359,0.116762518430015,0.0,93405.776387386
2012-03-30,2012-04-02,IEF,SELL,7.60744218447012,75.715471922,75.67761418603901,82.27300262451172,47389.3379647802,0.7599412584441843,62.52264915045311,23.694668982388677,0.0,93938.29467330131
2012-03-30,2012-04-02,QQQ,BUY,9.678500724379631,58.985768464,59.015261348232,82.27300262451172,46969.147336650654,0.753956609614978,62.03027412162104,23.48457366832455,0.0,93938.29467330131
2012-03-30,2012-04-02,GLD,BUY,0.018571657455127115,161.99,162.070995,82.27300262451172,247.51197619242188,0.01,0.8227300262451172,0.1237559880962132,0.0,93938.29467330131
2012-04-30,2012-05-01,GLD,SELL,3.511296705281171,162.09,162.00895500000001,80.3499984741211,45730.886897309654,0.7508971930911601,60.334588319096525,22.865443448651707,0.0,91065.24385160994
2012-04-30,2012-05-01,QQQ,BUY,0.0423278899105519,58.295294428,58.324442075213994,80.3499984741211,198.2649715046937,0.01,0.803499984741211,0.09913248575233394,0.0,91065.24385160994
2012-04-30,2012-05-01,IEF,BUY,7.294378619040391,77.402605471,77.44130677373549,80.3499984741211,45365.92333957929,0.7456498003163669,59.912960317648775,22.682961669783584,0.0,91065.24385160994
2012-05-31,2012-06-01,IEF,SELL,0.4136978603426991,80.028575978,79.98856169001101,78.98200225830078,2614.9085382767294,0.04368024780642277,3.449953430890021,1.3074542691382187,0.0,86983.0501427805
2012-05-31,2012-06-01,QQQ,BUY,0.619589452330503,53.240670396,53.267290731197996,78.98200225830078,2605.4075692317037,0.043565083968479884,3.4408575603815414,1.3027037846156946,0.0,86983.0501427805
2012-06-29,2012-07-02,QQQ,SELL,0.3166738503188482,56.257290225,56.2291615798875,79.31300354003906,1412.9780282633146,0.023504322728968786,1.864198431808922,0.7064890141315463,0.0,89450.58345869352
2012-06-29,2012-07-02,IEF,BUY,0.22365293435843242,79.366198486,79.405881585243,79.31300354003906,1407.844135313974,0.023442353116852305,1.8592834357437527,0.7039220676568562,0.0,89450.58345869352
2012-07-31,2012-08-01,QQQ,SELL,0.034006502004350785,57.162294851,57.1337137035745,78.10099792480469,151.81972499024414,0.01,0.7810099792480469,0.07590986249511793,0.0,89197.01487176048
2012-07-31,2012-08-01,IEF,BUY,0.02399297761510447,80.104970797,80.14502328239848,78.10099792480469,150.10674179835402,0.01,0.7810099792480469,0.07505337089915919,0.0,89197.01487176048
2012-08-31,2012-09-04,QQQ,SELL,0.2107526065739909,59.628876086,59.599061647957,78.29000091552734,983.8658272651737,0.016580068021005603,1.2980535405440343,0.49193291363254454,0.0,91303.34783732684
2012-08-31,2012-09-04,IEF,SELL,7.128326670671229,80.03883331,79.998813893345,78.29000091552734,44667.80809139824,0.7527401358813538,58.93202592730537,22.333904045698795,0.0,91303.34783732684
2012-08-31,2012-09-04,SPY,BUY,5.035941965519648,115.368928509,115.42661297325449,78.29000091552734,45485.80381865577,0.767291875956945,60.07128167114592,22.742901909325006,0.0,91303.34783732684
2012-09-28,2012-10-01,SPY,SELL,0.012179084645517412,118.199164561,118.14006497871951,77.61000061035156,111.72406855984444,0.01,0.7761000061035156,0.055862034279918066,0.0,92170.34692960506
2012-09-28,2012-10-01,QQQ,BUY,0.02341100482186839,60.575306263,60.6055939161315,77.61000061035156,110.06097602534481,0.01,0.7761000061035156,0.055030488012663435,0.0,92170.34692960506
2012-10-31,2012-11-01,SPY,SELL,0.08446916657706403,115.876080634,115.818142593683,79.68399810791016,779.9434639874308,0.012913641812797394,1.029010609777177,0.3899717319937005,0.0,91213.63463828075
2012-10-31,2012-11-01,QQQ,BUY,0.16993235872707504,57.389849818,57.418544742909,79.68399810791016,777.1096292281096,0.012879594740546979,1.026297602936395,0.3885548146140164,0.0,91213.63463828075
2012-11-30,2012-12-03,QQQ,SELL,0.03630615167172074,58.279642121,58.250502299939505,82.1510009765625,173.82408555470462,0.01,0.821510009765625,0.08691204277734256,0.0,95142.00289649554
2012-11-30,2012-12-03,SPY,BUY,0.017925092136296363,116.808586154,116.86699044707699,82.1510009765625,172.00814941768726,0.01,0.821510009765625,0.08600407470882844,0.0,95142.00289649554
2012-12-31,2013-01-02,SPY,SELL,0.011765478865339862,118.698136812,118.63878774359401,86.72000122070312,121.10798692861863,0.01,0.8672000122070312,0.06055399346430213,0.0,101812.07306667508
2012-12-31,2013-01-02,QQQ,BUY,0.023331813978721715,58.939033792,58.96850330889599,86.72000122070312,119.25340620763644,0.01,0.8672000122070312,0.05962670310380469,0.0,101812.07306667508
2013-01-31,2013-02-01,SPY,SELL,0.06751718427952494,123.229786443,123.1681715497785,91.02100372314452,757.3064198691064,0.010977077939386069,0.9991446519901069,0.37865320993448176,0.0,109426.73028928987
2013-01-31,2013-02-01,QQQ,BUY,0.139277756467759,59.520616806,59.550377114403,91.02100372314452,754.5548342027422,0.01094813665612,0.9965103873381934,0.3772774171013546,0.0,109426.73028928987
2013-02-28,2013-03-01,SPY,SELL,0.024771468280323415,123.589700854,123.52790600357301,92.3030014038086,282.5854869112809,0.01,0.9230300140380859,0.1412927434556218,0.0,110726.89654308278
2013-02-28,2013-03-01,QQQ,BUY,0.05141969464445571,59.091140119,59.1206856890595,92.3030014038086,280.45790518715563,0.01,0.9230300140380859,0.14022895259356402,0.0,110726.89654308278
2013-03-28,2013-04-01,SPY,SELL,0.0034279004105052654,128.088630993,128.02458667750352,94.19000244140624,41.35648198702983,0.01,0.9419000244140624,0.020678240993511197,0.0,117020.93266526458
2013-03-28,2013-04-01,QQQ,SELL,10.150051584691658,61.158021108,61.127442097446,94.19000244140624,58469.109850645276,0.8189896314987147,77.14063539035034,29.234554925322456,0.0,117020.93266526458
2013-03-28,2013-04-01,IEF,BUY,7.761052594352767,79.748164101,79.7880381830505,94.19000244140624,58296.9895670261,0.8173956921753239,76.9905022415887,29.14849478351494,0.0,117020.93266526458
2013-04-30,2013-05-01,SPY,SELL,0.009611634539918203,130.32991619,130.26475123190502,97.86399841308594,122.59261840840192,0.01,0.9786399841308594,0.061296309204184246,0.0,123467.78518881608
2013-04-30,2013-05-01,IEF,SELL,7.761052594352767,81.117917019,81.07735806049051,97.86399841308594,61611.29997599964,0.8306042449566023,81.28625251033537,30.80564998799449,0.0,123467.78518881608
2013-04-30,2013-05-01,QQQ,BUY,10.026908088968895,62.682611568,62.713952873783995,97.86399841308594,61508.77419079815,0.8300516945969937,81.23217772281949,30.75438709539577,0.0,123467.78518881608
2013-05-31,2013-06-03,QQQ,SELL,0.02509804299529671,65.014338155,64.98183098592251,101.0999984741211,164.96816886242596,0.01,1.010999984741211,0.08248408443118892,0.0,131482.78444684166
2013-05-31,2013-06-03,SPY,BUY,0.012014785546291167,134.010859031,134.07786446051549,101.0999984741211,162.78229366168154,0.01,1.010999984741211,0.08139114683082842,0.0,131482.78444684166
2013-06-28,2013-07-01,SPY,SELL,0.006248177393845736,131.908631675,131.8426773591625,98.47599792480467,81.16278801767476,0.01,0.9847599792480467,0.04058139400883833,0.0,125894.6601304816
2013-06-28,2013-07-01,QQQ,BUY,0.012586650875573238,63.827523047,63.8594368085235,98.47599792480467,79.11313010011976,0.01,0.9847599792480467,0.03955656505005727,0.0,125894.6601304816
2013-07-31,2013-08-01,QQQ,SELL,0.04621763748126922,67.911935468,67.877979500266,98.01599884033205,307.64567901045666,0.01,0.9801599884033205,0.1538228395052374,0.0,132705.49436716197
2013-07-31,2013-08-01,SPY,BUY,0.02240639805121596,139.049660787,139.1191856173935,98.01599884033205,305.37884677075937,0.01,0.9801599884033205,0.15268942338538968,0.0,132705.49436716197
2013-08-30,2013-09-03,QQQ,SELL,0.1268591766211807,67.732005406,67.698139403297,98.38500213623048,845.3658933307744,0.011336331895004381,1.1153250377070238,0.4226829466653012,0.0,131161.4405172333
2013-08-30,2013-09-03,SPY,BUY,0.06334313113706937,135.156041248,135.223619268624,98.38500213623048,842.2943537083793,0.011306443431573297,1.1123844611685079,0.4211471768540871,0.0,131161.4405172333
2013-09-30,2013-10-01,QQQ,SELL,0.10584878658348165,70.436834185,70.4016157679075,97.8270034790039,729.3642339628714,0.01,0.978270034790039,0.3646821169813766,0.0,134166.9498066572
2013-09-30,2013-10-01,SPY,BUY,0.05400906484067907,137.536384285,137.6051524771425,97.8270034790039,726.6796719403399,0.01,0.978270034790039,0.363339835970168,0.0,134166.9498066572
2013-10-31,2013-11-01,QQQ,SELL,0.030483960543217548,74.199626975,74.1625271615125,98.50700378417967,222.81284420013253,0.01,0.9850700378417968,0.11140642210006899,0.0,141871.0527162332
2013-10-31,2013-11-01,SPY,BUY,0.015555040186174552,143.982124193,144.0541152550965,98.50700378417967,220.62098720874448,0.01,0.9850700378417968,0.11031049360435194,0.0,141871.0527162332
2013-11-29,2013-12-02,QQQ,SELL,0.024206336445905634,76.717178986,76.67882039650699,102.29199981689452,189.960524141934,0.01,1.0229199981689452,0.09498026207096887,0.0,151940.89356097806
2013-11-29,2013-12-02,SPY,BUY,0.012389145710529952,148.129319794,148.203384453897,102.29199981689452,187.7258409630436,0.01,1.0229199981689452,0.0938629204815275,0.0,151940.89356097806
2013-12-31,2014-01-02,QQQ,SELL,0.03583641487367469,78.52054564,78.48128536717999,105.3000030517578,296.3031362567708,0.01,1.053000030517578,0.1481515681283921,0.0,159492.92250155864
2013-12-31,2014-01-02,SPY,BUY,0.018546289428337602,150.493303086,150.56854973754298,105.3000030517578,293.902033610802,0.01,1.053000030517578,0.1469510168053679,0.0,159492.92250155864
2014-01-31,2014-02-03,QQQ,SELL,0.08112741579220599,77.244186759,77.2055646656205,102.75800323486328,643.9454873705399,0.01,1.0275800323486328,0.3219727436852835,0.0,151824.79852884304
2014-01-31,2014-02-03,SPY,BUY,0.04287119925922651,145.560839679,145.6336200988395,102.75800323486328,641.2477306968092,0.01,1.0275800323486328,0.3206238653483572,0.0,151824.79852884304
2014-02-28,2014-03-03,QQQ,SELL,0.02592204143962697,80.603966237,80.5636642538815,102.11000061035156,213.350611409478,0.01,1.0211000061035156,0.10667530570472925,0.0,157002.73599120748
2014-02-28,2014-03-03,SPY,BUY,0.013684286900967848,151.074074067,151.14961110403348,102.11000061035156,211.09618799756745,0.01,1.0211000061035156,0.10554809399876201,0.0,157002.73599120748
2014-03-31,2014-04-01,SPY,SELL,0.07294909692777342,153.47077685,153.394041461575,102.88899993896484,1151.8994140879076,0.014770742974314795,1.5197469729827404,0.5759497070439001,0.0,158401.85861224588
2014-03-31,2014-04-01,QQQ,BUY,0.14025512809182478,79.532755554,79.572521931777,102.88899993896484,1147.7141202177652,0.014731799618092815,1.5157401300067939,0.5738570601088712,0.0,158401.85861224588
2014-04-30,2014-05-01,SPY,SELL,0.0248442581972592,153.986108848,153.909115793576,102.56400299072266,392.3760956815531,0.01,1.0256400299072266,0.19618804784072524,0.0,157646.96996370854
2014-04-30,2014-05-01,QQQ,BUY,0.04811657687654076,79.013452952,79.05295967847599,102.56400299072266,389.9336607435263,0.01,1.0256400299072266,0.19496683037172183,0.0,157646.96996370854
2014-05-30,2014-06-02,QQQ,SELL,0.09293761325064294,82.566576017,82.5252927289915,101.72000122070312,780.5525499728827,0.010124008935536902,1.029814201281223,0.3902762749864467,0.0,161814.34550213013
2014-05-30,2014-06-02,SPY,BUY,0.04844217282735964,157.830649149,157.9095644735745,101.72000122070312,777.7165021697746,0.010097316785585021,1.0270990757555345,0.38885825108486544,0.0,161814.34550213013
2014-06-30,2014-07-01,QQQ,SELL,0.055196144426129794,85.330053494,85.287388467253,101.44300079345705,477.78537059880915,0.01,1.0144300079345705,0.23889268529941768,0.0,165819.25468165183
2014-06-30,2014-07-01,SPY,BUY,0.029055517634205094,161.249662606,161.33028743730299,101.44300079345705,475.2799779086863,0.01,1.0144300079345705,0.23763998895433802,0.0,165819.25468165183
2014-07-31,2014-08-01,QQQ,SELL,0.1197440022320888,85.896427455,85.8534792412725,102.83999633789062,1057.769215305627,0.01357017975706737,1.3955572365213258,0.5288846076527987,0.0,167103.0262699097
2014-07-31,2014-08-01,SPY,BUY,0.0647530178274492,158.266145224,158.345278296612,102.83999633789062,1053.9259326728725,0.013534401709531458,1.3918778222437558,0.5269629663364043,0.0,167103.0262699097
2014-08-29,2014-09-02,QQQ,SELL,0.052792036817979685,90.655795742,90.610467844129,104.16799926757812,498.5380554683943,0.01,1.0416799926757814,0.24926902773414406,0.0,177642.24452875144
2014-08-29,2014-09-02,SPY,BUY,0.028824176843174145,165.178371446,165.26096063172298,104.16799926757812,495.9574477314431,0.01,1.0416799926757814,0.2479787238656632,0.0,177642.24452875144
2014-09-30,2014-10-01,QQQ,SELL,0.018791167924806618,89.49950621,89.45475645689501,109.38999938964844,183.97212836251126,0.01,1.0938999938964844,0.09198606418124482,0.0,183800.2431849306
2014-09-30,2014-10-01,SPY,BUY,0.010220916790304862,162.424694347,162.50590669417352,109.38999938964844,181.6015415397672,0.01,1.0938999938964844,0.09080077076988906,0.0,183800.2431849306
2014-10-31,2014-11-03,QQQ,SELL,0.018578740722857083,92.237382808,92.19126411659602,109.21299743652344,187.15333579435537,0.01,1.0921299743652344,0.09357666789715727,0.0,188742.0623343257
2014-10-31,2014-11-03,SPY,BUY,0.01014754308673889,166.735100572,166.818468122286,109.21299743652344,184.78310762391578,0.01,1.0921299743652344,0.09239155381195673,0.0,188742.0623343257
2014-11-28,2014-12-01,QQQ,SELL,0.08739797769631763,96.074072757,96.02603572062151,117.83999633789062,989.4647013288195,0.011078075353193216,1.305440359051165,0.4947323506642919,0.0,210143.36684038787
2014-11-28,2014-12-01,SPY,BUY,0.04908732448229212,170.434453041,170.5196702675205,117.83999633789062,985.8695952817583,0.011048867788246514,1.3019985397048068,0.492934797640788,0.0,210143.36684038787
2014-12-31,2015-01-02,SPY,SELL,0.05303480516913926,171.358445581,171.2727663582095,119.6729965209961,1087.5836179393518,0.01199011148885504,1.4348925704921045,0.5437918089696963,0.0,212386.62791835755
2014-12-31,2015-01-02,QQQ,BUY,0.09568463373237364,94.633185703,94.6805022958515,119.6729965209961,1083.632008108008,0.011958499322583938,1.4311094478279218,0.5418160040540222,0.0,212386.62791835755
2015-01-30,2015-02-02,QQQ,SELL,0.03377945250613706,92.399801904,92.35360200304801,118.2480010986328,369.0774016387586,0.01,1.182480010986328,0.18453870081933937,0.0,204159.14297880858
2015-01-30,2015-02-02,SPY,BUY,0.01865175402812277,166.102611874,166.185663179937,118.2480010986328,366.3447305506912,0.01,1.182480010986328,0.18317236527535627,0.0,204159.14297880858
2015-02-27,2015-03-02,QQQ,SELL,0.08191241412006554,99.09076242,99.04121703879001,119.3769989013672,968.9548753989367,0.01070877084424839,1.2783809253088332,0.4844774376994223,0.0,219095.44355110129
2015-02-27,2015-03-02,SPY,BUY,0.0462098710875399,175.011789706,175.099295600853,119.3769989013672,965.4342894425118,0.010680536957949486,1.2750104486951477,0.4827171447212307,0.0,219095.44355110129
2015-03-31,2015-04-01,SPY,SELL,0.02445961238726397,172.131530496,172.04546473075203,120.01300048828124,505.28719743953843,0.01,1.2001300048828123,0.252643598719711,0.0,215620.19883528375
2015-03-31,2015-04-01,QQQ,BUY,0.04335761134210979,96.547577566,96.595851354783,120.01300048828124,502.3831022799134,0.01,1.2001300048828123,0.25119155113991876,0.0,215620.19883528375
2015-04-30,2015-05-01,QQQ,SELL,0.03984479056756277,98.804523157,98.75512089542151,118.97000122070312,468.3665177856601,0.01,1.1897000122070314,0.23418325889279595,0.0,217800.32194004377
2015-04-30,2015-05-01,SPY,BUY,0.022405393942500237,174.641903609,174.72922456080448,118.97000122070312,465.5201744151457,0.01,1.1897000122070314,0.2327600872075354,0.0,217800.32194004377
2015-05-29,2015-06-01,QQQ,SELL,0.05447610359181876,101.190437067,101.13984184846652,123.81999969482422,682.5528861741915,0.01,1.2381999969482422,0.3412764430870127,0.0,230787.99842131216
2015-05-29,2015-06-01,SPY,BUY,0.031041819252167584,176.760291551,176.84867169677548,123.81999969482422,679.3955119812175,0.01,1.2381999969482422,0.33969775599056445,0.0,230787.99842131216
2015-06-30,2015-07-01,SPY,SELL,0.01462261057361924,174.092164563,174.00511848071852,122.66999816894533,312.2787972407823,0.01,1.2266999816894533,0.15613939862037163,0.0,224562.49338201585
2015-06-30,2015-07-01,QQQ,BUY,0.02545870331262123,99.10746359,99.157017321795,122.66999816894533,309.51450062846874,0.01,1.2266999816894533,0.15475725031423748,0.0,224562.49338201585
2015-07-31,2015-08-03,QQQ,SELL,0.10078972821095776,102.65302146,102.60169494927001,124.0709991455078,1283.6844799289395,0.01365037997125509,1.693616281749447,0.6418422399643814,0.0,232679.4857716108
2015-07-31,2015-08-03,SPY,BUY,0.058446378767233416,176.380094131,176.4682841780655,124.0709991455078,1279.0203601982269,0.013614390474267,1.6891510288993905,0.6395101800990808,0.0,232679.4857716108
2015-08-31,2015-09-01,SPY,SELL,5.316071807038432,161.847970059,161.7670460739705,121.28900146484376,104356.50264930783,1.1351541074830727,137.68170820533783,52.17825132465394,0.0,207591.98002327513
2015-08-31,2015-09-01,QQQ,SELL,9.134527408356718,93.179734026,93.13314415898701,121.28900146484376,103235.4773739673,1.1229599804896495,136.20269471857003,51.61773868698076,0.0,207591.98002327513
2015-08-31,2015-09-01,IEF,BUY,10.30952109364508,83.008136337,83.04964040516849,121.28900146484376,103795.99001163755,1.1301866658412747,137.07921216876926,51.897995005809825,0.0,207591.98002327513
2015-09-30,2015-10-01,IEF,SELL,0.04286022792221936,84.239633934,84.197514117033,119.86000061035156,432.7581172756909,0.01,1.1986000061035156,0.21637905863785606,0.0,207324.1810576063
2015-10-30,2015-11-02,IEF,SELL,10.26666086572286,83.37225326,83.33056713337,121.0,103570.51262962082,1.129295207708793,136.64472013276395,51.7852563148073,0.0,207231.18817935925
2015-10-30,2015-11-02,SPY,BUY,4.879502097345381,175.494795739,175.5825431368695,121.0,103615.59408967962,1.1309171114915395,136.84097049047628,51.80779704483524,0.0,207231.18817935925
2015-10-30,2015-11-02,QQQ,BUY,8.154463513103059,104.440995467,104.4932159647335,121.0,103050.89470374542,1.1247536743756068,136.09519459944843,51.525447351873495,0.0,207231.18817935925
2015-11-30,2015-12-01,SPY,SELL,0.008198885894524196,176.438316146,176.350096987927,122.83000183105467,177.68558849801775,0.01,1.2283000183105468,0.08884279424901118,0.0,211140.97427725213
2015-11-30,2015-12-01,QQQ,BUY,0.013544190650863902,105.223101074,105.275712624537,122.83000183105467,175.05261935746896,0.01,1.2283000183105468,0.08752630967872516,0.0,211140.97427725213
2015-12-31,2016-01-04,SPY,SELL,4.871303211450857,169.903384339,169.81843264683053,120.28800201416016,99556.47333876316,1.0919529407371946,131.34883753476376,49.778236669371516,0.0,198655.95852681372
2015-12-31,2016-01-04,QQQ,BUY,0.018833007701611167,100.863247808,100.91367943190399,120.28800201416016,228.49407535628418,0.01,1.2028800201416017,0.11424703767811825,0.0,198655.95852681372
2016-01-29,2016-02-01,QQQ,SELL,8.186840711455533,95.469253406,95.42151877929702,118.93000030517578,92954.68571529364,1.031185022592473,122.63883505161552,46.47734285763719,0.0,192100.22077743855
2016-01-29,2016-02-01,IEF,BUY,9.448891253992349,85.472340713,85.51507688335649,118.93000030517578,96050.11038871927,1.066589913902872,126.84953878596599,48.025055194349804,0.0,192100.22077743855
2016-02-29,2016-03-01,IEF,SELL,9.448891253992349,86.959872616,86.91639267969201,113.66000366210938,93391.51301822184,1.0840678762580125,123.21515878546083,46.69575650909908,0.0,189097.63263505156
2016-07-29,2016-08-01,GLD,BUY,7.014435650079433,128.57,128.63428499999998,104.74500274658205,94463.86085987849,1.1910319271749508,124.75464248320712,47.23193042992745,0.0,188927.721719757
2016-08-31,2016-09-01,GLD,SELL,7.014435650079433,124.67,124.60766500000001,102.86799621582033,89957.00237839099,1.1537492308968849,118.68387151790637,44.978501189188464,0.0,184248.87666535637
2016-12-30,2017-01-03,SPY,BUY,4.066505231293566,193.795341081,193.8922387515405,116.79499816894533,92042.60714632466,1.040772220211276,121.55698955386514,46.021303573162236,0.0,184085.2142926493
2016-12-30,2017-01-03,QQQ,BUY,7.056828975215966,111.268867639,111.3245020728195,116.79499816894533,91708.05965730194,1.0369893228802305,121.11516606701237,45.854029828644244,0.0,184085.2142926493
2017-01-31,2017-02-01,QQQ,SELL,0.11261328860911736,117.004527131,116.94602486743452,113.6500015258789,1497.4824898924853,0.017383972914112752,1.9756885482147517,0.7487412449460712,0.0,184682.31458589286
2017-01-31,2017-02-01,SPY,BUY,0.06678940301606158,196.563968976,196.662250960488,113.6500015258789,1492.041559713217,0.017338139725428556,1.9704796062508572,0.7460207798564775,0.0,184682.31458589286
2017-02-28,2017-03-01,SPY,SELL,0.00216950505450459,205.291820833,205.1891749225835,112.74500274658205,50.21455455718388,0.01,1.1274500274658206,0.025107277278591574,0.0,191234.96186820779
2017-02-28,2017-03-01,QQQ,BUY,0.0034813330613299937,122.064298761,122.1253309103805,112.74500274658205,47.91059192900938,0.01,1.1274500274658206,0.023955295964502576,0.0,191234.96186820779
2017-03-31,2017-04-03,QQQ,SELL,0.07358839082212511,123.890790602,123.828845206699,111.7760009765625,1019.0532967707842,0.01202832240208236,1.3444777765615665,0.5095266483853526,0.0,190385.54810957806
2017-03-31,2017-04-03,SPY,BUY,0.04454045875845779,203.944882431,204.04685487221548,111.7760009765625,1015.3506839695613,0.011996609491982193,1.3409330342912404,0.5076753419846816,0.0,190385.54810957806
2017-04-28,2017-05-01,QQQ,SELL,0.06020320076767601,127.634723669,127.5709063071655,111.22599792480467,854.6626695550513,0.010137833487572565,1.1275906464507615,0.42733133477749247,0.0,193464.48457882967
2017-04-28,2017-05-01,SPY,BUY,0.03708707230184253,206.435812293,206.53903019914648,111.22599792480467,851.5573511668478,0.010111104888915602,1.1246177313920092,0.4257786755833541,0.0,193464.48457882967
2017-05-31,2017-06-01,QQQ,SELL,0.07850318677241984,132.441632706,132.375411889647,110.83899688720705,1152.4030515019112,0.013717297022416633,1.5204114419685315,0.5762015257509154,0.0,197747.33778580185
2017-05-31,2017-06-01,SPY,BUY,0.04949945810140459,209.281353697,209.38599437384846,110.83899688720705,1148.2159277232233,0.013681131097298608,1.516402847106952,0.5741079638614788,0.0,197747.33778580185
2017-06-30,2017-07-03,SPY,SELL,0.0623642604677954,211.092798744,210.987252344628,112.00900268554688,1474.558900950462,0.017368644427998407,1.9454445403799823,0.7372794504752485,0.0,198606.7653966823
2017-06-30,2017-07-03,QQQ,BUY,0.1011528206319643,129.673240702,129.738077322351,112.00900268554688,1469.2012609917695,0.017322851653171264,1.9403153373413902,0.7346006304959102,0.0,198606.7653966823
2017-07-31,2017-08-01,QQQ,SELL,0.06816428815586753,134.813965486,134.746558503257,110.51000213623048,1015.5314425967227,0.012124072279212262,1.3398312534755599,0.5077657212983208,0.0,201674.91900861496
2017-07-31,2017-08-01,SPY,BUY,0.0425720224195163,215.073385941,215.18092263397048,110.51000213623048,1011.8416260470698,0.012092106922665782,1.336298761855323,0.5059208130234605,0.0,201674.91900861496
2017-08-31,2017-09-01,QQQ,SELL,0.05577908348741387,137.323016482,137.25435497375904,110.45999908447266,846.0961990280192,0.010105817205122028,1.1162885592256273,0.42304809951387845,0.0,203643.1895834532
2017-08-31,2017-09-01,SPY,BUY,0.03541935507371577,215.473182908,215.580919499454,110.45999908447266,843.0220059239745,0.010079173018027472,1.113345442343556,0.4215110029619856,0.0,203643.1895834532
2017-09-29,2017-10-02,SPY,SELL,0.04605250992039324,219.660308732,219.550478577634,112.46700286865234,1137.7059155741445,0.013346322782395118,1.501020922653592,0.5688529577870427,0.0,209090.63621650622
2017-09-29,2017-10-02,QQQ,BUY,0.0735848143811335,136.973282368,137.041769009184,112.46700286865234,1133.5721921463512,0.013311134938203932,1.49706345128,0.5667860960731327,0.0,209090.63621650622
2017-10-31,2017-11-01,QQQ,SELL,0.07368479496380739,143.666143175,143.5943101034125,112.99600219726562,1196.1768434683327,0.01396654683327991,1.57816395666151,0.5980884217340939,0.0,217937.8003999699
2017-10-31,2017-11-01,SPY,BUY,0.04679867721412242,225.381311644,225.49400229982197,112.99600219726562,1191.830672657457,0.013929723756101929,1.5740030961517968,0.5959153363286157,0.0,217937.8003999699
2017-11-30,2017-12-01,SPY,SELL,0.034459125163705265,231.2507986,231.1351732007,112.0019989013672,892.5103525201412,0.010513424939236052,1.1775246084939228,0.44625517626007327,0.0,219852.49611269185
2017-11-30,2017-12-01,QQQ,BUY,0.05474652854814477,145.027403,145.09991670149998,112.0019989013672,889.267518934364,0.010485706086282368,1.1744200415558572,0.44463375946709577,0.0,219852.49611269185
2017-12-29,2018-01-02,QQQ,SELL,0.001189825719191727,147.520864232,147.44710379988402,112.66600036621094,19.775600385750295,0.01,1.1266600036621095,0.009887800192873709,0.0,224912.04039521393
2017-12-29,2018-01-02,SPY,BUY,0.0006607154312681563,235.137049372,235.254617896686,112.66600036621094,17.50364075785427,0.01,1.1266600036621095,0.008751820378926597,0.0,224912.04039521393
2018-01-31,2018-02-01,QQQ,SELL,0.07946934726808189,158.528475207,158.44921096939652,108.73200225830078,1369.8225579017308,0.016621249089562314,1.8072616935420693,0.6849112789508325,0.0,230515.40122399293
2018-01-31,2018-02-01,SPY,BUY,0.050870496243591946,246.751681851,246.8750576919255,108.73200225830078,1364.8454653842314,0.016577426837338805,1.802496812314339,0.6824227326920623,0.0,230515.40122399293
2018-02-28,2018-03-01,QQQ,SELL,0.09895307107936303,157.742217281,157.6633461723595,107.4260025024414,1676.8207275482127,0.020593679436532897,2.212296658683459,0.838410363774093,0.0,223263.43646179792
2018-02-28,2018-03-01,SPY,BUY,0.06527169834947256,238.271156549,238.3902921272745,107.4260025024414,1670.728192534735,0.02053938379306982,2.2064638947529227,0.835364096267332,0.0,223263.43646179792
2018-03-29,2018-04-02,SPY,SELL,4.360969187596619,231.415897874,231.300189925063,106.47899627685548,107458.34750882574,1.3314747617799483,141.77409620229415,53.72917375441312,0.0,212768.5777600382
2018-03-29,2018-04-02,QQQ,BUY,0.06718737587705195,150.133068357,150.2081348911785,106.47899627685548,1074.0586288066552,0.013321559352716384,1.418466268719797,0.5370293144032525,0.0,212768.5777600382
2018-04-30,2018-05-01,QQQ,SELL,0.11674829368255467,151.575294562,151.499506914719,109.0979995727539,1930.6153293211391,0.023347247782375225,2.5471380285865517,0.9653076646606199,0.0,216234.89088760078
2018-04-30,2018-05-01,SPY,BUY,4.25308154973501,232.579367633,232.6956573168165,109.0979995727539,107917.45200993074,1.3063691610256487,142.5222621714351,53.9587260049606,0.0,216234.89088760078
2018-05-31,2018-06-01,QQQ,SELL,0.1055967685352037,161.405204753,161.3245021506235,108.71199798583984,1852.8729487615635,0.022486656868706396,2.4445693962190815,0.9264364743808361,0.0,225737.65739568137
2018-05-31,2018-06-01,SPY,BUY,0.07072665457616183,240.106664406,240.22671773820298,108.71199798583984,1846.1407482762213,0.022427370352774215,2.4381242406184747,0.9230703741379995,0.0,225737.65739568137
2018-06-29,2018-07-02,QQQ,SELL,0.011184095409138888,160.953856093,160.87337916495352,110.48600006103516,198.88842115683656,0.01,1.1048600006103515,0.0994442105784107,0.0,228382.00316801274
2018-06-29,2018-07-02,SPY,BUY,0.007452675516658355,238.616863215,238.7361716466075,110.48600006103516,196.48101643681926,0.01,1.1048600006103515,0.09824050821840391,0.0,228382.00316801274
2018-07-31,2018-08-01,SPY,SELL,0.008995134867031294,249.285607238,249.16096443438101,110.99400329589844,248.8882532288699,0.01,1.1099400329589844,0.12444412661443177,0.0,239187.33563342597
2018-07-31,2018-08-01,QQQ,BUY,0.013258580766260422,167.448270265,167.53199440013248,110.99400329589844,246.42071867699906,0.01,1.1099400329589844,0.12321035933847731,0.0,239187.33563342597
2018-08-31,2018-09-04,QQQ,SELL,0.07026428480186914,176.224762624,176.136650242688,111.1439971923828,1376.2190844574359,0.016336472798843264,1.8157008868880737,0.6881095422286171,0.0,249306.43188506822
2018-08-31,2018-09-04,SPY,BUY,0.04807686743597924,256.616495248,256.74480349562396,111.1439971923828,1371.2187508973109,0.01629340136494706,1.8109137555600423,0.6856093754485324,0.0,249306.43188506822
2018-09-28,2018-10-01,SPY,SELL,0.01436415958357375,259.796704751,259.6668063986245,113.35700225830078,423.0212770962244,0.01,1.1335700225830079,0.2115106385481212,0.0,256565.1763184084
2018-09-28,2018-10-01,QQQ,BUY,0.020922339365039618,177.228815586,177.31742999379298,113.35700225830078,420.3324601824191,0.01,1.1335700225830079,0.21016623009118218,0.0,256565.1763184084
2018-10-31,2018-11-01,SPY,SELL,0.046335157722073875,241.555527063,241.4347492994685,113.052001953125,1265.3360518561385,0.014766730688661914,1.6694084666558777,0.6326680259280304,0.0,235378.37357230077
2018-10-31,2018-11-01,QQQ,BUY,0.0691447185032921,161.282697765,161.3633391138825,113.052001953125,1260.7385990258524,0.014727797910910482,1.6650070381894821,0.6303692995128826,0.0,235378.37357230077
2018-11-30,2018-12-03,SPY,SELL,0.029570790004549482,249.275342876,249.150705204562,113.41100311279295,835.9829908065294,0.01,1.1341100311279295,0.4179914954032475,0.0,242000.15035922866
2018-11-30,2018-12-03,QQQ,BUY,0.04473644400305222,164.159476488,164.241556226244,113.41100311279295,832.8803390793307,0.01,1.1341100311279295,0.4164401695396899,0.0,242000.15035922866
2018-12-31,2019-01-02,SPY,SELL,4.280072505086582,220.047527506,219.937503742247,109.62999725341795,103251.6551974468,1.2425799706380307,136.22403876819948,51.625827598719404,0.0,205501.42540808575
2018-12-31,2019-01-02,QQQ,SELL,6.499102010279405,143.509147218,143.43739264439102,109.62999725341795,102249.77021063895,1.2305228058874054,134.9022118297044,51.124885105308515,0.0,205501.42540808575
2019-01-31,2019-02-01,IEF,BUY,10.811401861730703,87.048478323,87.0920025621615,108.9810028076172,102563.7742223919,1.2428943630079785,135.45187406454409,51.281887111194976,0.0,205127.54844478384
2019-02-28,2019-03-01,IEF,SELL,10.811401861730703,86.604383069,86.5610808774655,110.86199951171876,103801.7296084543,1.2353175528567093,136.94977394161813,51.900864804219694,0.0,206178.7700696705
2019-02-28,2019-03-01,SPY,BUY,3.7065903202585098,250.874577664,251.00001495283198,110.86199951171876,103089.38503483526,1.2280675780677588,136.14602724010552,51.54469251741321,0.0,206178.7700696705
2019-02-28,2019-03-01,QQQ,BUY,5.575093711684687,165.882239657,165.9651807768285,110.86199951171876,102526.17836443096,1.2213582951339117,135.4022227187694,51.263089182209406,0.0,206178.7700696705
2019-03-29,2019-04-01,QQQ,SELL,0.045489849718767204,172.894505154,172.808057901423,110.63700103759766,870.1539343939075,0.010376536611048636,1.148028891803258,0.43507696719689526,0.0,211546.38170388696
2019-03-29,2019-04-01,SPY,BUY,0.030633864124217612,255.807385341,255.9352890336705,110.63700103759766,866.9923302788619,0.010349178666881767,1.1450020909060816,0.4334961651393841,0.0,211546.38170388696
2019-04-30,2019-05-01,QQQ,SELL,0.043472673643291514,181.833242885,181.74232626355752,111.677001953125,882.7818216445885,0.010429088784613282,1.1646893685685715,0.4413909108222388,0.0,222809.24904447404
2019-04-30,2019-05-01,SPY,BUY,0.029742233738403668,264.810511442,264.942916697721,111.677001953125,879.5743355554255,0.010401592285600598,1.161618641994628,0.4397871677776546,0.0,222809.24904447404
2019-05-31,2019-06-03,SPY,SELL,3.7669664181211306,247.370324054,247.24663889197302,109.35700225830078,101902.75913760948,1.2294081171231872,134.44438624061368,50.95137956879956,0.0,201094.31496374804
2019-05-31,2019-06-03,QQQ,SELL,5.486131188322628,165.333902576,165.25123562471202,109.35700225830078,99191.55582613857,1.1966987441238508,130.86738726365766,49.59577791306346,0.0,201094.31496374804
2019-05-31,2019-06-03,GLD,BUY,7.40945758304637,124.09,124.152045,109.35700225830078,100547.157481874,1.2142670908842725,132.78860900001172,50.27357874093513,0.0,201094.31496374804
2019-05-31,2019-06-03,IEF,BUY,9.98012276115549,91.457616061,91.50334486903049,109.35700225830078,99816.504446162,1.2054432916010385,131.8236647618683,49.90825222306919,0.0,201094.31496374804
2019-06-28,2019-07-01,GLD,SELL,0.19956359758938247,131.56,131.49422,107.74700164794922,2828.853017857604,0.03463872667914084,3.732218940580251,1.4144265089285764,0.0,204403.31408696267
2019-06-28,2019-07-01,IEF,SELL,9.98012276115549,92.411595318,92.365389520341,107.74700164794922,99372.8040256237,1.2167996627093314,131.1065152631664,49.686402012810674,0.0,204403.31408696267
2019-06-28,2019-07-01,SPY,BUY,3.5281855411797403,267.86779037,268.00172426518503,107.74700164794922,101830.31909199781,1.2481389473040383,134.48322921203783,50.91515954600252,0.0,204403.31408696267
2019-07-31,2019-08-01,SPY,SELL,3.5281855411797403,268.698444163,268.5640949409185,108.56199645996094,102918.72302907126,1.2507580227787545,135.7847880411749,51.45936151452888,0.0,206566.56969592365
2019-07-31,2019-08-01,GLD,SELL,0.025359446914461,132.42,132.35379,108.56199645996094,364.56181889055006,0.01,1.0856199645996094,0.1822809094452307,0.0,206566.56969592365
2019-07-31,2019-08-01,IEF,BUY,10.237526725623647,92.592069767,92.6383658018835,108.56199645996094,102907.41338627622,1.2518718243436442,135.90570456271954,51.453706693134635,0.0,206566.56969592365
2019-08-30,2019-09-03,GLD,SELL,0.1963948806901097,144.96,144.88752000000002,106.12799835205078,3021.400638440551,0.037560820709129375,3.9862547183201573,1.5107003192199535,0.0,215015.4785048866
2019-08-30,2019-09-03,IEF,BUY,0.29495993001137666,96.168864735,96.21694916736749,106.12799835205078,3010.4227271605787,0.037461790861855665,3.975744878851889,1.5052113635799362,0.0,215015.4785048866
2019-09-30,2019-10-01,IEF,SELL,0.1662569796179496,94.593629932,94.54633311703401,107.94400024414062,1697.6192301601404,0.020749063866947588,2.2397369551194797,0.8488096150798753,0.0,211695.3030507645
2019-09-30,2019-10-01,GLD,BUY,0.1134910516464394,138.07,138.13903499999998,107.94400024414062,1691.4511261825462,0.020694358549358072,2.2338318443042415,0.8457255630910931,0.0,211695.3030507645
2019-10-31,2019-11-01,GLD,SELL,0.08777992681351239,142.21,142.13889500000002,108.78900146484376,1358.033056334476,0.016469563176598652,1.7917073325443276,0.6790165281671295,0.0,217020.94227806755
2019-10-31,2019-11-01,IEF,SELL,10.366229676017074,95.015889788,94.968381843106,108.78900146484376,107152.4380826993,1.299492556751831,141.37049766002852,53.576219041342526,0.0,217020.94227806755
2019-10-31,2019-11-01,QQQ,BUY,5.24450390944607,189.49659579,189.59134408789498,108.78900146484376,108116.21083804731,1.3124925597512525,142.78475500537556,54.05810541902078,0.0,217020.94227806755
2019-11-29,2019-12-02,QQQ,SELL,0.1702262077711396,196.397201513,196.2990029122435,109.51200103759766,3661.1998340301216,0.04410811000860937,4.830367389029301,1.8305999170148723,0.0,218273.61277027446
2019-11-29,2019-12-02,GLD,BUY,0.24257558758412176,137.32,137.38866,109.51200103759766,3647.89728605127,0.043991818103501557,4.81763202979647,1.8239486430254803,0.0,218273.61277027446
2019-12-31,2020-01-02,QQQ,SELL,0.0005716597601643415,205.772096497,205.66921044875153,108.68099975585938,12.784322861349212,0.01,1.0868099975585939,0.006392161430673288,0.0,226931.8243591937
2019-12-31,2020-01-02,GLD,SELL,7.256426370269465,143.86,143.78807000000003,108.68099975585938,113453.12785673549,1.3772715565991607,149.68324970650545,56.72656392835237,0.0,226931.8243591937
2019-12-31,2020-01-02,SPY,BUY,3.5272501782005032,294.910737102,295.058192470551,108.68099975585938,113052.57885558382,1.3737821618020754,149.3040187914153,56.5262894277893,0.0,226931.8243591937
2020-01-31,2020-02-03,QQQ,SELL,0.0768206243023708,211.300687797,211.19503745310152,108.8769989013672,1767.3187473015714,0.02141585770725699,2.3316943160648553,0.8836593736505752,0.0,229914.54070731078
2020-01-31,2020-02-03,SPY,BUY,0.05487347218802176,294.737549737,294.8849185118685,108.8769989013672,1760.8973981549316,0.02135939437450906,2.3255467578472917,0.8804486990773609,0.0,229914.54070731078
2020-02-28,2020-03-02,SPY,SELL,3.582123650388525,271.822126819,271.6862157555905,109.66000366210938,106775.99701577473,1.2846419770043116,140.87384390279223,53.38799850787968,0.0,216617.23327217007
2020-02-28,2020-03-02,QQQ,SELL,0.0697217629051333,200.455402425,200.3551747237875,109.66000366210938,1532.6196203102882,0.01843923310535918,2.022046369860176,0.7663098101549534,0.0,216617.23327217007
2020-02-28,2020-03-02,GLD,BUY,6.560586427524591,150.0,150.075,109.66000366210938,107915.08975018974,1.2996456107061938,142.51914242948558,53.9575448750867,0.0,216617.23327217007
2020-03-31,2020-04-01,QQQ,SELL,4.927163654707262,177.621251238,177.532440612381,108.03500366210938,94548.88324661172,1.1546454333701748,124.7421236225847,47.2744416233081,0.0,199589.03869339058
2020-03-31,2020-04-01,GLD,SELL,0.32763136017423583,148.2,148.1259,108.03500366210938,5245.636100083575,0.06406051092412335,6.920777532284264,2.622818050041334,0.0,199589.03869339058
2020-03-31,2020-04-01,IEF,BUY,8.836659139517849,104.153355005,104.20543168250249,108.03500366210938,99431.92745283082,1.2154928019492568,131.31576930985554,49.715963726413605,0.0,199589.03869339058
2020-04-30,2020-05-01,GLD,SELL,0.20898503843562077,158.0,157.92100000000002,106.61000061035156,3520.2234218777885,0.04356412665632501,4.644371569420242,1.7601117109384332,0.0,202940.08171315124
2020-04-30,2020-05-01,IEF,BUY,0.3164272433676399,103.972283415,104.0242695567075,106.61000061035156,3507.4330954578536,0.043449268974092854,4.632126591847368,1.7537165477285164,0.0,202940.08171315124
2020-05-29,2020-06-01,GLD,SELL,0.09254335172752462,162.9235,162.84203825,107.64299774169922,1622.9858738147013,0.019892331388771733,2.141270182758688,0.8114929369072347,0.0,208045.66787220276
2020-05-29,2020-06-01,IEF,SELL,9.153086382885489,103.931206118,103.87924051494102,107.64299774169922,102399.84806228666,1.2550766736047672,135.10021554249732,51.19992403113206,0.0,208045.66787220276
2020-05-29,2020-06-01,QQQ,BUY,4.308888297205226,223.458474228,223.570203465114,107.64299774169922,103644.87894810241,1.2716075239752997,136.87964583160093,51.822439474047066,0.0,208045.66787220276
2020-06-30,2020-07-01,QQQ,SELL,0.07782399530894939,238.571513633,238.4522278761835,107.58999633789062,1997.5791734253582,0.024495642684010922,2.6354861066670123,0.9987895867125209,0.0,217205.1408396294
2020-06-30,2020-07-01,GLD,BUY,0.11074007062032319,167.05,167.133525,107.58999633789062,1990.3211995368445,0.02443105943721109,2.628537595380329,0.9951605997681876,0.0,217205.1408396294
2020-07-31,2020-08-03,GLD,SELL,0.06877328721832386,185.05,184.95747500000002,104.68299865722656,1332.2478473995145,0.016790576287783264,1.7576878749880755,0.6661239236997202,0.0,231428.24493112141
2020-07-31,2020-08-03,QQQ,BUY,0.04910170923405243,258.244707506,258.37382985975296,104.68299865722656,1327.4072782655799,0.016746307601050003,1.7530536961142205,0.6637036391325934,0.0,231428.24493112141
2020-08-31,2020-09-01,QQQ,SELL,0.19249464315624196,286.755883521,286.6125055792395,105.53500366210938,5825.4236563712475,0.0728262110209816,7.685714446796843,2.9127118281854414,0.0,247408.62494692762
2020-08-31,2020-09-01,GLD,BUY,0.29412488563620764,186.99,187.083495,105.53500366210938,5804.257650362557,0.07263420327411207,7.665450908527815,2.902128825180972,0.0,247408.62494692762
2020-09-30,2020-10-01,GLD,SELL,0.024171530905693597,178.71,178.62064500000002,105.66400146484376,456.436183591446,0.01,1.0566400146484376,0.22821809179568064,0.0,235788.90425604768
2020-09-30,2020-10-01,QQQ,BUY,0.015797799359261077,271.897790949,272.0337398444745,105.66400146484376,453.8677515945571,0.01,1.0566400146484376,0.22693387579725308,0.0,235788.90425604768
2020-10-30,2020-11-02,GLD,SELL,0.09029245164649684,177.4499,177.36117505,104.5540008544922,1675.204613424823,0.021138975425261747,2.2101644546759065,0.8376023067124074,0.0,228316.42886460578
2020-10-30,2020-11-02,QQQ,BUY,0.06089074302900327,262.177306845,262.30839549842244,104.5540008544922,1669.117950375904,0.02108324209813087,2.204337312343441,0.8345589751877385,0.0,228316.42886460578
2020-11-30,2020-12-01,QQQ,SELL,0.2892823968426383,291.300109122,291.154459067439,104.08200073242188,8770.781389011403,0.11117813489699477,11.571642717778307,4.385390694504927,0.0,234977.7111052045
2020-11-30,2020-12-01,GLD,SELL,6.153054363673226,169.76,169.67512,104.08200073242188,108718.07416359086,1.3781067135300673,143.43610396699196,54.35903708179434,0.0,234977.7111052045
2020-11-30,2020-12-01,SPY,BUY,3.327507186980117,338.003507243,338.1725089966215,104.08200073242188,117061.97332578586,1.4853583194454703,154.59906569243236,58.53098666289326,0.0,234977.7111052045
2020-12-31,2021-01-04,SPY,SELL,3.327507186980117,348.488228399,348.3139842848005,103.22599792480467,119700.56624601467,1.529902817564026,157.92574507101696,59.85028312300593,0.0,241561.42601396417
2020-12-31,2021-01-04,QQQ,SELL,0.03434779988173684,304.64549035,304.49316760482503,103.22599792480467,1080.1467609674,0.013805444909845626,1.4250808276147298,0.5400733804835449,0.0,241561.42601396417
2020-12-31,2021-01-04,GLD,BUY,6.406603863601211,181.97,182.060985,103.22599792480467,120341.87019519036,1.5396382450838955,158.9306942919801,60.17093509758805,0.0,241561.42601396417
2021-01-29,2021-02-01,QQQ,SELL,0.0974326027747024,307.54950046,307.39572570977003,104.29100036621094,3125.1161517676373,0.03953448264179225,4.1230907436731155,1.5625580758833786,0.0,240129.85240832146
2021-01-29,2021-02-01,GLD,SELL,6.406603863601211,175.02,174.93249000000003,104.29100036621094,116939.81005239309,1.4793545795204621,154.28336899452435,58.469905026183476,0.0,240129.85240832146
2021-01-29,2021-02-01,SPY,BUY,3.3055533875159457,347.011858776,347.185364705388,104.29100036621094,119628.68412128821,1.5148844810851678,157.9888179716205,59.81434206064409,0.0,240129.85240832146
2021-02-26,2021-03-01,SPY,SELL,0.039167567865207635,358.033561558,357.854544777221,106.37899780273438,1491.7850062915531,0.01850150566233392,1.9681716302006975,0.7458925031456339,0.0,248815.31614561917
2021-02-26,2021-03-01,QQQ,BUY,0.04526595986025258,308.672384369,308.82672056118446,106.37899780273438,1486.3647772628356,0.01845272607643874,1.962982506739936,0.74318238863129,0.0,248815.31614561917
2021-03-31,2021-04-01,SPY,SELL,0.03701654174428198,371.139476016,370.953906277992,110.30500030517578,1515.4031754228927,0.01812548859916576,1.9993320254624394,0.7577015877113835,0.0,264411.32681491144
2021-03-31,2021-04-01,QQQ,BUY,0.04377021291878476,312.732848745,312.8892151693725,110.30500030517578,1509.897132496468,0.018077700389700458,1.9940607470027853,0.7549485662481998,0.0,264411.32681491144
2021-04-30,2021-05-03,SPY,SELL,0.004309393377322104,390.730498055,390.5351328059725,108.90399932861328,183.3737978224526,0.01,1.0890399932861328,0.09168689891121451,0.0,274466.2310677443
2021-04-30,2021-05-03,QQQ,BUY,0.005061696174669395,328.375783205,328.53997109660247,108.90399932861328,181.01352417488172,0.01,1.0890399932861328,0.09050676208742245,0.0,274466.2310677443
2021-05-28,2021-06-01,SPY,SELL,0.03055191127017141,393.655643524,393.45881570223804,109.90699768066406,1321.844019516575,0.015867612850057982,1.743961688708998,0.6609220097582386,0.0,276424.0326838762
2021-05-28,2021-06-01,QQQ,BUY,0.03692016308364261,324.571529961,324.7338157259805,109.90699768066406,1317.0412514931643,0.015825777574697306,1.739363699196962,0.6585206257465067,0.0,276424.0326838762
2021-06-30,2021-07-01,QQQ,SELL,0.07135107203489016,343.13833235,342.966763183825,110.53500366210938,2706.260314308689,0.032301781017662914,3.570477483080025,1.3531301571543783,0.0,288483.7031374421
2021-06-30,2021-07-01,SPY,BUY,0.06085931351435091,400.831512118,401.03192787405897,110.53500366210938,2696.42742910538,0.03221661673263253,3.5610638485223105,1.3482137145526054,0.0,288483.7031374421
2021-07-30,2021-08-02,QQQ,SELL,0.014355524511532708,354.971357,354.79387132150003,109.40899658203124,557.5263665666862,0.01,1.0940899658203125,0.2787631832833069,0.0,294276.83474685275
2021-07-30,2021-08-02,SPY,BUY,0.012320973540785509,411.551631138,411.757406953569,109.40899658203124,554.7820324355445,0.01,1.0940899658203125,0.2773910162177506,0.0,294276.83474685275
2021-08-31,2021-09-01,QQQ,SELL,0.02287980531605715,369.275652155,369.0910143289225,109.94400024414062,928.9119138004027,0.011147044328312384,1.2255506443534232,0.464455956900215,0.0,305774.4804529425
2021-08-31,2021-09-01,SPY,BUY,0.01990259982856677,422.972716964,423.184203322482,109.94400024414062,925.5368193336609,0.011117654925297617,1.2223194558211925,0.46276840966678073,0.0,305774.4804529425
2021-09-30,2021-10-01,SPY,SELL,0.02270203613612901,404.094105703,403.89205865014856,111.93599700927734,1026.873858875886,0.012103307185953998,1.3547957569693116,0.5134369294378649,0.0,295359.32067105
2021-09-30,2021-10-01,QQQ,BUY,0.02627211154530259,347.913687008,348.08764385150397,111.93599700927734,1023.1428309628585,0.01207139657698692,1.3512238111394086,0.5115714154813078,0.0,295359.32067105
2021-10-29,2021-11-01,QQQ,SELL,0.017433665729545335,375.040476436,374.852956197782,113.61599731445312,742.8589179460832,0.01,1.1361599731445313,0.37142945897301194,0.0,321673.12826115626
2021-10-29,2021-11-01,SPY,BUY,0.015088116498293168,431.585031452,431.800823967726,113.61599731445312,739.8452459178623,0.01,1.1361599731445313,0.3699226229588963,0.0,321673.12826115626
2021-11-30,2021-12-01,QQQ,SELL,0.050238155215454765,386.411219358,386.218013748321,113.8040008544922,2209.2300464935834,0.025611802288634487,2.9147255695408445,1.1046150232465353,0.0,327555.80153917987
2021-11-30,2021-12-01,SPY,BUY,0.04468623315051305,432.841438017,433.0578587360084,113.8040008544922,2201.2030635311476,0.02554427626494377,2.9070408378830455,1.10060153176534,0.0,327555.80153917987
2021-12-31,2022-01-03,SPY,SELL,0.051577935690139694,448.159162429,447.9350828477855,115.06300354003906,2659.6956474209724,0.030496708303354228,3.5090428554683863,1.3298478237103821,0.0,337563.35706619336
2021-12-31,2022-01-03,QQQ,BUY,0.059411709113503894,387.653185871,387.84701246393547,115.06300354003906,2650.0319495724852,0.030416303128264488,3.499791194522398,1.3250159747860077,0.0,337563.35706619336
2022-01-31,2022-02-01,SPY,SELL,0.057108356125326845,424.052847624,423.84082120018803,115.26200103759766,2791.295388297527,0.031950405375967744,3.68266765759646,1.395647694148427,0.0,314375.76033361035
2022-01-31,2022-02-01,QQQ,BUY,0.06815671449537936,354.021928398,354.198939362199,115.26200103759766,2781.1535379453867,0.031866167499771766,3.672958231422954,1.3905767689725737,0.0,314375.76033361035
2022-02-28,2022-03-01,SPY,SELL,0.027679257742473987,409.336892763,409.1322243166185,115.58499908447266,1309.5943785249544,0.014948308699647004,1.7278002473631136,0.6547971892624902,0.0,301697.1541961031
2022-02-28,2022-03-01,QQQ,SELL,3.8518974552473293,335.875426676,335.707488962662,115.58499908447266,149538.98271952657,1.7069062856244284,197.29276146118016,74.76949135976585,0.0,301697.1541961031
2022-02-28,2022-03-01,GLD,BUY,7.2626523984241915,179.0456,179.1351228,115.58499908447266,150300.4861646534,1.7173148906039704,198.49584005821117,75.15024308232456,0.0,301697.1541961031
2022-03-31,2022-04-01,SPY,SELL,0.0702476391865681,427.852536511,427.6386102427445,122.02100372314452,3667.418214549951,0.039653595688842615,4.8385715471843325,1.8337091072747802,0.0,325568.0458718019
2022-03-31,2022-04-01,GLD,SELL,7.2626523984241915,179.5501,179.46032495,122.02100372314452,159116.604721351,1.7204325064345352,209.92890127306725,79.55830236066298,0.0,325568.0458718019
2022-03-31,2022-04-01,QQQ,BUY,3.7667332894392955,352.883604748,353.06004655037395,122.02100372314452,162192.56593451847,1.7554456002762107,214.20123412708116,81.0962829672465,0.0,325568.0458718019
2022-04-29,2022-05-02,SPY,SELL,0.08560793744358391,388.928536145,388.73407187692754,130.81100463867188,4355.400772350229,0.04392791318180716,5.746254454992552,2.1777003861747284,0.0,308557.8470886531
2022-04-29,2022-05-02,QQQ,SELL,3.766733289439295,304.271045653,304.1189101301735,130.81100463867188,149923.52277197634,1.5121059660106246,197.80010053397925,74.96176138598017,0.0,308557.8470886531
2022-04-29,2022-05-02,GLD,BUY,6.768641244407476,173.6121,173.69890604999998,130.81100463867188,153718.3688421493,1.5519313650700055,203.00970099507288,76.85918442105564,0.0,308557.8470886531
2022-05-31,2022-06-01,SPY,SELL,0.028899580169205467,391.854443059,391.65851583747053,127.78399658203124,1447.0807828087127,0.01494077201416405,1.9091915599908469,0.7235403914042572,0.0,300791.12286954455
2022-05-31,2022-06-01,GLD,BUY,0.06552052398594997,172.2099,172.29600495,127.78399658203124,1441.822981427951,0.014901380373012975,1.9041579386526373,0.7209114907139099,0.0,300791.12286954455
2022-06-30,2022-07-01,SPY,SELL,3.0035424672980446,356.947888358,356.76941441382104,136.58900451660156,146438.183753712,1.414475155136956,193.2017533536224,73.21909187684004,0.0,302453.9182789158
2022-06-30,2022-07-01,GLD,SELL,0.2097690066856754,167.135,167.0514325,136.58900451660156,4788.775385745888,0.04625572124044629,6.318022917429981,2.394387692872563,0.0,302453.9182789158
2022-06-30,2022-07-01,IEF,BUY,12.272317988860017,89.88889615,89.933840598075,136.58900451660156,150677.49339848623,1.4568796305083132,198.9937384316448,75.33874669924363,0.0,302453.9182789158
2022-07-29,2022-08-01,IEF,SELL,12.272317988860017,91.94771722,91.90174336139,134.39700317382812,151655.14062200687,1.48875859210529,200.08469322823854,75.82757031099908,0.0,298536.59292959335
2022-07-29,2022-08-01,SPY,BUY,2.863682096389848,387.840526136,388.034446399068,134.39700317382812,149268.29646479664,1.4667936319549353,197.13266840919832,74.63414823239069,0.0,298536.59292959335
2022-07-29,2022-08-01,GLD,BUY,0.08279609306337198,164.98,165.06248999999997,134.39700317382812,1835.82266813042,0.018039818653971713,2.42449756489312,0.9179113340649724,0.0,298536.59292959335
2022-08-31,2022-09-01,SPY,SELL,0.007568685728510367,372.427384367,372.24117067481654,138.73399353027344,391.0614149588509,0.01,1.3873399353027345,0.19553070747938095,0.0,295141.2680404683
2022-08-31,2022-09-01,GLD,BUY,0.01767704651215188,158.17,158.24908499999998,138.73399353027344,387.89725575288963,0.01,1.3873399353027345,0.1939486278764254,0.0,295141.2680404683
2022-09-30,2022-10-03,SPY,SELL,2.8561134106613375,343.680488552,343.508648307724,144.43099975585938,141772.09038169577,1.295051547384988,187.0455897241865,70.88604519084124,0.0,292745.7719585345
2022-09-30,2022-10-03,GLD,SELL,0.20493461582001174,155.438,155.360281,144.43099975585938,4600.795597571414,0.04202708334055977,6.07001366369987,2.3003977987857622,0.0,292745.7719585345
2022-09-30,2022-10-03,IEF,BUY,11.913642108549535,84.756855541,84.7992339687705,144.43099975585938,145841.05695413557,1.3335533964496764,192.60645027704865,72.9205284770696,0.0,292745.7719585345
2022-10-31,2022-11-01,GLD,SELL,0.030642741086318245,153.82,153.74309,147.81199645996094,696.7068838413978,0.01,1.4781199645996095,0.34835344192069007,0.0,295086.65607720026
2022-10-31,2022-11-01,IEF,SELL,11.913642108549535,83.389184299,83.3474897068505,147.81199645996094,146846.62115475867,1.3107232551777317,193.74062115431934,73.42331057737427,0.0,295086.65607720026
2022-10-31,2022-11-01,SPY,BUY,2.6782769808614293,371.340162302,371.525832383151,147.81199645996094,147006.6884360938,1.313464791760671,194.14585315001162,73.50334421804222,0.0,295086.65607720026
2022-11-30,2022-12-01,GLD,SELL,0.13369450134061647,167.48,167.39626,138.7449951171875,3106.66070287081,0.029541546549219123,4.098741731725575,1.5533303514349877,0.0,295370.02732216823
2022-11-30,2022-12-01,SPY,BUY,0.057340992669125936,389.072430779,389.26696699438946,138.7449951171875,3095.373008965176,0.02946365967700079,4.087935318019949,1.5476865044822863,0.0,295370.02732216823
2022-12-30,2023-01-03,SPY,SELL,2.7356179735305557,367.528555547,367.3447912692265,130.84500122070312,131553.88310690646,1.3264878177921828,173.564300138266,65.77694155345014,0.0,274023.202838823
2022-12-30,2023-01-03,GLD,SELL,0.2434702577424906,171.32,171.23434,130.84500122070312,5457.718312504992,0.05503141894029816,7.200586078420337,2.72885915625218,0.0,274023.202838823
2023-01-31,2023-02-01,GLD,SELL,0.1404684404619754,179.75,179.66012500000002,130.47900390625,3294.4907489657926,0.0333122823949787,4.346553424740529,1.6472453744824918,0.0,280113.6429629018
2023-02-28,2023-03-01,SPY,BUY,2.7087112185159823,378.084830108,378.27387252305397,136.31700134277344,139605.32468351646,1.3525177804705788,184.37116809653284,69.80266234174404,0.0,279210.6493670329
2023-02-28,2023-03-01,GLD,BUY,0.008147786734533365,170.95,171.035475,136.31700134277344,189.87106315191318,0.01,1.3631700134277345,0.09493553157595928,0.0,279210.6493670329
2023-03-31,2023-04-03,GLD,SELL,0.09902714690778643,183.85,183.758075,133.2010040283203,2425.076255219465,0.024020090012842485,3.1995001065612483,1.2125381276097769,0.0,288028.70016926853
2023-03-31,2023-04-03,SPY,BUY,0.04622499988406231,392.428146845,392.6243609184225,133.2010040283203,2416.2650199141367,0.023956760570073034,3.1910645611998034,1.2081325099569562,0.0,288028.70016926853
2023-04-28,2023-05-01,SPY,SELL,2.7549362184000445,398.782248183,398.5828570589085,133.802001953125,146997.50972906605,1.4494528606073402,193.93969448594595,73.498754864535,0.0,293392.73826909915
2023-04-28,2023-05-01,QQQ,BUY,3.4674640623713913,315.685449386,315.84329211069297,133.802001953125,146463.41120547024,1.4456313494500646,193.42836864261628,73.23170560271424,0.0,293392.73826909915
2023-05-31,2023-06-01,QQQ,SELL,0.15653807113902732,340.815614626,340.64520681868703,139.79200744628906,7457.990118393442,0.07038760557596105,9.839624682801205,3.7289950591963605,0.0,315486.87352116837
2023-05-31,2023-06-01,GLD,BUY,0.29077608225762797,182.81,182.90140499999998,139.79200744628906,7430.892370148809,0.07020202726061675,9.813682317560724,3.7154461850736085,0.0,315486.87352116837
2023-06-30,2023-07-03,QQQ,SELL,0.13801536455951247,363.208881846,363.02727740507703,144.77999877929688,7257.5905941236115,0.06613641148766385,9.575229574451047,3.628795297061158,0.0,333697.4313494809
2023-06-30,2023-07-03,GLD,SELL,6.171552066916238,178.61,178.52069500000002,144.77999877929688,159591.12508061685,1.4543096887632367,210.55495496386104,79.79556254030483,0.0,333697.4313494809
2023-06-30,2023-07-03,SPY,BUY,2.6909239217072103,426.709240058,426.92259467802893,144.77999877929688,166242.49008037508,1.5164374140120735,219.54980694954813,83.12124504016867,0.0,333697.4313494809
2023-07-31,2023-08-01,QQQ,SELL,0.01025337760566063,375.221951572,375.03434059621407,140.75799560546875,541.5371604544343,0.01,1.4075799560546876,0.27076858022715666,0.0,334074.58342408907
2023-07-31,2023-08-01,SPY,BUY,0.00869816291148858,439.570633436,439.790418752718,140.75799560546875,538.182140891652,0.01,1.4075799560546876,0.26909107044582947,0.0,334074.58342408907
2023-08-31,2023-09-01,QQQ,SELL,0.0028896493662275203,373.347363078,373.160689396461,146.0989990234375,157.61787818133595,0.01,1.460989990234375,0.07880893909066432,0.0,344703.3196703668
2023-08-31,2023-09-01,SPY,BUY,0.0024228428843089253,436.584092652,436.80238469832597,146.0989990234375,154.5398193521006,0.01,1.460989990234375,0.07726990967604493,0.0,344703.3196703668
2023-09-29,2023-10-02,SPY,SELL,0.0011719354760117017,412.455739892,412.24951202205403,149.33700561523438,72.1852544801659,0.01,1.4933700561523438,0.03609262724007639,0.0,332720.0315013402
2023-09-29,2023-10-02,QQQ,BUY,0.00131355352161623,352.401612344,352.577813150172,149.33700561523438,69.12785781171527,0.01,1.4933700561523438,0.034563928905858674,0.0,332720.0315013402
2023-10-31,2023-11-01,SPY,SELL,2.700872992026996,405.282092172,405.079451125914,149.11099243164062,163219.19710930568,1.4441699569058528,215.34161551419137,81.6095985546531,0.0,326164.7991895393
2023-10-31,2023-11-01,QQQ,BUY,0.002653818449145019,345.698374222,345.87122340911094,149.11099243164062,136.79751453603967,0.01,1.4911099243164063,0.06839875726800221,0.0,326164.7991895393
2023-10-31,2023-11-01,GLD,BUY,5.9252466126922485,183.91,184.00195499999998,149.11099243164062,162488.05337276563,1.4391391879821018,214.5914725672766,81.24402668636908,0.0,326164.7991895393
2023-11-30,2023-12-01,QQQ,SELL,0.11416561721548071,381.111522247,380.9209664858765,147.03900146484375,6397.642275482795,0.057404261968914336,8.440665359735469,3.1988211377414872,0.0,341785.1065835696
2023-11-30,2023-12-01,GLD,BUY,0.22961120839285148,188.805,188.8994025,147.03900146484375,6374.397179017367,0.057252914495980675,8.418411378441077,3.187198589508719,0.0,341785.1065835696
2023-12-29,2024-01-02,QQQ,SELL,0.05155475104975107,399.898875366,399.69892592831707,140.95199584960938,2905.9631754627044,0.027200419779835207,3.8339534559149646,1.4529815877310632,0.0,337975.44783375534
2023-12-29,2024-01-02,GLD,SELL,6.1548578210851,191.44,191.34428,140.95199584960938,166081.76074141497,1.5545598265268243,219.1183102165784,83.04088037070751,0.0,337975.44783375534
2023-12-29,2024-01-02,SPY,BUY,2.6062762312084007,458.334607494,458.563774797747,140.95199584960938,168373.72648238935,1.577589904108112,222.36444561623227,84.18686324118597,0.0,337975.44783375534
2024-01-31,2024-02-01,QQQ,SELL,0.013404996384345027,412.659299268,412.452969618366,147.36900329589844,815.2005871630389,0.01,1.4736900329589844,0.4076002935814636,0.0,363007.26003004913
2024-01-31,2024-02-01,SPY,BUY,0.011704327149637827,470.439471429,470.67469116471443,147.36900329589844,811.4398868601098,0.01,1.4736900329589844,0.40571994342997186,0.0,363007.26003004913
2024-02-29,2024-03-01,QQQ,SELL,0.00026193238519346804,433.460268268,433.243538133866,150.656005859375,17.105073415325027,0.01,1.50656005859375,0.00855253670766125,0.0,389776.0563957375
2024-02-29,2024-03-01,SPY,BUY,0.00018910796426858118,494.076475183,494.3235134205915,150.656005859375,14.07636258013979,0.01,1.50656005859375,0.007038181290069392,0.0,389776.0563957375
2024-03-28,2024-04-01,SPY,SELL,0.024718923396907948,510.071479854,509.816444114073,151.44000244140625,1909.4188280869857,0.0166347899896725,2.5191726366482836,0.9547094140434763,0.0,400663.3783150422
2024-03-28,2024-04-01,QQQ,BUY,0.028614052546688445,439.036259639,439.2557777688194,151.44000244140625,1902.481174660836,0.01659093203659782,2.512530788127579,0.9512405873301945,0.0,400663.3783150422
2024-04-30,2024-05-01,SPY,SELL,0.00841666272230356,488.21113447,487.96702890276504,156.31399536132812,642.3111601471319,0.01,1.5631399536132813,0.32115558007350475,0.0,394549.78626509337
2024-04-30,2024-05-01,QQQ,BUY,0.009784288936194558,417.507232546,417.715986162273,156.31399536132812,638.544452433615,0.01,1.5631399536132813,0.31927222621678636,0.0,394549.78626509337
2024-05-31,2024-06-03,QQQ,SELL,0.02687843557144448,448.508242228,448.283988106886,156.9530029296875,1892.0998239650216,0.015904907425494278,2.496322981750012,0.9460499119823943,0.0,421786.49175551685
2024-05-31,2024-06-03,SPY,BUY,0.023317437329851143,515.125163264,515.382725845632,156.9530029296875,1885.2250971459193,0.01586297382224726,2.4897413767967302,0.9426125485729124,0.0,421786.49175551685
2024-06-28,2024-07-01,QQQ,SELL,0.03259680467730597,474.390915202,474.153719744399,160.68699645996094,2484.803938261058,0.020401782970174646,3.2783012279053447,1.242401969130476,0.0,451771.0841237535
2024-06-28,2024-07-01,SPY,BUY,0.028906320231928486,533.012938635,533.2794451043175,160.68699645996094,2475.775689297546,0.0203479932655435,3.2696579218276973,1.2378878446487982,0.0,451771.0841237535
2024-07-31,2024-08-01,SPY,SELL,2.637257837764875,539.792459178,539.522562948411,152.6699981689453,217336.71840966414,1.878175342278431,286.7410260666063,108.66835920482973,0.0,428250.5636662276
2024-07-31,2024-08-01,QQQ,BUY,0.04511963709295115,466.208353795,466.4414579718975,152.6699981689453,3211.436576550303,0.027780283487614736,4.241215829186923,1.6057182882750427,0.0,428250.5636662276
2024-07-31,2024-08-01,GLD,BUY,6.162848890628341,226.74,226.85336999999998,152.6699981689453,213335.613894931,1.8454432123245368,281.74381184647956,106.66780694744186,0.0,428250.5636662276
2024-08-30,2024-09-03,QQQ,SELL,3.0083904129640375,467.631407952,467.39759224802407,146.38099670410156,205931.3982566356,1.8560710549410875,271.69353097590965,102.96569912829553,0.0,413762.7168864284
2024-08-30,2024-09-03,GLD,SELL,0.028169291907468884,230.38,230.26481,146.38099670410156,949.9601865785661,0.01,1.4638099670410156,0.4749800932892177,0.0,413762.7168864284
2024-08-30,2024-09-03,SPY,BUY,2.5719558077469116,547.509780834,547.783535724417,146.38099670410156,206129.46874448535,1.8597150608448088,272.226944192092,103.06473437223028,0.0,413762.7168864284
2024-09-30,2024-10-01,SPY,SELL,2.5719558077469116,561.858435073,561.5775058554635,142.7830047607422,206332.15991659346,1.9065453365441796,272.2222718643584,103.16607995829001,0.0,421109.7021695621
2024-09-30,2024-10-01,GLD,SELL,0.12061250487105261,245.2,245.0774,142.7830047607422,4222.691168187535,0.03901840681369608,5.571165365836543,2.1113455840933746,0.0,421109.7021695621
2024-09-30,2024-10-01,QQQ,BUY,3.0400160219771837,483.316953777,483.55861225388844,142.7830047607422,209789.82428053382,1.9404342260382728,277.06102933432976,104.89491214024974,0.0,421109.7021695621
2024-10-31,2024-11-01,GLD,SELL,6.014067093849819,254.33,254.20283500000002,153.20399475097656,234334.3473876077,2.0180066347806225,309.16667788236634,117.16717369379543,0.0,458420.2162701566
2024-10-31,2024-11-01,SPY,BUY,2.6724834988572783,559.820301929,560.1002120799645,153.20399475097656,229210.1081350783,1.9758533183270208,302.7086214096725,114.60505406753792,0.0,458420.2162701566
2024-10-31,2024-11-01,QQQ,BUY,0.05796625275738877,481.136725566,481.377293928783,153.20399475097656,4272.8123868757675,0.03683280201683763,5.642932406851352,2.1364061934378347,0.0,458420.2162701566
2024-11-29,2024-12-02,SPY,SELL,0.008563977448078694,590.83324136,590.5378247393201,151.1739959716797,764.9226649235933,0.01,1.5117399597167969,0.38246133246170605,0.0,475875.24180495343
2024-11-29,2024-12-02,QQQ,BUY,0.009942064732626826,506.417462681,506.6706714123405,151.1739959716797,761.1361555939012,0.01,1.5117399597167969,0.3805680777968972,0.0,475875.24180495343
2024-12-31,2025-01-02,SPY,SELL,2.6639195214091997,579.46989911,579.1801641604451,156.9949951171875,242347.07883708968,2.036613936350393,319.7381949929259,121.17353941852001,0.0,491434.3303898976
2024-12-31,2025-01-02,QQQ,SELL,0.042049415826791364,510.499422774,510.244173062613,156.9949951171875,3370.08635785908,0.028321219616325388,4.446289735377799,1.6850431789293174,0.0,491434.3303898976
2024-12-31,2025-01-02,GLD,BUY,6.385392960127831,244.22,244.34211,156.9949951171875,244824.38017161976,2.0594909135549497,323.32976591745137,122.41219008580202,0.0,491434.3303898976
2025-01-31,2025-02-03,QQQ,SELL,3.065874923640408,509.675556313,509.42071853484356,154.0970001220703,240792.20465999987,2.061602672631289,317.68678729612424,120.39610232997951,0.0,496378.38612169493
2025-01-31,2025-02-03,GLD,SELL,0.184801374592306,259.75,259.62012500000003,154.0970001220703,7396.988400847651,0.06333116588281074,9.75914267677434,3.6984942004229704,0.0,496378.38612169493
2025-01-31,2025-02-03,SPY,BUY,2.754018083036394,582.694692997,582.9860403434984,154.0970001220703,247287.42620894263,2.119331408388189,326.5826122971022,123.6437131044582,0.0,496378.38612169493
2025-02-28,2025-03-03,GLD,SELL,0.05533479190686344,265.07,264.93746500000003,150.01199340820312,2200.3149080465373,0.01935154253222113,2.902963470782119,1.1001574540229504,0.0,488716.0381683217
2025-02-28,2025-03-03,SPY,BUY,0.024932883378435532,586.145615724,586.438688531862,150.01199340820312,2192.320317213024,0.019300521807293226,2.895309750130552,1.0961601586065781,0.0,488716.0381683217
2025-03-31,2025-04-01,SPY,SELL,2.7789509664148295,549.715718507,549.4408606477466,149.61700439453125,228559.87734358158,2.0154673581040035,301.54818857448095,114.27993867175581,0.0,493853.6270534228
2025-03-31,2025-04-01,GLD,SELL,0.42545118187281444,288.54,288.39573,149.61700439453125,18366.936183129816,0.16196176151175648,24.23223358385049,9.183468091565283,0.0,493853.6270534228
2025-03-31,2025-04-01,IEF,BUY,18.175799009479185,90.47174204,90.51697791101999,149.61700439453125,246029.6333854702,2.1716882846421397,324.92149562685506,123.01481669272796,0.0,493853.6270534228
2025-04-30,2025-05-01,GLD,SELL,0.06848680476817905,297.41,297.261295,142.2989959716797,2898.439953536523,0.026873188684057428,3.824027768298876,1.449219976768327,0.0,478340.55847079144
2025-04-30,2025-05-01,IEF,SELL,18.175799009479185,91.351696006,91.306020157997,142.2989959716797,236271.8392818592,2.190619029386315,311.7228884381281,118.13591964093064,0.0,478340.55847079144
2025-05-30,2025-06-02,GLD,SELL,0.14070227575757052,309.21,309.055395,143.7790069580078,6255.32865394486,0.057399932583384446,8.252905306295611,3.1276643269725035,0.0,489980.951667033
2025-05-30,2025-06-02,QQQ,BUY,3.307697753275864,514.1830366,514.4401281183,143.7790069580078,244533.88220590624,2.2461284418828398,322.94611687405205,122.26694110292661,0.0,489980.951667033
2025-06-30,2025-07-01,QQQ,SELL,0.09988776635778936,547.094863747,546.8213163151265,144.51699829101562,7897.5770512697645,0.07209940304627833,10.419589306822253,3.948788525634207,0.0,507247.83346889965
2025-06-30,2025-07-01,GLD,BUY,0.17646619372802907,308.555,308.7092775,144.51699829101562,7868.882114526674,0.07190931154302045,10.392117853370797,3.9344410572627724,0.0,507247.83346889965
2025-07-31,2025-08-01,QQQ,SELL,0.026015325448757898,556.151242806,555.873167184597,149.2259979248047,2159.069722405344,0.019088812185351613,2.848547047558266,1.0795348612026356,0.0,528128.4318368854
2025-07-31,2025-08-01,GLD,BUY,0.04671231040194094,308.61,308.764305,149.2259979248047,2151.224991204097,0.019038484154183424,2.8410367968836026,1.0756124956018065,0.0,528128.4318368854
2025-08-29,2025-09-02,GLD,SELL,0.09678954246428115,320.82,320.65959000000004,147.0970001220703,4567.6591387972585,0.04096817340380686,6.026295408180776,2.2838295693980055,0.0,532039.2885332152
2025-08-29,2025-09-02,QQQ,BUY,0.05538511474673865,558.619354901,558.8986645784504,147.0970001220703,4551.063075320966,0.04086016000370894,6.010406961053387,2.2755315376600107,0.0,532039.2885332152
2025-09-30,2025-10-01,GLD,SELL,0.11458297272623232,356.17,355.99191500000006,148.59500122070312,6064.313179762218,0.053843607691109574,8.000890950587488,3.0321565898803122,0.0,584549.3248511761
2025-09-30,2025-10-01,QQQ,BUY,0.06834114862606272,594.99636868,595.29386686434,148.59500122070312,6042.279196180434,0.05370164795365847,7.97979644322765,3.021139598089497,0.0,584549.3248511761
2025-10-31,2025-11-03,QQQ,SELL,0.04302400761475037,632.798271367,632.4818722313165,153.89999389648438,4190.006999531819,0.035919714450934684,5.528043834762309,2.095003499765701,0.0,635453.8164616288
2025-10-31,2025-11-03,GLD,BUY,0.07353174720874094,368.91,369.094455,153.89999389648438,4174.783091613714,0.035825011412794566,5.513469037770567,2.0873915458063723,0.0,635453.8164616288
2025-11-28,2025-12-01,GLD,SELL,0.2446898991579178,390.61,390.41469500000005,156.28399658203125,14937.362072196733,0.1261003027011014,19.707459276332038,7.468681036096917,0.0,653347.5528596728
2025-11-28,2025-12-01,QQQ,BUY,0.15575989642915425,611.39645614,611.7021543680701,156.28399658203125,14883.088887270804,0.12576783675701667,19.655500169863057,7.441544443635741,0.0,653347.5528596728
2025-12-31,2026-01-02,GLD,SELL,0.04313047096630239,401.62,401.41919,156.41299438476562,2709.3952343289857,0.022853686309887343,3.574613508459604,1.354697617164425,0.0,666898.9399924143
2025-12-31,2026-01-02,QQQ,BUY,0.027900333714383573,618.599125618,618.908425180809,156.41299438476562,2699.550958754795,0.02279343211356838,3.565188969189107,1.3497754793772836,0.0,666898.9399924143
2026-01-30,2026-02-02,GLD,SELL,0.20353117004559576,434.01,433.792995,153.16200256347656,13529.498581725464,0.11654332249551193,17.850008658813675,6.764749290861856,0.0,678645.0973830433
2026-01-30,2026-02-02,QQQ,BUY,0.14259166197563702,617.242329807,617.5509509719035,153.16200256347656,13480.340706664792,0.11623605371890888,17.80294675766392,6.74017035333145,0.0,678645.0973830433
2026-02-27,2026-03-02,GLD,SELL,0.3648737727108552,490.095,489.84995250000003,155.85899353027344,27871.143441953875,0.23592808830479883,36.77151438870742,13.93557172097684,0.0,724095.1553482552
2026-02-27,2026-03-02,QQQ,BUY,0.2982230411213123,597.449073263,597.7477977996314,155.85899353027344,27769.876851855093,0.23530605923005282,36.674565563170944,13.884938425924085,0.0,724095.1553482552
2026-03-31,2026-04-01,QQQ,SELL,0.16866200325593347,580.841307601,580.5508869471996,159.84100341796875,15658.961125545437,0.12925027577157122,20.659493771377118,7.8294805627706845,0.0,690432.560105098
2026-03-31,2026-04-01,GLD,BUY,0.22439059965164768,435.0,435.2175,159.84100341796875,15602.066093557398,0.1289095048611361,20.605024607117514,7.80103304677772,0.0,690432.560105098
2026-04-30,2026-05-01,QQQ,SELL,0.294327495374486,668.425000678,668.090788177661,160.1840057373047,31513.937533531047,0.25956148464456835,41.57759834548886,15.756968766762487,0.0,733218.3886824956
2026-04-30,2026-05-01,GLD,BUY,0.46515296008939366,421.412,421.62270599999994,160.1840057373047,31399.43527059904,0.25887714565257613,41.46797818446932,15.69971763529648,0.0,733218.3886824956
2026-05-29,2026-06-01,QQQ,SELL,0.200751280056618,736.230441897,735.8623266760516,159.27000427246094,23539.979793213828,0.19499740131386928,31.05723694037874,11.769989896604528,0.0,755908.4482766972
2026-05-29,2026-06-01,GLD,BUY,0.3592987660211253,409.86,410.06493,159.27000427246094,23454.449987462678,0.19448328680555163,30.975353920442455,11.72722499373078,0.0,755908.4482766972
2026-06-30,2026-07-01,QQQ,SELL,0.13823644258904974,729.19,728.825405,161.92300415039062,16321.941084315478,0.13299030525755492,21.534189750180783,8.160970542157928,0.0,728506.8921049675
2026-06-30,2026-07-01,GLD,SELL,5.78857128025979,371.205,371.0193975,161.92300415039062,347931.5049681682,2.834927341999884,459.03995176470306,173.9657524840457,0.0,728506.8921049675
2026-06-30,2026-07-01,SPY,BUY,3.008555386364031,745.0,745.3725,161.92300415039062,362929.9731031128,2.960092673633863,479.3070982783569,181.46498655152982,0.0,728506.8921049675
2026-07-31,2026-08-03,SPY,SELL,0.08761871896613853,749.44,749.0652800000001,160.18299865722656,10518.412240555861,0.08663442513740768,13.87736200545497,5.259206120276682,0.0,701302.5608858764
2026-07-31,2026-08-03,QQQ,BUY,0.09505504376783537,688.3,688.64415,160.18299865722656,10480.194800963807,0.08640601176070219,13.840774065840861,5.240097400482106,0.0,701302.5608858764
