signal_date,selected,usdjpy,SPY_usd_close,SPY_jpy_price,SPY_momentum,SPY_sma,SPY_above_sma,SPY_eligible,SPY_rank,SPY_weight,QQQ_usd_close,QQQ_jpy_price,QQQ_momentum,QQQ_sma,QQQ_above_sma,QQQ_eligible,QQQ_rank,QQQ_weight,GLD_usd_close,GLD_jpy_price,GLD_momentum,GLD_sma,GLD_above_sma,GLD_eligible,GLD_rank,GLD_weight,IEF_usd_close,IEF_jpy_price,IEF_momentum,IEF_sma,IEF_above_sma,IEF_eligible,IEF_rank,IEF_weight,JPY_CASH_weight
2007-01-31,,120.73999786376952,117.585674087,14197.294038074278,,,False,False,,0.0,37.141728697,4484.492243532487,,,False,False,,0.0,64.83,7827.574061508178,,,False,False,,0.0,49.801008908,6012.973709165487,,,False,False,,0.0,1.0
2007-02-28,,118.7300033569336,115.278949907,13687.07010944189,,,False,False,,0.0,36.505783542,4334.331802489151,,,False,False,,0.0,66.48,7893.170623168946,,,False,False,,0.0,50.830202808,6035.070150027455,,,False,False,,0.0,1.0
2007-03-30,,117.80999755859376,116.154196316,13684.12558440838,,,False,False,,0.0,36.70096309,4323.74037203094,,,False,False,,0.0,65.74,7744.829239501953,,,False,False,,0.0,50.759411278,5979.966118736837,,,False,False,,0.0,1.0
2007-04-30,,119.36000061035156,121.29933642,14478.28886912644,,,False,False,,0.0,38.790570304,4630.042495161325,,,False,False,,0.0,67.09,8007.862440948486,,,False,False,,0.0,51.068911544,6095.585313061831,,,False,False,,0.0,1.0
2007-05-31,,121.75,125.413812529,15269.13167540575,,,False,False,,0.0,40.037455267,4874.56017875725,,,False,False,,0.0,65.54,7979.495000000001,,,False,False,,0.0,50.353660826,6130.5582055655,,,False,False,,0.0,1.0
2007-06-29,,123.16000366210938,123.049829238,15154.817419574014,,,False,False,,0.0,40.232774271,4955.0686265531795,,,False,False,,0.0,64.27,7915.493435363769,,,False,False,,0.0,50.117023256,6172.4127677429815,,,False,False,,0.0,1.0
2007-07-31,,118.41999816894533,119.197109064,14115.321437102457,,,False,False,,0.0,40.172532863,4757.231268078356,,,False,False,,0.0,65.79,7790.851679534914,,,False,False,,0.0,51.254559445,6069.564835626999,,,False,False,,0.0,1.0
2007-08-31,,115.7699966430664,120.726745311,13976.534899382803,,,False,False,,0.0,41.325725537,4784.279106690773,,,False,False,,0.0,66.52,7701.020176696777,,,False,False,,0.0,52.420837681,6068.760202356099,,,False,False,,0.0,1.0
2007-09-28,,114.73999786376952,124.808501928,14320.527244598994,,,False,False,,0.0,43.534632605,4995.163652097691,,,False,False,,0.0,73.51,8434.537242965698,,,False,False,,0.0,52.467118652,6020.077082048622,,,False,False,,0.0,1.0
2007-10-31,,115.38999938964844,126.501735635,14597.035197712119,,14348.014647482714,True,False,,0.0,46.651593857,5383.127386685357,,4752.203713207651,True,False,,0.0,78.62,9071.96175201416,,8036.679565170288,True,False,,0.0,53.035236512,6119.735908749541,,6070.470429308136,True,False,,0.0,1.0
2007-11-30,,111.76000213623048,121.60199172,13590.238854397081,,14287.309129114994,False,False,,0.0,43.448528703,4855.807660663351,,4789.3352549207375,True,False,,0.0,77.32,8641.28336517334,,8118.050495536804,True,False,,0.0,55.192845215,6168.352499133038,,6086.00830830489,True,False,,0.0,1.0
2007-12-31,,111.6500015258789,119.59792284,13353.108267577947,,14253.912944928597,False,False,,0.0,43.4172742,4847.538730679503,,4840.655947739772,True,False,,0.0,82.46,9206.659125823973,,8249.399345802307,True,False,,0.0,55.221203871,6165.44749645802,,6099.046042947947,True,False,,0.0,1.0
2008-01-31,GLD,106.2509994506836,112.366915126,11939.097037327636,-0.15905826805380052,14079.410090220525,False,False,,0.0,38.168048802,4055.3933322949665,-0.09568506041154712,4813.821243766175,False,False,,0.0,91.4,9711.341349792481,0.24065786838704772,8446.05055683136,True,True,1,0.5,57.083724297,6065.202758923521,0.008686059890536724,6107.569706966615,False,False,,0.0,0.5
2008-02-29,GLD,103.7699966430664,109.463060218,11358.981391361636,-0.1700940156998424,13767.479342444043,False,False,,0.0,36.289015737,3765.711041208674,-0.13118994742255907,4727.3880983709105,False,False,,0.0,96.18,9980.598277130128,0.2644599684484108,8643.324140449524,True,True,1,0.5,57.794363109,5997.320865809092,-0.006254986815388053,6097.743262241342,False,False,,0.0,0.5
2008-03-31,GLD,99.8499984741211,107.884344733,10772.251656971604,-0.2127921078680065,13317.79134060063,False,False,,0.0,36.981732019,3692.625885667505,-0.14596493592583348,4609.194669061935,False,False,,0.0,90.41,9027.438362045288,0.16560844440591116,8748.118476654054,True,True,1,0.5,58.571005424,5848.314802214139,-0.02201539505553385,6069.518921906205,False,False,,0.0,0.5
2008-04-30,GLD,103.94300079345705,113.094923821,11755.425756462166,-0.18806525669414687,12977.852174289445,False,False,,0.0,39.992225452,4156.911921889349,-0.10218709088878253,4529.378998595553,False,False,,0.0,86.65,9006.661018753053,0.12472723965601307,8857.23523499298,True,True,1,0.5,57.14829718,5940.165499125459,-0.02549711077020489,6046.294195044453,False,False,,0.0,0.5
2008-05-30,GLD,105.5,114.730898417,12104.1097829935,-0.20728237595266819,12776.731008878549,False,False,,0.0,42.407521042,4473.993469931,-0.0821749438178796,4501.055218780817,False,False,,0.0,87.45,9225.975,0.15621038674753218,9000.747567039489,True,True,1,0.5,56.127556103,5921.4571688665,-0.034107993055048746,6031.483428368403,False,False,,0.0,0.5
2008-06-30,GLD,106.12000274658205,104.735093635,11114.488424209727,-0.2666036075199286,12490.526361361242,False,False,,0.0,38.260020746,4060.1535066498063,-0.18060599909912645,4428.64265877672,False,False,,0.0,91.4,9699.3682510376,0.22536495421802472,9200.582374473572,True,True,1,0.5,56.77404091,6024.861377303761,-0.023904977841132657,6027.093545863169,False,False,,0.0,0.5
2008-07-31,"GLD,IEF",107.80999755859376,103.745329005,11184.783666744557,-0.20761395930062998,12176.952003575798,False,False,,0.0,38.510352984,4151.801061185624,-0.12726524584903987,4344.3063996855135,False,False,,0.0,90.08,9711.524580078127,0.24652926015630028,9328.281108184816,True,True,1,0.5,57.185025114,6165.117417928463,0.015742904951042025,6041.597579451153,True,True,2,0.5,0.0
2008-08-29,IEF,108.79000091552734,105.266785379,11451.97367775603,-0.18062854919342386,11862.445851580189,False,False,,0.0,39.08007463,4251.521354776577,-0.11135590964355291,4231.145796494636,True,False,,0.0,81.71,8889.230974807739,0.15429264835670442,9310.008030464172,False,False,,0.0,58.06252308,6316.621939031027,0.040842236043318936,6061.286182479302,True,True,1,0.5,0.5
2008-09-30,IEF,106.06999969482422,94.878346695,10063.746204984076,-0.29725030139657527,11509.796586638888,False,False,,0.0,32.878992564,3487.4747312296076,-0.30182973489465914,4094.312503551261,False,False,,0.0,85.07,9023.374874038696,0.06981267781632972,9348.217181350708,False,False,,0.0,57.980923859,6150.036576029756,0.02158767939511308,6059.454590168974,True,True,1,0.5,0.5
2008-10-31,,98.44000244140624,79.205710065,7797.010292171915,-0.465849729992157,10954.186789098285,False,False,,0.0,27.678929254,2724.7138633392706,-0.49384183809608784,3882.0300168172384,False,False,,0.0,71.34,7022.709774169921,-0.22588851605213878,9129.822246185304,False,False,,0.0,57.478209553,5658.15508872498,-0.075424957368606,6008.72534939567,False,False,,0.0,1.0
2008-11-28,,95.5,73.692475676,7037.631427058,-0.48215542769647535,10464.04022807132,False,False,,0.0,24.422411202,2332.340269791,-0.5196802606731792,3709.7247105668416,False,False,,0.0,80.31,7669.6050000000005,-0.11244607127333195,8925.648611206056,False,False,,0.0,61.956514869,5916.8471699895,-0.04077350138126623,5993.889790502268,False,False,,0.0,1.0
2008-12-31,,90.6500015258789,73.815173771,6691.345614974167,-0.4988922817902175,9997.276650432574,False,False,,0.0,24.99566307,2265.8568954358548,-0.5325758036556753,3559.7392959895597,False,False,,0.0,86.52,7843.038132019043,-0.1481124667665905,8711.892596694946,False,False,,0.0,65.165109811,5907.217303801216,-0.041883446871480934,5984.87943430148,False,False,,0.0,1.0
2009-01-30,,89.9000015258789,67.753887893,6091.074624964928,-0.4898211643710443,9529.158947231906,False,False,,0.0,24.407418564,2194.226966146365,-0.4589360916800044,3409.8994040374455,False,False,,0.0,91.31,8208.769139328004,-0.15472344718853748,8630.025674423217,False,False,,0.0,62.621240855,5629.649648416931,-0.07181179720097175,5963.01291892176,False,False,,0.0,1.0
2009-02-27,IEF,97.62000274658205,60.473800941,5903.452613956676,-0.480283274480388,8943.961632981358,False,False,,0.0,23.083868425,2253.4472990502386,-0.40158783443804724,3219.5529417535345,False,False,,0.0,92.63,9042.540854415895,-0.0939880953693657,8633.613657989503,True,False,,0.0,62.159156087,6067.976987938162,0.011781280960283969,5975.79406780303,True,True,1,0.5,0.5
2009-03-31,IEF,98.97000122070312,65.046349936,6437.6373325682025,-0.4023870275624427,8377.314387938828,False,False,,0.0,25.540668489,2527.759991533904,-0.31545732771220913,3024.929593913825,False,False,,0.0,90.28,8935.011710205079,-0.010238414058721834,8604.51732901001,True,False,,0.0,64.227764053,6356.621886728442,0.08691513738656154,6019.3105395892235,True,True,1,0.5,0.5
2009-04-30,IEF,98.69000244140624,71.508449591,7057.169064716965,-0.39966708046813915,7971.582451989551,False,False,,0.0,28.971978698,2859.2446484379893,-0.3121709812079828,2904.838708092643,False,False,,0.0,87.27,8612.676513061522,-0.043743680912516125,8495.848155212403,True,False,,0.0,62.457114111,6163.892744097778,0.037663469983329145,6033.213676268626,True,True,1,0.5,0.5
2009-05-29,,95.43000030517578,75.688364683,7222.940664796946,-0.40326543675724813,7575.3981517947905,False,False,,0.0,29.925120423,2855.754251099312,-0.3616990569404307,2775.234027084012,True,False,,0.0,96.2,9180.36602935791,-0.004943539370320216,8442.732300140382,True,False,,0.0,61.154126623,5835.9383222956485,-0.01444219625880061,6000.295766705344,False,False,,0.0,1.0
2009-06-30,,96.33100128173828,75.213932051,7245.433384809457,-0.34810914292489104,7154.744122500133,True,False,,0.0,30.830329333,2969.9164944936365,-0.26852113112732223,2647.073541055718,True,False,,0.0,91.18,8783.460696868897,-0.09442960927591582,8432.155272346496,True,False,,0.0,60.811983286,5858.079239868713,-0.027682319474325756,5954.4414967891125,False,False,,0.0,1.0
2009-07-31,,94.63999938964844,80.825324915,7649.3087006237365,-0.3160968572537314,6913.300372064099,True,False,,0.0,33.493728402,3169.846435522331,-0.23651292805028523,2615.3107114849904,True,False,,0.0,93.35,8834.64394302368,-0.09029278871962576,8413.282179244996,True,False,,0.0,61.319778831,5803.303831139217,-0.058687217495172694,5919.768222300058,False,False,,0.0,1.0
2009-08-31,,92.87000274658205,83.810978553,7783.525808410839,-0.32033324320948053,6911.951923687991,True,False,,0.0,33.996911288,3157.293244691866,-0.2573733068176518,2658.5686496202497,True,False,,0.0,93.4,8674.058256530763,-0.024205999246366683,8578.417027481079,True,False,,0.0,61.789950915,5738.432911187219,-0.09153453118210553,5927.796004546283,False,False,,0.0,1.0
2009-09-30,,89.87000274658203,86.371278795,7762.187062532452,-0.22869805096155704,6984.407487235437,True,False,,0.0,35.958140646,3231.5581986180027,-0.07338161630819162,2748.49044250295,True,False,,0.0,98.85,8883.649771499633,-0.01548479415845494,8699.821504631043,True,False,,0.0,62.488146246,5615.809874756839,-0.08686561367051171,5897.692275023017,False,False,,0.0,1.0
2009-10-30,"GLD,QQQ",90.08999633789062,84.71076458,7631.592470792115,-0.021215544828237287,7078.432172817232,True,False,,0.0,34.837916124,3138.547736030901,0.1518815895715584,2835.7595265624545,True,True,2,0.5,102.53,9236.927324523926,0.31529389958532406,8839.210423881532,True,True,1,0.5,62.401863424,5621.783647345711,-0.0064281450064431755,5869.148909377467,False,False,,0.0,0.0
2009-11-30,"QQQ,GLD",86.25,89.929523542,7756.4214054975,0.10213521209364917,7244.96685087049,True,True,3,0.0,37.09573299,3199.5069703875,0.3718011097386773,2936.287526986568,True,True,1,0.5,115.64,9973.95,0.3004515877936347,9015.72850994873,True,True,2,0.5,63.483738242,5475.4724233725,-0.07459627297045479,5853.731186873023,False,False,,0.0,0.0
2009-12-30,"QQQ,SPY",92.41999816894533,92.03993077,8506.330233233255,0.27124359175192536,7505.254612798148,True,True,2,0.5,39.433360728,3644.4311262771203,0.6084118699720824,3075.3859097092563,True,True,1,0.5,106.93,9882.470404205324,0.26003090101785187,9099.721464927674,True,True,3,0.0,60.97233002,5635.062628804731,-0.046071552983391606,5810.43975095968,False,False,,0.0,0.0
2010-01-29,"QQQ,SPY",90.2699966430664,87.843655932,7929.6465260963205,0.30184688488231726,7654.455532150959,True,True,2,0.5,36.492991762,3294.2222438511903,0.5013133530286995,3152.032134940985,True,True,1,0.5,105.96,9565.008844299316,0.16521840021954115,9162.721178337099,True,True,3,0.0,62.121248148,5607.684861783056,-0.0039016258569575246,5735.546048465141,False,False,,0.0,0.0
2010-02-26,"QQQ,SPY",88.9209976196289,90.58391338,8054.811946039651,0.3644239181317097,7754.219820283228,True,True,2,0.5,38.206757106,3397.3829576763655,0.5076380792700419,3205.8459658648226,True,True,1,0.5,109.43,9730.624769515991,0.07609408972303089,9274.516003982546,True,True,3,0.0,62.324528027,5541.959208333362,-0.08668750403147718,5673.352694888699,False,False,,0.0,0.0
2010-03-31,"QQQ,SPY",93.5199966430664,95.704513866,8950.285815474623,0.39030600096014356,7926.954335350996,True,True,2,0.5,41.209648844,3853.9262215528256,0.5246408814367587,3305.6631629101735,True,True,1,0.5,108.95,10189.003634262086,0.14034586240382496,9375.37976447296,True,True,3,0.0,61.666010441,5767.005089433617,-0.0927563111038342,5666.459371602496,True,False,,0.0,0.0
2010-04-30,"QQQ,SPY",93.83000183105467,97.185070875,9118.875378152428,0.2921435344015171,8114.298534685292,True,True,2,0.5,42.148009771,3954.74783398824,0.3831442636952127,3404.1462968596343,True,True,1,0.5,115.36,10824.229011230467,0.2567787719433121,9579.45659590912,True,True,3,0.0,62.68975836,5882.180141707175,-0.04570368338423092,5668.869461786342,True,False,,0.0,0.0
2010-05-27,"QQQ,GLD",90.87899780273438,90.600273126,8233.662022344888,0.1399321141420944,8172.733866857407,True,True,3,0.0,39.215359727,3563.852590463471,0.24795492787643725,3443.5469123537487,True,True,1,0.5,118.69,10786.428249206543,0.17494533602610218,9774.635026527405,True,True,2,0.5,64.244567628,5838.481920302632,0.0004358507349651042,5672.387270702684,True,True,4,0.0,0.0
2010-06-30,"GLD,IEF",88.43000030517578,84.432648899,7466.379167905369,0.030494488232980066,8141.01920280686,False,False,,0.0,36.534144174,3230.7143804561556,0.08781320499955148,3450.889025930177,False,False,,0.0,121.68,10760.16243713379,0.22504816819747853,9983.245444587708,True,True,1,0.5,66.512579039,5881.7073847167985,0.0040334286855114865,5686.714718055642,True,True,2,0.5,0.0
2010-07-30,,86.44000244140625,90.19945935,7796.841486427524,0.019287074372061452,8144.484645196368,False,False,,0.0,39.238970574,3391.816712214828,0.07002556155560913,3466.9148772898598,False,False,,0.0,115.49,9982.955881958007,0.12997829299516894,10093.176055633545,False,False,,0.0,67.120298424,5801.8787596384755,-0.00024556210431292413,5705.3216065438055,True,False,,0.0,1.0
2010-08-31,"GLD,IEF",84.53199768066406,86.142242352,7281.775830706465,-0.06446307111388849,8109.502981187802,False,False,,0.0,37.188537658,3143.6213790533443,-0.004330248912262857,3467.422241592104,False,False,,0.0,122.08,10319.666276855469,0.18971604428477473,10201.4499508667,True,True,1,0.5,69.382389864,5865.032019062578,0.02206161679237373,5729.646443715492,True,True,2,0.5,0.0
2010-09-30,"GLD,QQQ",83.76599884033203,93.35689032,7820.133166282125,0.007465177440695081,8115.874157266265,False,False,,0.0,42.183257582,3533.5227056952394,0.09344238553598494,3500.8238151228784,True,True,2,0.5,127.91,10714.50891166687,0.2060931247020752,10275.505842033386,True,True,1,0.5,69.380405888,5811.7189991559735,0.03488528436116556,5763.27110129384,True,True,3,0.0,0.0
2010-10-29,"GLD,QQQ",81.67900085449219,96.92331494,7916.599523804475,0.03734568559617779,8056.901086323387,False,False,,0.0,44.903138028,3667.643449358393,0.16857978843316945,3503.1450474310054,True,True,2,0.5,132.62,10832.269093322755,0.17271346983138192,10370.48571094513,True,True,1,0.5,69.37571625,5666.5391868647575,0.007961092479995768,5766.418757099842,False,False,,0.0,0.0
2010-11-30,"QQQ,GLD",84.25399780273438,96.92331494,8166.176763988492,0.05282788763908197,8080.554110112605,True,True,4,0.0,44.820054863,3776.2688039456366,0.180265846862113,3551.34970344045,True,True,1,0.5,135.42,11409.676382446289,0.14394762179941623,10554.952464759826,True,True,2,0.5,68.749870018,5792.451397434846,0.05789070778793359,5784.895410665022,True,True,3,0.0,0.0
2010-12-31,"GLD,QQQ",81.4800033569336,102.861902723,8381.188179170616,-0.014711638348311795,8113.1917334257,True,False,,0.0,46.991845967,3828.8957671396665,0.050615482765613784,3594.5009843867797,True,True,2,0.5,138.72,11302.906065673827,0.14373285255314916,10712.18059437561,True,True,1,0.5,66.382107259,5408.814322303645,-0.04015009617543075,5771.5809220620495,False,False,,0.0,0.0
2011-01-31,"QQQ,SPY",82.08899688720703,105.258605506,8640.573339733786,0.089654288031354,8082.220485851617,True,True,2,0.5,48.341346027,3968.292603533801,0.20462200476631232,3605.9376225848778,True,True,1,0.5,129.87,10660.898025741577,0.11457273059349049,10759.370033523559,False,False,,0.0,66.36789703,5448.074092706146,-0.028462863554382878,5739.687822389303,False,False,,0.0,0.0
2011-02-28,"QQQ,GLD",81.62200164794922,108.915008728,8889.86102188322,0.10367083445742531,8059.319050224696,True,True,3,0.0,49.891430868,4072.2384525264406,0.19863980695059502,3617.6866844386977,True,True,1,0.5,137.66,11236.08474685669,0.15471359886951852,10800.555607086182,True,True,2,0.5,66.22924806,5405.763794295758,-0.024575318748793484,5692.046187648161,False,False,,0.0,0.0
2011-03-31,"GLD,QQQ",83.1500015258789,108.456935841,9018.1943806713,0.0075873068856937564,8137.7722860573385,True,True,3,0.0,49.665331436,4129.672384686682,0.07154941409925386,3674.268663861019,True,True,2,0.5,139.86,11629.359213409425,0.14136373200456243,10884.84870350647,True,True,1,0.5,66.126774322,5498.44138577575,-0.04656900756857896,5658.0421341954725,False,False,,0.0,0.0
2011-04-29,"GLD,QQQ",81.52999877929688,111.598007066,9098.585379862943,-0.002225054894170131,8300.992907253096,True,False,,0.0,51.113260732,4167.264085085843,0.05373699159050749,3767.9236343239872,True,True,2,0.5,152.37,12422.725914001465,0.14767766841522922,11051.105051193237,True,True,1,0.5,67.349649992,5491.016881633832,-0.06649970770188218,5618.973083887176,False,False,,0.0,0.0
2011-05-31,"QQQ,GLD",80.87999725341797,110.3464865,8924.823525044323,0.08394339005217,8413.791111114775,True,True,3,0.0,50.481437039,4082.938489062912,0.14565302167336136,3837.035812008796,True,True,1,0.5,149.64,12102.882789001464,0.12204730883847104,11263.097741897584,True,True,2,0.5,69.044423379,5584.312773257347,-0.04353343052437009,5597.216485249063,False,False,,0.0,0.0
2011-06-30,"QQQ,SPY",80.70999908447266,107.949783717,8712.626944968091,0.1669146113580442,8556.876222540937,True,True,2,0.5,49.443937666,3990.620163755583,0.23521292624826007,3921.73569047902,True,True,1,0.5,146.0,11783.659866333008,0.09511914296638158,11409.497100845338,True,True,3,0.0,68.695053487,5544.37770404357,-0.057352339823935505,5565.151053747162,False,False,,0.0,0.0
2011-07-29,GLD,77.7300033569336,106.518305945,8279.668278679728,0.06192594694822162,8602.829733780698,False,False,,0.0,50.279460103,3908.2226025909986,0.15225052949248608,3959.2056801685962,False,False,,0.0,148.91,11574.774799880981,0.15945366650370918,11495.523689666748,True,True,1,0.5,70.880917088,5509.573923192772,-0.05038106595387004,5534.936546150842,False,False,,0.0,0.5
2011-08-31,GLD,76.70099639892578,99.974407561,7668.136674321,0.05305860171982957,8577.98344883235,False,False,,0.0,47.693738035,3658.1572292738447,0.16367615185752604,3958.257058160141,False,False,,0.0,177.72,13631.30108001709,0.3209052225447273,11775.426888336182,True,True,1,0.5,74.190949668,5690.519763318152,-0.029754697873297986,5537.334603796182,True,False,,0.0,0.5
2011-09-30,"GLD,IEF",76.76499938964844,92.555262768,7105.004689894271,-0.09144709702275344,8471.866241422927,False,False,,0.0,45.519328856,3494.2912518480466,-0.011102646597957455,3930.059302950381,False,False,,0.0,158.06,12133.475803527832,0.1324341510711584,11847.806830444335,True,True,1,0.5,75.85688294,5823.153572589734,0.001967502805180432,5540.404821311671,True,True,2,0.5,0.0
2011-10-31,"GLD,IEF",75.73999786376953,102.657405899,7775.271703490382,-0.017852086604751682,8411.274593854905,False,False,,0.0,50.330319311,3812.018277097978,0.03936446651182557,3928.3715539462128,False,False,,0.0,167.34,12674.331242523194,0.17005321168913046,11984.949348129272,True,True,1,0.5,74.877694197,5671.2363985247675,0.0008289383528659044,5566.647028933783,True,True,2,0.5,0.0
2011-11-30,"GLD,IEF",77.95999908447266,102.240232377,7970.648422507192,-0.023943682231267416,8344.282102132245,False,False,,0.0,48.95575061,3816.590272735272,0.010677594970862625,3913.20132086636,False,False,,0.0,170.13,13263.334644241333,0.16246370183179648,12245.193009979248,True,True,1,0.5,75.313703868,5871.456284597525,0.013639283567863147,5608.985248122921,True,True,2,0.5,0.0
2011-12-30,IEF,77.65899658203125,102.657405899,7972.271133830635,-0.0487898656608432,8252.523113326988,False,False,,0.0,48.606995954,3774.770532654493,-0.014135990577149427,3883.4545288791655,False,False,,0.0,151.99,11803.390890502931,0.0442793049788357,12301.923624343872,False,False,,0.0,76.816622238,5965.501803824027,0.1029222761862687,5664.959049075747,True,True,1,0.5,0.5
2012-01-31,"GLD,IEF",76.36000061035156,107.418091973,8202.44556862108,-0.05070586798887178,8170.948232121964,True,False,,0.0,52.760504516,4028.7921570442163,0.015245739050729235,3873.3665061149186,True,True,3,0.0,169.31,12928.511703338623,0.21270381464316745,12431.838873336794,True,True,1,0.5,77.481168766,5916.462094262512,0.08597313354887048,5706.761119924424,True,True,2,0.5,0.0
2012-02-29,"GLD,IEF",80.4800033569336,112.080619571,9020.248639321277,0.014667002905567994,8163.114558067797,True,True,4,0.0,56.189358393,4522.119752092584,0.11047518577578264,3908.8520728155936,True,True,3,0.0,164.29,13222.05975151062,0.1767497352856393,12511.772257087709,True,True,1,0.5,76.6258178,6166.846073771781,0.14079088699345843,5774.344039138219,True,True,2,0.5,0.0
2012-03-30,"QQQ,GLD",82.27300262451172,115.107172574,9470.212711280825,0.050122930547863875,8217.653476691446,True,True,4,0.0,59.065438545,4859.490980430721,0.17672554327803192,3986.507321952374,True,True,1,0.5,162.14,13339.744645538329,0.14707477864788254,12635.458442741394,True,True,2,0.5,75.401808536,6203.533191575259,0.12823484990192924,5836.26608097001,True,True,3,0.0,0.0
2012-04-30,"IEF,QQQ",80.3499984741211,114.411883371,9192.99465428117,0.010376258558519869,8265.690247622757,True,True,4,0.0,58.366112278,4689.717032477681,0.12537073166580348,4056.4170088245833,True,True,2,0.5,161.88,13007.057752990722,0.04703732844420783,12757.798231407167,True,True,3,0.0,77.300964699,6211.132395612739,0.13114429066636557,5902.941550126927,True,True,1,0.5,0.0
2012-05-31,"IEF,QQQ",78.98200225830078,107.540790068,8493.786924010226,-0.048296372452020675,8287.102112155806,True,False,,0.0,54.2055636,4281.2639466676665,0.048574196779112455,4093.72114323225,True,True,2,0.5,151.62,11975.251182403565,-0.010545554214065778,12797.845869659424,False,False,,0.0,79.527318461,6281.226846283307,0.12479853857101353,5980.106842435981,True,True,1,0.5,0.0
2012-06-29,"IEF,QQQ",79.31300354003906,111.328071257,8829.763709712162,0.01344448298819012,8403.264815694924,True,True,3,0.0,56.195182064,4457.008673975171,0.11687118570078825,4173.606287702383,True,True,2,0.5,155.19,12308.585019378663,0.044546869054275184,12665.574263595581,False,False,,0.0,79.196497134,6281.312057547635,0.1329156116053587,6039.186071858929,True,True,1,0.5,0.0
2012-07-31,"IEF,QQQ",78.10099792480469,112.645030807,8797.689317297067,0.06256543392580727,8572.533278435203,True,True,3,0.0,56.763028104,4433.249140156134,0.13433895429013254,4267.502076533192,True,True,2,0.5,156.49,12222.025165252686,0.055919046077540946,12674.429199768067,False,False,,0.0,80.310130648,6272.301347080241,0.1384367347675901,6084.10084930798,True,True,1,0.5,0.0
2012-08-31,"QQQ,SPY",78.52999877929688,115.467086985,9067.630199981015,0.1825076397433849,8701.769128084265,True,True,2,0.5,59.744219812,4691.713508906404,0.2825346793083914,4355.471599714035,True,True,1,0.5,164.22,12896.196399536133,-0.053927697449115075,12696.615715469361,True,False,,0.0,80.215752286,6299.34292909996,0.10698902580153802,6146.911502365499,True,True,3,0.0,0.0
2012-09-28,"QQQ,SPY",77.61000061035156,117.732911801,9137.251356734077,0.28603030617704595,8818.429421506953,True,True,2,0.5,60.281674803,4678.460818253844,0.33888691040837493,4441.6586542658915,True,True,1,0.5,172.02,13350.472304992676,0.10030073172528198,12705.329481544493,True,True,3,0.0,79.935294014,6203.778217215171,0.0653640059257723,6180.143695627263,True,True,4,0.0,0.0
2012-10-31,"QQQ,SPY",79.68399810791016,115.483446731,9202.182750807948,0.18351912341237075,8941.420583204683,True,True,2,0.5,57.060626666,4546.818867289711,0.19275893680948553,4518.8634877294135,True,True,1,0.5,166.86,13296.07192428589,0.04905510751342179,12854.59758492279,True,True,4,0.0,79.617806141,6344.265113895402,0.11867407176779055,6218.020026634401,True,True,3,0.0,0.0
2012-11-30,"QQQ,SPY",82.1510009765625,116.285074283,9552.935250982377,0.19851419164433204,9076.469551440814,True,True,2,0.5,57.816950124,4749.72032609859,0.24449311733286017,4590.95630463485,True,True,1,0.5,166.05,13641.173712158205,0.028487486597567058,12925.863785804748,True,True,4,0.0,80.400327409,6604.9673754927035,0.12492830659735699,6286.87055475742,True,True,3,0.0,0.0
2012-12-31,"QQQ,SPY",85.95999908447266,116.489571108,10013.443425794292,0.2560339779842491,9175.789030088115,True,True,2,0.5,57.543324034,4946.424081280154,0.31039066838368345,4633.386737553607,True,True,1,0.5,162.02,13927.23905166626,0.17993542541001406,12996.381715820313,True,True,3,0.0,79.641195607,6845.957101464028,0.14759115437289916,6354.781657526644,True,True,4,0.0,0.0
2013-01-31,"SPY,QQQ",91.02100372314452,122.45269851,11145.767526987804,0.3588346833567013,9343.344511658814,True,True,1,0.5,59.10008755,5379.349288926716,0.3352263108239757,4685.372568403208,True,True,2,0.5,161.2,14672.585800170895,0.13490138206564706,13129.66583128357,True,True,4,0.0,78.60772468,7154.9540007662,0.20932981345468504,6449.923738445738,True,True,3,0.0,0.0
2013-02-28,"SPY,QQQ",92.3030014038086,124.015054249,11446.961726438845,0.26902951172975254,9568.74121887458,True,True,1,0.5,59.305878462,5474.110582932088,0.2105187131320383,4763.8119234486485,True,True,2,0.5,153.0,14122.359214782715,0.06809071205182193,13241.195977462767,True,True,4,0.0,79.501161406,7338.195812862431,0.18994308031661733,6562.630080170708,True,True,3,0.0,0.0
2013-03-28,"SPY,IEF",94.31600189208984,128.154069977,12086.979506429747,0.2763155247856106,9928.060477116533,True,True,1,0.5,61.122148391,5764.7966632941525,0.1862964015180022,4912.165195111296,True,True,3,0.0,154.47,14568.992812271119,0.09214930265879784,13500.570140449525,True,True,4,0.0,79.72980325,7519.7962741829515,0.21217958249909108,6686.487022960672,True,True,2,0.5,0.0
2013-04-30,"SPY,QQQ",97.86399841308594,130.616211744,12782.624738838113,0.39047451016250223,10323.346580029127,True,True,1,0.5,62.691579747,6135.248660874258,0.30823429609629804,5079.989193801205,True,True,2,0.5,142.77,13972.04305343628,0.07418936078942817,13666.915943855285,True,True,4,0.0,80.949826564,7922.073698398878,0.2754636664957697,6850.563187045797,True,True,3,0.0,0.0
2013-05-31,"SPY,QQQ",101.0999984741211,133.691843985,13516.245222885935,0.5913096647948901,10795.202170588014,True,True,1,0.5,64.96052908,6567.509390866099,0.5340117948060499,5293.415218872202,True,True,2,0.5,133.92,13539.311795654296,0.13060775005278913,13798.644606895445,False,False,,0.0,78.427634416,7929.033719786527,0.2623383797192822,7016.236424316425,True,True,3,0.0,0.0
2013-06-28,"SPY,QQQ",98.47599792480467,131.221522345,12922.170362135932,0.46347861471336893,11180.656186803508,True,True,1,0.5,63.386694394,6242.067985603772,0.4005061336433344,5448.450666541938,True,True,2,0.5,119.11,11729.476112823484,-0.047049186047253055,13681.972578224182,False,False,,0.0,76.423340365,7525.8647071903815,0.19813577772295043,7138.8886021254675,True,True,3,0.0,0.0
2013-07-31,"SPY,QQQ",98.01599884033205,138.002637045,13526.466312565484,0.5375021582054742,11619.577682386647,True,True,1,0.5,67.435120803,6609.720722424499,0.49094276307505536,5641.576656959003,True,True,2,0.5,127.96,12542.127211608888,0.026190589695908484,13601.138068885804,False,False,,0.0,76.153036468,7464.215934135252,0.1900282720966282,7264.932373817476,True,True,3,0.0,0.0
2013-08-30,"SPY,QQQ",98.29199981689452,133.863621317,13157.723041979401,0.4510652454714077,12015.131711503793,True,True,1,0.5,67.165225709,6601.804353090707,0.4071200938757933,5847.075205539104,True,True,2,0.5,134.62,13232.06901535034,0.026044316123030598,13594.737777992248,False,False,,0.0,75.065569769,7378.344969989631,0.17128803004281545,7368.340359426898,True,True,3,0.0,0.0
2013-09-30,"QQQ,SPY",97.8270034790039,137.430045936,13444.369581900739,0.47138007448950736,12404.27514459563,True,True,2,0.5,70.445857669,6891.507163266678,0.47302872268978735,6061.253889255912,True,True,1,0.5,128.18,12539.465305938722,-0.060747438781672325,13484.566937370299,False,False,,0.0,76.456478457,7479.508184005326,0.20563758440784818,7455.79444027816,True,True,3,0.0,0.0
2013-10-31,"QQQ,SPY",98.50700378417967,143.793987115,14164.714832879588,0.5392777144787668,12819.402285304159,True,True,2,0.5,73.974039877,7286.9610260946965,0.6026503889384847,6295.307583737367,True,True,1,0.5,127.74,12583.28466339111,-0.053608860192222774,13350.171498542786,False,False,,0.0,77.053553906,7590.314726202835,0.1964056655795008,7530.23020275204,True,True,3,0.0,0.0
2013-11-29,"QQQ,SPY",102.29199981689452,148.055700938,15144.913733240086,0.5853675687462299,13219.316905929387,True,True,2,0.5,76.626944147,7838.32335665411,0.6502705040514443,6541.204990510107,True,True,1,0.5,120.7,12346.644377899169,-0.09489867672495356,13117.57735631561,False,False,,0.0,76.376231098,7812.67741749171,0.18284875205896323,7596.002544424591,True,True,3,0.0,0.0
2013-12-31,"QQQ,SPY",104.93399810791016,151.074074067,15852.806602300856,0.5831523611013332,13659.901393515587,True,True,2,0.5,78.891685456,8278.419972369747,0.6736171093173355,6821.635929453872,True,True,1,0.5,116.12,12184.935860290529,-0.12510040108540266,12923.835020866394,False,False,,0.0,74.7735786,7846.290555334071,0.14612032167950906,7646.812018671757,True,True,3,0.0,0.0
2014-01-31,"QQQ,SPY",102.75800323486328,145.748976757,14976.87382507382,0.34372745428339213,13948.890825379995,True,True,2,0.5,77.361865238,7949.5507983814605,0.4777904113319902,7040.111342962603,True,True,1,0.5,120.09,12340.208608474732,-0.15896156433919084,12700.956600486756,False,False,,0.0,77.072621679,7919.828707810075,0.10690141501426376,7686.815262034468,True,True,3,0.0,0.0
2014-02-28,"QQQ,SPY",102.11000061035156,152.382853744,15559.813288806952,0.35929634960416834,14226.60968037688,True,True,2,0.5,81.3856873,8310.292579876881,0.5181082760344338,7257.615734862865,True,True,1,0.5,127.62,13031.278277893067,-0.07725911232646943,12606.880122932434,True,False,,0.0,77.349321313,7898.1392464807095,0.07630532734446893,7684.421816842652,True,True,3,0.0,0.0
2014-03-31,"QQQ,SPY",102.88899993896484,152.971804598,15739.115993946965,0.3021546024442616,14448.896757482982,True,True,2,0.5,79.14100096,8142.738442943057,0.41249360880147456,7415.138640070561,True,True,1,0.5,123.61,12718.109282455443,-0.12704265515573043,12524.759871612547,True,False,,0.0,76.913624086,7913.565863890019,0.052364395968938826,7682.875031253001,True,True,3,0.0,0.0
2014-04-30,"QQQ,SPY",102.56400299072266,154.10062707,15805.177175679717,0.2364578870611782,14737.197438837364,True,True,2,0.5,78.885904945,8090.854190704842,0.3187491881628013,7600.017260580668,True,True,1,0.5,124.22,12740.500451507569,-0.08814334433544613,12625.862305480956,True,False,,0.0,77.498686935,7948.575558578418,0.0033453185603280478,7725.146116391804,True,True,3,0.0,0.0
2014-05-30,"QQQ,SPY",101.72000122070312,157.609792578,16032.068293428925,0.18613328103008642,14987.757636923707,True,True,2,0.5,82.457249153,8387.551484498983,0.2771282057341471,7777.800336788116,True,True,1,0.5,120.43,12250.139747009278,-0.09521695549243514,12596.663559020995,False,False,,0.0,78.918466763,8027.586535468379,0.012429360142071078,7781.483176525117,True,True,3,0.0,0.0
2014-06-30,"QQQ,SPY",101.44300079345705,160.863366967,16318.462662871552,0.26282677023724377,15303.83159901292,True,True,2,0.5,85.056001577,8628.336035463895,0.3822880582787034,7980.453505025434,True,True,1,0.5,128.04,12988.761821594238,0.10736078036716523,12572.332839645385,True,True,3,0.0,78.74712597,7988.344762257172,0.0614520819946347,7842.483155751872,True,True,4,0.0,0.0
2014-07-31,"QQQ,SPY",102.83999633789062,158.7017552,16320.887923584814,0.20658918201152332,15591.483433181329,True,True,2,0.5,86.069993669,8851.43783372223,0.33915458843705126,8176.44657207099,True,True,1,0.5,123.39,12689.427148132325,0.011744414168204154,12587.329023864746,True,True,4,0.0,78.572959751,8080.442893050067,0.08255749356026731,7902.576626656346,True,True,3,0.0,0.0
2014-08-29,"QQQ,SPY",103.6959991455078,164.964675986,17106.17690008323,0.3000864089862949,15885.629639901692,True,True,2,0.5,90.418284081,9376.014308801658,0.42021995917103694,8385.351900341686,True,True,1,0.5,123.86,12843.786454162595,-0.029344055017949455,12613.379202941895,True,False,,0.0,80.055235703,8301.407653051712,0.12510430005868622,7973.685919341234,True,True,3,0.0,0.0
2014-09-30,"QQQ,SPY",109.38999938964844,162.688933809,17796.542370069063,0.3237171339017164,16150.792503584587,True,True,2,0.5,89.728425658,9815.392427962735,0.42427370318658886,8583.05880747255,True,True,1,0.5,116.21,12712.211829071044,0.013776227208867509,12649.935948059083,True,True,4,0.0,79.212119593,8665.013713931028,0.15850046564035658,8058.919548985165,True,True,3,0.0,0.0
2014-10-31,"QQQ,SPY",109.21299743652344,166.520406009,18186.192674589758,0.28390813999131037,16384.13111081348,True,True,2,0.5,92.118344695,10060.520543031818,0.38061950750182016,8761.268864538757,True,True,1,0.5,112.66,12303.93629119873,-0.022199956503018314,12661.835991149903,False,False,,0.0,80.433264861,8784.357949075604,0.15731142461731706,8152.7262883593185,True,True,3,0.0,0.0
2014-11-28,"QQQ,SPY",117.83999633789062,171.095051696,20161.84026528785,0.3312614796237898,16902.62775483488,True,True,2,0.5,96.339619316,11352.660387391217,0.44835315804542764,9101.579823439732,True,True,1,0.5,112.11,13211.041989440919,0.07001073207300323,12748.91932924652,True,True,4,0.0,81.472971262,9600.774635151149,0.22887124632281486,8320.820881093427,True,True,3,0.0,0.0
2014-12-31,"QQQ,SPY",119.45800018310548,170.660988975,20386.820452224514,0.2860070121126437,17385.32847117664,True,True,2,0.5,94.164450831,11248.696984611624,0.35879757515993926,9395.420263913205,True,True,1,0.5,113.58,13568.03966079712,0.11350932137558356,12802.595467536925,True,True,4,0.0,81.578409557,9745.19366379756,0.24201284607954965,8505.52632282511,True,True,3,0.0,0.0
2015-01-30,"QQQ,SPY",118.2480010986328,165.604428584,19582.39265313929,0.3075086885191656,17769.656137095873,True,True,2,0.5,92.188411668,10901.095404198877,0.3712844512445099,9671.255960038789,True,True,1,0.5,123.45,14597.71573562622,0.18293913812778895,12990.556112854005,True,True,4,0.0,85.100115209,10062.918516727608,0.2705980000304984,8720.461588108868,True,True,3,0.0,0.0
2015-02-27,"QQQ,SPY",119.3769989013672,174.912153048,20880.487902246867,0.34194977244793634,18277.187209752585,True,True,2,0.5,98.897753944,11806.117063920572,0.4206620224790547,10042.782247360361,True,True,1,0.5,116.16,13866.832192382813,0.06411910609776661,13103.189286941528,True,True,4,0.0,82.98974323,9907.066486392456,0.2543544975871239,8916.310680890274,True,True,3,0.0,0.0
2015-03-31,"QQQ,SPY",120.01300048828124,172.164890936,20662.025139967056,0.3127818073081976,18740.182894406396,True,True,2,0.5,96.547577566,11586.964473570728,0.4229812924437757,10362.723546267534,True,True,1,0.5,113.66,13640.677635498045,0.07253974097512117,13242.243075790404,True,True,4,0.0,83.70260667,10045.400975157121,0.2693899498574679,9118.092124859148,True,True,3,0.0,0.0
2015-04-30,"QQQ,SPY",118.97000122070312,173.857933268,20683.878533122883,0.3086774227972773,19176.72448143153,True,True,2,0.5,98.417618198,11708.744157154753,0.4471579738275737,10670.764358436621,True,True,1,0.5,113.47,13499.526038513184,0.05957580629541126,13293.319497482298,True,True,4,0.0,83.170878563,9894.839524167062,0.24485694968177785,9308.741601050137,True,True,3,0.0,0.0
2015-05-29,"QQQ,SPY",123.81999969482422,176.093082751,21803.845452489477,0.3600145067636864,19725.020234321997,True,True,2,0.5,100.646927721,12462.102559699215,0.4857855218808971,11031.830831034318,True,True,1,0.5,114.1,14127.861965179443,0.15328169775602674,13437.162979187011,True,True,4,0.0,82.823642126,10255.22334276555,0.277497700891143,9526.219646021686,True,True,3,0.0,0.0
2015-06-30,"QQQ,SPY",122.66999816894533,172.550116795,21166.722511293952,0.29710273256642994,20131.07479544307,True,True,2,0.5,98.128741886,12037.45258747653,0.39510706792139283,11297.974658901807,True,True,1,0.5,112.37,13784.427694244387,0.06125802317256501,13531.227103195191,True,True,4,0.0,81.468406748,9993.729306604055,0.2510388076666141,9695.451811376919,True,True,3,0.0,0.0
2015-07-31,"QQQ,SPY",124.0709991455078,176.371713437,21882.614707133776,0.34077354183113284,20539.682029149546,True,True,2,0.5,102.634555012,12733.971787193426,0.4386331380738515,11589.832594824877,True,True,1,0.5,104.93,13018.769940338134,0.02595411032832029,13561.882914321899,False,False,,0.0,82.710007926,10261.913322711689,0.2699691661131458,9855.141772254985,True,True,3,0.0,0.0
2015-08-31,IEF,121.28900146484376,165.55223698,20079.665513575383,0.17382543340105916,20729.029313048104,False,False,,0.0,95.580372167,11592.847899773575,0.23643666892560966,11743.065330499052,False,False,,0.0,108.82,13198.669139404297,0.0276306902569754,13651.356199142456,False,False,,0.0,82.775765466,10039.789938859238,0.20940813395285707,9980.684971233348,True,True,1,0.5,0.5
2015-09-30,IEF,119.86000061035156,161.400959656,19345.519122879487,0.08703807293576049,20647.397198807266,False,False,,0.0,93.454494215,11201.455733649997,0.1412132337917078,11727.94486512493,False,False,,0.0,106.86,12808.239665222169,0.007553983322675872,13611.075966720582,False,False,,0.0,84.087439327,10078.72052905712,0.1631511341814993,10028.479560623946,True,True,1,0.5,0.5
2015-10-30,"QQQ,SPY",121.0,175.166248454,21195.116062934,0.16545097933271058,20728.226759878216,True,True,2,0.5,104.163324837,12603.762305277001,0.25279425168578373,11863.451397191468,True,True,1,0.5,109.3,13225.3,0.07488365405958253,13576.802000640868,False,False,,0.0,83.550332856,10109.590275576,0.15086274195370786,10064.919221801789,True,True,3,0.0,0.0
2015-11-30,"QQQ,SPY",122.83000183105467,175.806494445,21594.312034590654,0.07104866175182711,20929.418698023353,True,True,2,0.5,104.801967286,12872.825833637511,0.13390389515524115,12060.624440135329,True,True,1,0.5,101.92,12518.833786621093,-0.052396185204246604,13368.913805740356,False,False,,0.0,83.19182021,10218.451428723072,0.06433614130576859,10080.472513001336,True,True,3,0.0,0.0
2015-12-31,QQQ,120.4499969482422,172.767733878,20809.87301835982,0.020751277381713784,20922.357209634647,False,False,,0.0,103.119255794,12420.714045692306,0.10419136213590052,12122.084138312504,True,True,1,0.5,101.46,12220.856690368653,-0.0992909074640278,13204.316255538939,False,False,,0.0,82.813348647,9974.867591804867,0.023567918291918843,10087.252623542578,False,False,,0.0,0.5
2016-01-29,IEF,118.93000030517578,164.167058294,19524.388293005228,-0.002962067054904205,20808.593524938467,False,False,,0.0,95.942736564,11410.46968883592,0.04672688989042717,12104.434659839022,False,False,,0.0,106.949,12719.444602638245,-0.12866883881044422,13112.192952252959,False,False,,0.0,85.583325168,10178.424888348198,0.011478416666952374,10100.555014861686,True,True,1,0.5,0.5
2016-02-29,,113.66000366210938,164.030620343,18643.720908883453,-0.10712235287963379,20604.57776251452,False,False,,0.0,94.429447257,10732.851321041584,-0.09090759790607894,12006.845376227706,False,False,,0.0,118.64,13484.622834472657,-0.02756284583295876,13110.702631848908,True,False,,0.0,86.859352353,9872.43430653043,-0.0034957047991546197,10098.314493098023,False,False,,0.0,1.0
2016-03-31,,112.36599731445312,175.063959138,19671.23636235804,-0.047952162041101754,20391.31685350138,False,False,,0.0,100.950259595,11343.376598545117,-0.021022578914539847,11894.972780112297,False,False,,0.0,117.64,13218.735924072265,-0.030932606333847534,13019.79002773819,True,False,,0.0,86.80203301,9753.597008090732,-0.02904851362210803,10048.15185963054,False,False,,0.0,1.0
2016-04-29,,108.07599639892578,175.754776922,18994.872637716075,-0.08165808422738785,20174.13186614359,False,False,,0.0,97.709855587,10560.09000056017,-0.09810225086288915,11747.23652142066,False,False,,0.0,123.65,13363.596954727174,-0.01006917453236611,12977.706953786468,True,False,,0.0,86.66635226,9366.552374759793,-0.053390168493080314,9985.434166446114,False,False,,0.0,1.0
2016-05-31,,110.84100341796876,178.743777664,19812.13967099607,-0.09134653728092723,19967.084362529822,False,False,,0.0,102.011771253,11307.087086126821,-0.09268223143240373,11604.548051314001,False,False,,0.0,116.06,12864.206856689456,-0.0894441856527537,12962.250645421602,False,False,,0.0,86.580206412,9596.636954840933,-0.06421960457733089,9918.906529659038,False,False,,0.0,1.0
2016-06-30,,102.77799987792967,178.432867071,18338.97319004188,-0.13359410365696744,19793.01513017647,False,False,,0.0,99.670935573,10243.97940415493,-0.14899109012379286,11469.661201752137,False,False,,0.0,126.47,12998.333644561766,-0.0570276885714196,12942.217095937347,True,False,,0.0,89.263995306,9174.374898663582,-0.08198685223533397,9832.365025639472,False,False,,0.0,1.0
2016-07-29,GLD,104.74500274658205,184.944953329,19372.05964441259,-0.11472829441642274,19795.66918232978,False,False,,0.0,106.850532309,11192.059300179959,-0.12108653237037725,11468.721558405134,False,False,,0.0,128.98,13510.01045425415,0.037733251003531976,13012.394174840545,True,True,1,0.5,89.482709339,9372.866635485158,-0.08663556778041492,9761.779636282277,False,False,,0.0,0.5
2016-08-31,,102.86799621582033,185.166423888,19047.698991807767,-0.05139361116697527,19580.927475217155,False,False,,0.0,107.980221783,11107.709045757085,-0.04184811689161949,11319.11623245314,False,False,,0.0,124.78,12835.868567810061,-0.02748766316984974,12973.451031621551,False,False,,0.0,88.575106446,9111.543714703012,-0.09245673762191253,9661.974980194977,False,False,,0.0,1.0
2016-09-30,,101.1989974975586,185.177224163,18739.749444676283,-0.0313131777108413,19295.471216225724,False,False,,0.0,110.386470308,11171.000132463618,-0.0027188967140125975,11148.93366233575,True,False,,0.0,125.64,12714.642045593262,-0.007307609950729543,12993.031857518768,False,False,,0.0,88.786423618,8985.09706153516,-0.10850816473867153,9538.639543476187,False,False,,0.0,1.0
2016-10-31,,104.56500244140624,181.96680072,19027.358961541682,-0.1022762552918165,19117.21981054391,False,False,,0.0,108.767249562,11373.247715995572,-0.09763073592448113,11044.18702936608,True,False,,0.0,121.94,12750.656397705076,-0.03588906129123148,13046.01182825241,False,False,,0.0,87.455120623,9144.744901457472,-0.09543862291328664,9455.627274441447,False,False,,0.0,1.0
2016-11-30,,112.47000122070312,188.670164868,21219.73367301422,-0.017346158607712048,19286.754348544804,True,False,,0.0,109.244592094,12286.739406167395,-0.04552896427283548,11131.814001099225,True,False,,0.0,111.75,12568.522636413574,0.0039691276870841286,13030.919631629946,False,False,,0.0,83.746198413,9418.935037739357,-0.07824242220659317,9379.678289380563,True,False,,0.0,1.0
2016-12-30,"SPY,QQQ",116.26699829101562,192.486378592,22379.81345079985,0.07544209573287297,19660.36360273645,True,True,1,0.5,110.564817783,12855.039480222515,0.03496783139298176,11344.032817017318,True,True,2,0.5,109.59,12741.700342712402,0.04261924229536462,12956.62738245392,False,False,,0.0,83.646738696,9725.355225016863,-0.02501410314388508,9364.970381229205,True,False,,0.0,0.0
2017-01-31,"QQQ,SPY",113.6500015258789,195.956851506,22270.496472663326,0.14065015192521613,19920.289613766974,True,True,2,0.5,116.206603961,13206.880717484855,0.15743532717207565,11530.383228911294,True,True,1,0.5,115.55,13132.257676315307,0.032455275098366876,12947.979557678224,True,True,3,0.0,83.830889696,9527.380741866185,-0.06396315280837783,9342.348754606752,True,False,,0.0,0.0
2017-02-28,"QQQ,SPY",112.74500274658205,203.664229318,22962.124093838425,0.23162775317545736,20317.01475937921,True,True,2,0.5,121.322699579,13678.528097257104,0.2744542608580227,11842.227038580986,True,True,1,0.5,119.23,13442.586677474977,-0.0031173402114159643,12955.878529953003,True,False,,0.0,84.439735307,9520.158189108377,-0.03568280187886674,9357.70933604161,True,False,,0.0,0.0
2017-03-31,"QQQ,SPY",111.7760009765625,203.841093687,22784.542287021683,0.15826691659407444,20614.25502098177,True,True,2,0.5,123.796721933,13837.502511678244,0.21987508670504852,12095.268581136128,True,True,1,0.5,118.73,13271.164595947266,0.003966239448018882,12996.574303878784,True,True,3,0.0,84.507843557,9445.948803954423,-0.031542025355477676,9342.640520952958,True,False,,0.0,0.0
2017-04-28,"QQQ,SPY",111.22599792480467,205.95146482,22907.157198679804,0.20596529577121392,21071.073421845565,True,True,2,0.5,127.19260092,14147.12396597843,0.33967835172124294,12485.583037318478,True,True,1,0.5,120.75,13430.539249420164,0.005009302130240423,13039.794864364623,True,True,4,0.0,85.439648926,9503.110214139317,0.014579306655830848,9375.514052500532,True,True,3,0.0,0.0
2017-05-31,"QQQ,SPY",110.83899688720705,208.805655286,23143.809376276182,0.16816304349789624,21448.248395031922,True,True,2,0.5,132.17824043,14650.503579577273,0.29569211486419356,12831.427465258208,True,True,1,0.5,120.62,13369.399804534914,0.03927120835924325,13025.733799392701,True,True,3,0.0,86.156674024,9549.519323958248,-0.0049098065399793,9393.179321347841,True,False,,0.0,0.0
2017-06-30,"QQQ,SPY",112.00900268554688,210.145453757,23538.18269422328,0.28350603113398876,21897.296765273473,True,True,2,0.5,129.097856827,14460.122192033787,0.4115727513244316,13166.66877988588,True,True,1,0.5,118.03,13220.422586975097,0.017085954899014988,13064.189201309204,True,True,4,0.0,85.715967677,9600.960053727342,0.04649746274548905,9442.120955250275,True,True,3,0.0,0.0
2017-07-31,"QQQ,SPY",110.51000213623048,214.491072967,23703.40893178554,0.2235874433012197,22393.6627139844,True,True,2,0.5,134.370636927,14849.29937384942,0.32677096998678845,13534.49870402446,True,True,1,0.5,120.75,13344.082757949831,-0.012281833301770018,13127.133272544863,True,False,,0.0,86.038517914,9508.116798474244,0.014429967719484793,9494.422928944183,True,True,3,0.0,0.0
2017-08-31,"QQQ,SPY",110.45999908447266,215.099459656,23759.88611667232,0.2473887857473609,22866.915429497465,True,True,2,0.5,137.172096121,15152.029611940856,0.3641003333381889,13912.376893618988,True,True,1,0.5,125.82,13898.077084808348,0.08275314688575941,13241.875341255189,True,True,3,0.0,87.296849277,9642.809891214769,0.0583069338354234,9544.229427919912,True,True,4,0.0,0.0
2017-09-29,"QQQ,SPY",112.46700286865234,219.433215487,24678.99607565404,0.31693308645943596,23212.841669761445,True,True,2,0.5,136.765312117,15381.584750194774,0.3769210068751978,14221.861428021726,True,True,1,0.5,121.58,13673.738208770752,0.0754324156148698,13352.396898490906,True,True,4,0.0,86.034771066,9676.07284428367,0.07690242832284477,9569.943208574343,True,True,3,0.0,0.0
2017-10-31,"QQQ,SPY",112.99600219726562,224.603953996,25379.348879246565,0.33383455531288386,23512.795212606117,True,True,2,0.5,143.098951581,16169.609447273082,0.421723139339681,14553.318424726782,True,True,1,0.5,120.67,13635.227585144043,0.06937456079501736,13441.749622734069,True,True,3,0.0,85.871536494,9703.1403263586,0.06106189193009981,9567.721718708517,True,True,4,0.0,0.0
2017-11-30,"QQQ,SPY",112.0019989013672,231.46915749,25925.00832289537,0.22174051391912575,23878.246397629322,True,True,2,0.5,145.93490955,16345.00157909022,0.330296105318695,14867.130510887317,True,True,1,0.5,121.1,13563.442066955567,0.07915961639433333,13484.868061798095,True,True,3,0.0,85.631201796,9590.865769478345,0.01825373368115435,9574.070221469734,True,True,4,0.0,0.0
2017-12-29,"QQQ,SPY",112.875,234.276706226,26443.98321525975,0.18159980526176578,24226.432309771455,True,True,2,0.5,146.819863189,16572.292057458373,0.2891669514477069,15156.506906907443,True,True,1,0.5,123.65,13956.993750000001,0.09537921741996436,13536.308769050598,True,True,3,0.0,85.789798812,9683.5235409045,-0.0043013014069407385,9590.406756649345,True,False,,0.0,0.0
2018-01-31,"QQQ,SPY",108.73200225830078,247.480339822,26909.032868410748,0.20828167892175875,24638.88136791036,True,True,2,0.5,159.741017552,17368.96068120733,0.31514481373426895,15509.652723860354,True,True,1,0.5,127.65,13879.640088272095,0.05691195149975847,13597.156318283081,True,True,3,0.0,83.939139726,9126.870730247256,-0.04203778797870095,9558.49894927863,False,False,,0.0,0.0
2018-02-28,"QQQ,SPY",107.4260025024414,238.48185283,25619.152118902442,0.11571351213875691,24910.080859932623,True,True,2,0.5,157.666433384,16937.474667260594,0.23825272330704883,15788.68779398857,True,True,1,0.5,125.0,13428.250312805176,-0.0010664885422553283,13596.927424621583,False,False,,0.0,83.15336374,8932.833461219661,-0.06169274882014564,9501.471273986663,False,False,,0.0,0.0
2018-03-29,QQQ,106.81199645996094,231.944747764,24774.4815770749,0.08733725106194945,25073.148080012495,False,False,,0.0,151.20524968,16150.53459354767,0.16715675967663457,15938.69089538561,True,True,1,0.5,125.79,13435.881034698486,0.012411603937270144,13603.575547637938,False,False,,0.0,84.117885571,8984.79929582905,-0.048819818707075635,9444.999271173743,False,False,,0.0,0.5
2018-04-30,"QQQ,SPY",109.0979995727539,233.143474182,25435.4866466982,0.11037290337205641,25262.878475259986,True,True,2,0.5,151.973804435,16580.038051319418,0.17197234513472548,16150.682481314172,True,True,1,0.5,124.59,13592.51976676941,0.01206061159132088,13640.785265617373,False,False,,0.0,83.040584232,9059.561623063972,-0.0466740447159506,9390.859428107407,False,False,,0.0,0.0
2018-05-31,"QQQ,SPY",108.71199798583984,238.810982174,25961.619013096322,0.12175219692694883,25488.699483391065,True,True,2,0.5,160.636649999,17463.13117114335,0.19198163232333276,16412.065661043565,True,True,1,0.5,123.1,13382.446952056884,0.0009758962790193948,13644.621685028076,False,False,,0.0,83.862355074,9116.844175892475,-0.045308578723984416,9351.73216584923,False,False,,0.0,0.0
2018-06-29,"QQQ,SPY",110.48600006103516,240.183973333,26536.966492329506,0.12740082091563454,25766.407520956785,True,True,2,0.5,162.48475021,17952.290121619342,0.24150334853390265,16692.091712011414,True,True,1,0.5,118.65,13109.163907241822,-0.008415667426765028,13565.730367271424,False,False,,0.0,84.028731777,9283.99846424233,-0.03301353070018864,9315.851023151987,False,False,,0.0,0.0
2018-07-31,"QQQ,SPY",110.99400329589844,249.08197146,27646.60516118012,0.16635565967504684,26063.168429509395,True,True,2,0.5,167.048906582,18541.426887738737,0.2486398462941215,17008.075925765814,True,True,1,0.5,115.99,12874.194442291258,-0.03521323452364178,13485.775990623475,False,False,,0.0,83.583510624,9277.268453683018,-0.024279081723971863,9275.970584091921,True,False,,0.0,0.0
2018-08-31,"QQQ,SPY",110.9990005493164,257.032620533,28530.3639877347,0.20077865052202126,26378.26994035821,True,True,2,0.5,176.747738875,19618.82236447656,0.29479831197106154,17352.99721748616,True,True,1,0.5,113.51,12599.496552352906,-0.09343598575049561,13382.20288734436,False,False,,0.0,84.433766376,9372.063680350477,-0.028077522415013045,9242.862919491108,True,False,,0.0,0.0
2018-09-28,"QQQ,SPY",113.35700225830078,258.560466965,29309.639437658807,0.18763499729929944,26716.733051834548,True,True,2,0.5,176.247662578,19978.90668487458,0.2988848034414393,17716.387728064594,True,True,1,0.5,112.76,12782.135574645996,-0.06520547786653219,13304.072238113402,False,False,,0.0,83.412733516,9455.417421544254,-0.022804233317628597,9229.3180846977,True,False,,0.0,0.0
2018-10-31,"QQQ,SPY",113.052001953125,240.692828752,27210.806146174284,0.07216328817739504,26793.415344926005,True,True,2,0.5,161.035028074,18205.332308343386,0.12589808478111508,17879.6917531531,True,True,1,0.5,115.15,13017.938024902345,-0.045271672686582165,13210.16666560364,False,False,,0.0,83.159271675,9401.322143822552,-0.03110520639551695,9201.097944989506,True,False,,0.0,0.0
2018-11-30,"QQQ,SPY",113.41100311279295,245.157514856,27803.559680458402,0.07246097413608199,26882.868026130767,True,True,2,0.5,160.606368993,18214.529413799497,0.11437917736887337,17964.248626412314,True,True,1,0.5,115.54,13103.5072996521,-0.03390988548725404,13132.553386741638,False,False,,0.0,84.26917653,9557.051841756329,-0.0035256387207112105,9244.116056140412,True,False,,0.0,0.0
2018-12-31,,110.33000183105467,223.57215251,24666.715995801133,-0.06720875614657884,26787.624413820635,False,False,,0.0,146.632973532,16178.016238278551,-0.023791266640294184,17888.302783514107,False,False,,0.0,121.25,13377.512722015379,-0.041519043310069725,13127.479627662658,True,False,,0.0,86.640012682,9558.99275784766,-0.012860069222820125,9306.731985803212,True,False,,0.0,1.0
2019-01-31,IEF,108.9810028076172,241.472595738,26315.92563408559,-0.02204119476257438,26941.768819521705,False,False,,0.0,159.911623613,17427.329101938976,0.0033605016329387727,18015.98223435324,False,False,,0.0,124.75,13595.380100250246,-0.02048035728693287,13143.429534217834,True,False,,0.0,87.207232466,9503.931646221672,0.0413132745185929,9358.645220842474,True,True,1,0.5,0.5
2019-02-28,"SPY,QQQ",110.86199951171876,249.300125886,27637.910434245157,0.07879879497859044,27162.011198276403,True,True,1,0.5,164.716775405,18260.831074521,0.07813186046078036,18184.0615366734,True,True,2,0.5,123.99,13745.779319458008,0.023646342543230503,13158.755489486695,True,True,4,0.0,86.747554037,9617.00729329269,0.07659090870139362,9414.389787865346,True,True,3,0.0,0.0
2019-03-29,"QQQ,SPY",110.63700103759766,253.812680755,28081.07382404638,0.13346766658605835,27373.956679371408,True,True,2,0.5,171.210117744,18942.173974490146,0.17285120593207903,18331.965817008077,True,True,1,0.5,122.01,13498.820496597291,0.0046844313176235275,13170.392843940735,True,True,4,0.0,89.058264023,9853.139249119298,0.09664544801722519,9488.019295188027,True,True,3,0.0,0.0
2019-04-30,"QQQ,SPY",111.677001953125,264.181550537,29503.003535300144,0.1599150409465413,27670.56038366847,True,True,2,0.5,180.665656158,20176.198835619576,0.21689701634997038,18554.3566884081,True,True,1,0.5,121.2,13535.252636718751,-0.004213135682955893,13213.001716888428,True,False,,0.0,88.594890951,9894.011809771722,0.09210712630767848,9549.020629740968,True,True,3,0.0,0.0
2019-05-31,"IEF,GLD",109.35700225830078,247.334383431,27047.746727419297,0.04183590067226084,27610.67454029239,False,False,,0.0,165.745429045,18125.423258377097,0.037925162489081066,18512.756325471935,False,False,,0.0,123.33,13486.999088516235,0.007812632236384953,13274.282181510926,True,True,2,0.5,91.303844095,9984.714684888459,0.09519418038216343,9619.76525286151,True,True,1,0.5,0.0
2019-06-28,"GLD,SPY",107.74700164794922,264.545175201,28503.94942833916,0.07412237327797855,27608.03308435284,True,True,2,0.5,178.380685156,19219.983977465843,0.0706146038894424,18472.872486770862,True,True,4,0.0,133.2,14351.900619506834,0.0947990826156726,13449.522588226318,True,True,1,0.5,92.418111018,9957.7743601568,0.07257389135829184,9678.336320842143,True,True,3,0.0,0.0
2019-07-31,"GLD,IEF",108.56199645996094,268.544953788,29153.77632247323,0.05451559612857637,27592.446772834275,True,True,4,0.0,182.562588438,19819.359079727463,0.06892307694149524,18456.917726256153,True,True,3,0.0,133.21,14461.543548431397,0.12329696535619772,13617.463385604857,True,True,1,0.5,92.453796044,10036.968678838679,0.08188835204548428,9736.491446571588,True,True,2,0.5,0.0
2019-08-30,"GLD,IEF",106.43800354003906,264.048588694,28104.80461815429,-0.014916016135067989,27681.84662003228,True,False,,0.0,179.08086621,19061.00987161324,-0.028432516615948367,18542.485482583135,True,False,,0.0,143.75,15300.463008880615,0.21437098262654897,13845.715884002686,True,True,1,0.5,96.117820996,10230.58897143309,0.09160472232840267,9819.41812933264,True,True,2,0.5,0.0
2019-09-30,"GLD,IEF",107.94400024414062,269.186091803,29057.023559302295,-0.00861886680297863,27807.193007916667,True,False,,0.0,180.731481,19508.879029187898,-0.023526195056635668,18671.92044412198,True,False,,0.0,138.87,14990.18331390381,0.1727448223626722,14034.383485427858,True,True,1,0.5,94.974711338,10251.950263856257,0.08424089670510959,9888.907971542632,True,True,2,0.5,0.0
2019-10-31,"GLD,QQQ",108.78900146484376,275.136358886,29931.80974988083,0.0999971698408908,28333.70238332464,True,True,4,0.0,188.679671714,20526.273082480588,0.12748686675021736,19106.74612854218,True,True,2,0.5,142.43,15494.817478637699,0.19026664967963947,14246.11396109009,True,True,1,0.5,95.153445105,10351.648278912777,0.10108430713808358,9968.173523649144,True,True,3,0.0,0.0
2019-11-29,"QQQ,GLD",109.51200103759766,285.095799827,31221.411526469157,0.12292857048851102,28824.250972562993,True,True,3,0.0,196.387590641,21506.798030048496,0.18074958410700126,19514.693021353138,True,True,1,0.5,137.86,15097.324463043215,0.1521590454979982,14396.308397369383,True,True,2,0.5,94.497710788,10348.63340186606,0.08282696099347087,10052.643699213582,True,True,4,0.0,0.0
2019-12-31,"QQQ,SPY",108.8730010986328,293.379396191,31941.095323818972,0.29490668029161693,29254.569461520376,True,True,2,0.5,204.0480236,22215.32069757665,0.37317952772314134,19910.141983658697,True,True,1,0.5,142.9,15557.951856994627,0.16299286573586258,14577.52565112305,True,True,3,0.0,93.618583745,10192.53617092183,0.06627721446425916,10110.196586976497,True,True,4,0.0,0.0
2020-01-31,"QQQ,SPY",108.8769989013672,293.260899573,31929.36664062348,0.21330965456396878,29639.398743178084,True,True,2,0.5,210.270096736,22893.57709131585,0.3136595376952338,20305.282295341272,True,True,1,0.5,149.33,16258.602245941165,0.19589170189084282,14853.503826057433,True,True,3,0.0,96.872850184,10547.225203055677,0.10977494322034298,10179.605182370135,True,True,4,0.0,0.0
2020-02-28,"QQQ,GLD",109.66000366210938,270.044677548,29613.100328846824,0.07146668700953152,29650.408422532753,False,False,,0.0,197.488841239,21656.627053494478,0.18596064796369371,20453.325117128763,True,True,1,0.5,148.38,16271.351343383789,0.18373436421685274,15127.113696723938,True,True,2,0.5,99.750431476,10938.63268095515,0.1374258485365003,10284.067269488478,True,True,3,0.0,0.0
2020-03-31,"GLD,IEF",108.03500366210938,236.323416739,25531.201192840064,-0.09080395739791147,29498.753869074833,False,False,,0.0,183.005367156,19770.985510884133,0.04375482653206375,20617.881342379464,False,False,,0.0,148.05,15994.582292175293,0.18488739784391695,15377.872017089841,True,True,1,0.5,103.474409525,11178.85821196798,0.13454787650211864,10403.48162219643,True,True,2,0.5,0.0
2020-04-30,"GLD,IEF",106.61000061035156,266.332593964,28393.718005058556,-0.03759907118996664,29487.730726746766,False,False,,0.0,210.465321504,22437.70805399928,0.11208797240772506,20939.65375003281,True,True,3,0.0,158.8,16929.66809692383,0.2507833101686354,15635.648764831543,True,True,1,0.5,103.760016275,11061.855398407837,0.11803539464979274,10513.889726021534,True,True,2,0.5,0.0
2020-05-29,"QQQ,GLD",107.64299774169922,279.02208412,30034.77357081337,0.11043533028819796,29575.83045158079,True,True,4,0.0,224.383116675,24153.271321522458,0.3325631615449005,21373.04497421231,True,True,1,0.5,162.91,17536.120762100218,0.30022406370826293,15943.106486198425,True,True,2,0.5,104.100681101,11205.709380664293,0.12228638817529469,10630.763796204094,True,True,3,0.0,0.0
2020-06-30,"QQQ,GLD",107.58999633789062,283.97061918,30552.397877644737,0.07186542533186535,29820.58977752983,True,True,4,0.0,238.513622921,25661.679816607415,0.33515615032218715,22033.111968711724,True,True,1,0.5,167.37,18007.337687072755,0.2547005560084161,16213.79395401764,True,True,2,0.5,104.145416947,11205.005027935822,0.12525195115581855,10728.205401854368,True,True,3,0.0,0.0
2020-07-31,"QQQ,GLD",104.68299865722656,300.694274791,31477.57836418197,0.07970844037509583,30062.645258017794,True,True,4,0.0,256.064157327,26805.56383762619,0.3524939797394697,22762.780449555554,True,True,1,0.5,185.43,19411.368441009523,0.3422750051542749,16655.91246672821,True,True,2,0.5,105.037382338,10995.628154247446,0.09551284915633396,10802.573190893487,True,True,3,0.0,0.0
2020-08-31,"QQQ,GLD",105.53500366210938,321.681725859,33948.68211656323,0.2079316180207169,30464.332494686038,True,True,3,0.0,284.131504544,29985.819372571685,0.5731495641911555,23708.735078564663,True,True,1,0.5,184.83,19506.034726867678,0.27486565050652945,17057.03419155121,True,True,2,0.5,104.015875006,10977.315749675721,0.07298961773635115,10865.139937969781,True,True,4,0.0,0.0
2020-09-30,"QQQ,GLD",105.66400146484376,309.636990291,32717.48339567804,0.125975044515662,30613.939681606927,True,True,3,0.0,268.081099875,28326.52172988893,0.4519810024711648,24390.707448548706,True,True,1,0.5,177.12,18715.20793945313,0.24849760323439507,17418.822539192202,True,True,2,0.5,104.357732375,11026.855586539774,0.07558613753867727,10932.962156437154,True,True,4,0.0,0.0
2020-10-30,"QQQ,GLD",104.5540008544922,301.916637731,31566.592399312383,0.05461689964931238,30576.489389156264,True,True,3,0.0,259.906617218,27174.27667869895,0.3238777721364581,24886.603046660934,True,True,1,0.5,176.2,18422.414950561524,0.18894042966043512,17705.268848548887,True,True,2,0.5,102.91313269,10759.979763208728,0.03944603538431246,10989.706515665843,False,False,,0.0,0.0
2020-11-30,"QQQ,SPY",104.08200073242188,334.758185389,34842.301696842114,0.11597458261306381,30867.78289477813,True,True,2,0.5,289.126044586,30092.817184362288,0.399223498649949,25606.527055965584,True,True,1,0.5,166.67,17347.347062072753,0.14903452625247438,17814.14333016205,False,False,,0.0,103.262257898,10747.742402171172,0.03856634830963723,11009.758235577392,False,False,,0.0,0.0
2020-12-31,"QQQ,GLD",103.12100219726562,347.160424273,35799.5308742597,0.12079847329353877,31486.42594931942,True,True,3,0.0,303.319325733,31278.592855385825,0.4079739510039049,26568.723636154715,True,True,1,0.5,178.36,18392.661951904298,0.18220329520014733,18026.2743910141,True,True,2,0.5,103.01472762,10622.98195325274,0.042231469686506706,10978.19316280715,False,False,,0.0,0.0
2021-01-29,"QQQ,SPY",104.29100036621094,343.622708384,35836.75600591414,0.12237603737242053,32516.981430626824,True,True,2,0.5,304.113088497,31716.258223810164,0.3853780078710809,27763.250907447316,True,True,1,0.5,172.61,18001.66957321167,0.10720892859690001,18226.98311911774,False,False,,0.0,101.886644461,10625.860074794155,0.007455503246076134,10922.893349089769,False,False,,0.0,0.0
2021-02-26,"QQQ,SPY",106.37899780273438,353.177326887,37570.650080887775,0.26871721176351504,33434.67463820975,True,True,2,0.5,303.706527081,32307.995977025785,0.49182954008586566,28750.279699749964,True,True,1,0.5,161.81,17213.18563446045,0.0578829791822808,18255.3348728714,False,False,,0.0,99.471786172,10581.70892262525,-0.0326296502259672,10874.87870151151,False,False,,0.0,0.0
2021-03-31,"QQQ,SPY",110.30500030517578,369.211115786,40725.83223944902,0.5951396854320397,34503.780505073315,True,True,2,0.5,308.918915468,34075.301064972315,0.7235003812133445,29742.482674094957,True,True,1,0.5,159.96,17644.387848815917,0.10314777382137241,18266.16158154297,False,False,,0.0,97.091958436,10709.728504913093,-0.041965798130674914,10825.280613936391,False,False,,0.0,0.0
2021-04-30,"QQQ,SPY",108.90399932861328,388.746243327,42336.020622284545,0.4910347639129917,35682.14277953729,True,True,2,0.5,327.175459026,35630.71597010625,0.5879837586065506,30739.38628944484,True,True,1,0.5,165.66,18041.036528778077,0.06564620319143688,18269.531465713502,False,False,,0.0,98.066613981,10679.846463146203,-0.03453389341146307,10772.764757457428,False,False,,0.0,0.0
2021-05-28,"QQQ,SPY",109.80899810791016,391.298758799,42968.12466458698,0.4306125719003837,36831.1974095778,True,True,2,0.5,323.245365344,35495.24971145002,0.46958352924313695,31608.354876827223,True,True,1,0.5,178.38,19587.72908248901,0.11699328193626579,18287.16752986145,True,True,3,0.0,98.484863003,10814.524135154217,-0.034909458403862836,10754.654355548106,True,False,,0.0,0.0
2021-06-30,"QQQ,SPY",110.53500366210938,400.074467968,44222.23278195934,0.44742265268536774,37858.5524761174,True,True,2,0.5,343.487217597,37967.360854972154,0.4795352886602886,32406.509025067273,True,True,1,0.5,165.63,18307.912656555174,0.01669180501336398,18167.355322830197,True,True,3,0.0,99.49443233,10997.617441956043,-0.01850847772604558,10756.684524776138,True,False,,0.0,0.0
2021-07-30,"QQQ,SPY",109.40899658203124,409.841272132,44840.32234186532,0.4245162643416269,39070.83637073613,True,True,2,0.5,353.314152074,38655.74685664753,0.442079229924184,33439.43153774313,True,True,1,0.5,169.82,18579.835799560544,-0.04283740448160456,18153.81810884094,True,False,,0.0,101.479910389,11102.815168894937,0.009748148368047937,10764.280483011655,True,True,3,0.0,0.0
2021-08-31,"SPY,QQQ",109.94400024414062,422.038094556,46400.556370901504,0.3667852027829712,40554.232767895046,True,True,1,0.5,368.219305155,40483.50337585861,0.35008828249293233,34770.354207459095,True,True,2,0.5,169.69,18656.39740142822,-0.043557664965558796,18177.216353927615,True,False,,0.0,101.078627199,11112.988613444255,0.012359384285046238,10799.581368035206,True,True,3,0.0,0.0
2021-09-30,"SPY,QQQ",111.93599700927734,402.368890717,45039.56294792435,0.376620640506661,41573.95889300327,True,True,1,0.5,347.292759067,38874.561240267394,0.37237326950907024,35648.52861304961,True,True,2,0.5,164.22,18382.129428863525,-0.017797211319648065,18280.69459060669,True,False,,0.0,99.460246977,11133.181908159459,0.009642487904663932,10838.125318634036,True,True,3,0.0,0.0
2021-10-29,"QQQ,SPY",113.61599731445312,430.60053377,48923.10908841441,0.5498381475436069,42886.31671441875,True,True,2,0.5,374.603886477,42560.994159954535,0.5662236262324047,36776.76874350647,True,True,1,0.5,166.65,18934.105952453614,0.027775457412356985,18334.83899066162,True,True,4,0.0,99.018630835,11250.100495030185,0.045550339555220365,10900.83717281178,True,True,3,0.0,0.0
2021-11-30,"QQQ,SPY",113.8040008544922,427.14072763,48610.32373219294,0.39515248318393015,44163.67348704662,True,True,2,0.5,382.084127768,43482.702402997376,0.44495286488475183,37953.4131614252,True,True,1,0.5,165.5,18834.56214141846,0.08573155733981186,18418.1282474823,True,True,3,0.0,100.103436095,11392.171526892986,0.05995948736095791,10977.468318021663,True,True,4,0.0,0.0
2021-12-31,"SPY,QQQ",115.06300354003906,446.898332536,51421.46441862732,0.43637257703843235,45548.754920820575,True,True,1,0.5,386.487457709,44470.407714551366,0.4217521843184213,39169.65433517776,True,True,2,0.5,170.96,19671.17108520508,0.06951191386238742,18663.926792556762,True,True,4,0.0,99.577005665,11457.629355338386,0.07856997270244626,11065.060361292977,True,True,3,0.0,0.0
2022-01-31,"SPY,QQQ",115.26200103759766,423.328340895,48793.671667483984,0.36155380970954965,46355.53886362407,True,True,1,0.5,352.681341011,40650.75709355121,0.28170091209037085,39827.19993803564,True,True,2,0.5,168.09,19374.38975440979,0.0762551593126044,18836.92698311615,True,True,3,0.0,97.467024337,11234.244260262849,0.05725505334969139,11117.511936827952,True,True,4,0.0,0.0
2022-02-28,"SPY,GLD",115.58499908447266,410.832952112,47486.12639373672,0.2639154843342184,46870.54944076929,True,True,1,0.5,336.895438818,38940.058987341545,0.20527621134507434,40158.13423975917,False,False,,0.0,178.38,20618.05213668823,0.1978057156027706,19094.628543907165,True,True,2,0.5,97.169882812,11231.380815863335,0.061395744107928474,11172.665372099666,True,True,3,0.0,0.0
2022-03-31,"SPY,QQQ",122.02100372314452,426.276322141,52014.66469105531,0.2771909579461309,47775.20344341612,True,True,1,0.5,352.620991884,43027.16736353647,0.2627083552833587,40911.326004967814,True,True,2,0.5,180.65,22043.094322586057,0.24929776603529663,19340.16506791687,True,True,3,0.0,93.212592539,11373.894101245272,0.062015166493482266,11228.602368708769,True,True,4,0.0,0.0
2022-04-29,"GLD,SPY",130.81100463867188,388.86246728,50867.490011169466,0.20151798075216787,48439.72916633713,True,True,2,0.5,304.679554553,39855.438623940965,0.11856968177061633,41100.1337818647,False,False,,0.0,176.91,23141.77483062744,0.28272978072589927,19823.551285324094,True,True,1,0.5,89.259926457,11676.180653814139,0.09329105938985793,11296.45868989458,True,True,3,0.0,0.0
2022-05-31,"SPY,GLD",127.78399658203124,389.740239354,49802.56541349157,0.15905839042906433,48935.95347349976,True,True,1,0.5,299.84553257,38315.46050906221,0.07945318938557722,41066.105147106166,False,False,,0.0,171.14,21868.953175048824,0.11646189729054268,20152.463022872926,True,True,2,0.5,89.813722464,11476.756404359277,0.06123545159535748,11333.852813441013,True,True,3,0.0,0.0
2022-06-30,"GLD,IEF",136.58900451660156,357.60195157,48844.494578140264,0.10452348299488379,49180.34729422363,False,False,,0.0,273.136022399,37307.3773971036,-0.017382916352536637,40748.492549230665,False,False,,0.0,168.46,23009.7837008667,0.256821797903215,20587.801652816772,True,True,1,0.5,89.036052237,12161.345741139967,0.10581640117288371,11438.688526210584,True,True,2,0.5,0.0
2022-07-29,"GLD,SPY",134.39700317382812,390.532612399,52486.412748071794,0.17051818557217802,49925.03227423837,True,True,2,0.5,307.419329335,41316.23658033211,0.06882520556518656,40992.66008323714,True,True,4,0.0,164.1,22054.548220825196,0.18701523838799683,20955.04353201294,True,True,1,0.5,91.681393207,12321.704493822162,0.10978200630971524,11557.540784776855,True,True,3,0.0,0.0
2022-08-31,"GLD,SPY",138.73399353027344,374.598115895,51969.49258702955,0.12001873795678031,50229.67062409989,True,True,2,0.5,291.641991663,40460.6581845307,-0.0005643086547082454,40782.62648569476,False,False,,0.0,159.27,22096.16314956665,0.1843745967737105,21271.249251724243,True,True,1,0.5,88.13745786,12227.661508523988,0.10030361173332136,11655.296886126236,True,True,3,0.0,0.0
2022-09-30,"GLD,IEF",144.43099975585938,339.968419467,49101.97870903817,0.09019660705435495,50278.836121784414,False,False,,0.0,260.915535171,37684.29159658262,-0.030618214217987383,40202.78540505328,False,False,,0.0,154.67,22339.142732238768,0.21526414111533576,21621.707310806276,True,True,1,0.5,83.951028194,12125.130932591757,0.08909842959678071,11728.592826696113,True,True,2,0.5,0.0
2022-10-31,"GLD,SPY",147.81199645996094,367.599538839,54335.62173355354,0.1106330473674022,50570.251853277034,True,True,2,0.5,271.351766074,40109.04628633424,-0.05761021146276046,39766.64926223156,True,False,,0.0,151.91,22454.120382232664,0.18590866865424416,21900.002240509035,True,True,1,0.5,82.725934368,12227.885517949777,0.08691344787111333,11805.618442957251,True,True,3,0.0,0.0
2022-11-30,"GLD,SPY",138.7449951171875,388.03495506,53837.90794509777,0.10754061712703189,51074.675481038415,True,True,2,0.5,286.395949255,39736.00458096725,-0.08616524767264366,39675.17401097317,True,False,,0.0,164.81,22866.56264526367,0.21407455472397596,22249.21952959442,True,True,1,0.5,85.724043655,11893.782018338543,0.04403115685727066,11871.572218764823,True,True,3,0.0,0.0
2022-12-30,GLD,132.91600036621094,365.673558024,48603.86677223164,-0.05479419301358934,51186.44951888791,False,False,,0.0,260.58158936,34635.46262680159,-0.2211570703574106,39244.714374919175,False,False,,0.0,169.64,22547.87030212402,0.14623934713691455,22442.201346137997,True,True,1,0.5,84.444124813,11223.97532456907,-0.020392877402728216,11870.831669635396,False,False,,0.0,0.5
2023-01-31,GLD,130.47900390625,388.669790199,50713.24707361669,0.039340663256786756,51056.30775714405,False,False,,0.0,288.315111376,37619.06854346001,-0.07457889512646121,38703.90449291153,False,False,,0.0,179.41,23409.238090820312,0.20825679608784342,22578.815722961423,True,True,1,0.5,87.47813144,11414.05945387121,0.016005989316468128,11874.84820489799,False,False,,0.0,0.5
2023-02-28,"GLD,SPY",136.31700134277344,378.897586755,51650.18284245495,0.08768995841420035,51134.57704027259,True,True,2,0.5,287.27779545,39160.84762810664,0.005669961641220578,38634.445393328104,True,True,3,0.0,169.78,23143.900487976076,0.12250664294292335,22579.02828869629,True,True,1,0.5,84.607970737,11533.504860564964,0.02689999116358921,11860.580625573073,False,False,,0.0,0.0
2023-03-31,"GLD,SPY",133.2010040283203,392.946457226,52340.862631874625,0.006271268742320757,51388.4067621109,True,True,2,0.5,314.548515233,41898.178044653,-0.026238987785197176,38992.717146887175,True,False,,0.0,183.22,24405.08795806885,0.10715345136742527,22832.64176699829,True,True,1,0.5,87.766821328,11690.628721263798,0.027847509146744054,11881.967857263524,False,False,,0.0,0.0
2023-04-28,"GLD,QQQ",133.802001953125,399.223771841,53416.93989960341,0.0501194355741581,51845.651294257215,True,True,3,0.0,316.146103741,42300.98159022614,0.061360332509705406,39492.077566199434,True,True,2,0.5,184.8,24726.6099609375,0.06848373307187217,23004.324393005372,True,True,1,0.5,88.484164188,11839.358309503408,0.013975259592781786,11849.769114099869,False,False,,0.0,0.0
2023-05-31,"QQQ,GLD",139.79200744628906,401.066653196,56065.91257003346,0.12576354459935413,52203.60127645338,True,True,3,0.0,341.070444695,47678.92214451256,0.2443781573037791,40128.34612261747,True,True,1,0.5,182.32,25486.87879760742,0.165436616631766,23347.55745068359,True,True,2,0.5,87.207108923,12190.856819933359,0.06222144919821071,11836.684346710988,True,True,4,0.0,0.0
2023-06-30,"QQQ,SPY",144.77999877929688,427.056064149,61829.17644618355,0.2658371630250098,53189.56966236878,True,True,2,0.5,362.570932881,52493.019219919704,0.4070412578503859,41331.58222615637,True,True,1,0.5,178.27,25809.930382385257,0.12169374201518823,23718.934173965456,True,True,3,0.0,86.108576604,12466.799615614113,0.0251167823837819,11860.598157420001,True,True,4,0.0,0.0
2023-07-31,"QQQ,SPY",140.75799560546875,441.03500182,62079.20284803746,0.1827671124336474,54487.29207626871,True,True,2,0.5,376.566551697,53004.75302893285,0.2829037060496662,42863.628369391394,True,True,1,0.5,182.35,25667.220498657225,0.16380622453289395,24051.7419506073,True,True,3,0.0,85.545488341,12041.211471970155,-0.02276414127547377,11852.20621135784,True,False,,0.0,0.0
2023-08-31,"QQQ,SPY",146.0989990234375,433.867303938,63387.57881433933,0.21970747950230107,55392.487784347286,True,True,2,0.5,370.98204461,54200.10537318924,0.33957547418028744,44272.734278076896,True,True,1,0.5,180.02,26300.74180419922,0.19028546386864575,24436.404092803954,True,True,3,0.0,84.917788969,12406.403967654403,0.014617877588925188,11870.058056328304,True,True,4,0.0,0.0
2023-09-29,"QQQ,SPY",149.33700561523438,413.287186932,61719.0709555685,0.25695690027676843,56180.604085394356,True,True,2,0.5,352.136234882,52586.97088590072,0.39546130915379996,45557.83090857025,True,True,1,0.5,171.45,25603.829612731934,0.14614199477680612,24710.13078955078,True,True,3,0.0,82.243430775,12281.987683462314,0.012936499551434277,11908.878622840679,True,True,4,0.0,0.0
2023-10-31,"QQQ,GLD",149.11099243164062,404.315293288,60287.85463746353,0.1095456850222134,57349.002871917546,True,True,3,0.0,344.862926656,51422.85324655625,0.2820761899810318,47236.56997054571,True,True,1,0.5,184.09,27449.842596740724,0.22248576784424112,25200.328019012453,True,True,2,0.5,80.652568657,12026.184554606303,-0.016495162883835457,11989.099545844403,True,False,,0.0,0.0
2023-11-30,"QQQ,GLD",147.03900146484375,441.247010657,64880.519846352545,0.2051084881031351,58765.73014919114,True,True,3,0.0,382.173032096,56194.34102618752,0.4141920311007685,49094.09721881846,True,True,1,0.5,188.75,27753.611526489258,0.21372031105155354,25634.765362579346,True,True,2,0.5,84.338314117,12401.021492992015,0.04264745006015569,12087.795749756482,True,True,4,0.0,0.0
2023-12-29,"QQQ,SPY",141.42999267578125,461.39237184,65254.71976999254,0.3425828869910792,60126.18384194489,True,True,2,0.5,403.525003548,57070.538296288236,0.6477486936214891,50885.06628563662,True,True,1,0.5,191.17,27037.1716998291,0.19910090565325733,26024.09248376465,True,True,3,0.0,87.529872645,12379.349247094415,0.10293803123357304,12172.380188409428,True,True,4,0.0,0.0
2024-01-31,"QQQ,SPY",147.36900329589844,468.740713459,69077.85174666115,0.3621263818186582,61799.882753423546,True,True,2,0.5,410.865942395,60548.90441898117,0.6095269437368209,52750.13892306944,True,True,1,0.5,188.45,27771.68867111206,0.18635594047814985,26360.752555068968,True,True,3,0.0,87.59364022,12908.587454280922,0.1309374641379517,12294.17606171114,True,True,4,0.0,0.0
2024-02-29,"QQQ,SPY",150.656005859375,493.202828227,74303.96817922723,0.43860029316588456,63888.58558138592,True,True,2,0.5,432.573443441,65169.78722965732,0.6641567069371468,55037.01948701255,True,True,1,0.5,189.31,28520.68846923828,0.23231987123586206,26740.16040589905,True,True,3,0.0,85.763480982,12920.783493344588,0.12028248564085398,12402.31858009526,True,True,4,0.0,0.0
2024-03-28,"QQQ,SPY",151.28700256347656,509.331441436,77055.22708618734,0.472181068702183,65987.51703300132,True,True,2,0.5,438.08906138,66277.18095202709,0.5818630796163058,56896.84536776401,True,True,1,0.5,205.72,31122.7621673584,0.2752571193691824,27303.748742874148,True,True,3,0.0,86.394572525,13070.375915060136,0.1180216416664357,12490.270489607936,True,True,4,0.0,0.0
2024-04-30,"QQQ,SPY",156.31399536132812,488.795375326,76405.558031347,0.43036194463685984,67445.15519151765,True,True,2,0.5,418.928029935,65484.31412798992,0.5480566092376544,58195.97485857103,True,True,1,0.5,211.87,33118.24619720459,0.3393767382396533,28034.580324356077,True,True,3,0.0,83.681777665,13080.633005754502,0.10484307204848475,12551.653828621977,True,True,4,0.0,0.0
2024-05-31,"QQQ,SPY",156.9530029296875,513.518500908,80598.27077746205,0.43756280925213775,69297.06198446012,True,True,2,0.5,444.699715895,69796.95581169914,0.46389542112860416,59875.19513684766,True,True,1,0.5,215.3,33791.98153076172,0.32585797574922903,28847.056427566527,True,True,3,0.0,85.1930509,13371.305167496717,0.0968306301188937,12684.66319817463,True,True,4,0.0,0.0
2024-06-28,"QQQ,SPY",160.68699645996094,531.63554325,85426.91865620215,0.3816603028920853,71500.9959686464,True,True,2,0.5,473.471859391,76080.77099385274,0.4493502588432199,62063.261698914015,True,True,1,0.5,215.01,34549.3111088562,0.33860535836374783,29671.913358032227,True,True,3,0.0,86.233630172,13856.623026177745,0.11148197239193136,12829.685104026965,True,True,4,0.0,0.0
2024-07-31,"GLD,QQQ",152.6699981689453,538.073157138,82147.62791501709,0.32327130739911025,73543.85166459126,True,True,3,0.0,465.526473677,71071.92588386316,0.34085948565911206,63911.75719871025,True,True,2,0.5,226.55,34587.38808517456,0.34753149788789917,30570.269205276487,True,True,1,0.5,88.740150819,13547.95866304866,0.12513252462893365,12956.2822019856,True,True,4,0.0,0.0
2024-08-30,"GLD,SPY",144.88999938964844,550.645553305,79783.03388227407,0.2586540671628528,75493.36958907233,True,True,2,0.5,470.665280358,68194.69218379933,0.2582022066977878,65588.94109243456,True,True,3,0.0,231.29,33511.60795883179,0.27416968723982027,31176.445741485593,True,True,1,0.5,89.938242599,13031.151915275164,0.05035689223481565,13056.778938052486,False,False,,0.0,0.0
2024-09-30,"GLD,QQQ",142.7830047607422,562.211188887,80274.20285939505,0.3006385484510026,77032.73789037656,True,True,3,0.0,483.683628521,69061.801833807,0.31328731566707146,66875.68717319651,True,True,2,0.5,243.06,34704.837137145994,0.3554549324093468,31871.568302551274,True,True,1,0.5,91.185652411,13019.761442311195,0.06006957325338247,13118.652932984405,False,False,,0.0,0.0
2024-10-31,"QQQ,SPY",153.20399475097656,557.194245762,85364.3843029958,0.415946625009765,79043.70434367689,True,True,2,0.5,479.501554408,73461.55362460834,0.4285779373692764,68514.78870602851,True,True,1,0.5,253.51,38838.74470932007,0.41489863092809176,33051.72560350037,True,True,3,0.0,88.087364759,13495.336168165193,0.12216273639307906,13230.251625091481,True,True,4,0.0,0.0
2024-11-29,"SPY,QQQ",151.1739959716797,590.421695245,89256.40697855993,0.37570425129042406,81061.55986686677,True,True,1,0.5,505.158876396,76366.88594534714,0.3589782271805424,70096.58685866512,True,True,2,0.5,245.59,37126.82167068482,0.3377293847054592,33987.23890345764,True,True,3,0.0,88.989114418,13452.840024550074,0.08481708802395493,13284.676882118398,True,True,4,0.0,0.0
2024-12-31,"GLD,QQQ",156.9949951171875,576.215610157,90462.96690304544,0.38630534652368453,82677.45973924859,True,True,3,0.0,507.452109478,79667.4414497051,0.39594690759884643,71546.35228066989,True,True,2,0.5,242.13,38013.19816772461,0.4059606008258949,34936.48987330627,True,True,1,0.5,86.972669431,13654.273812648607,0.10298801173683936,13358.0259140488,True,True,4,0.0,0.0
2025-01-31,"GLD,SPY",154.0970001220703,591.690688139,91177.76004238335,0.31992755618359814,84089.7130348682,True,True,2,0.5,518.430378224,79888.5660564687,0.3194056411601205,72907.49079111406,True,True,3,0.0,258.56,39843.3203515625,0.43467402445020475,35808.545691726686,True,True,1,0.5,87.510613465,13485.123013798553,0.04466294717060104,13399.50062392264,True,True,4,0.0,0.0
2025-02-28,"GLD,SPY",150.01199340820312,584.179277988,87633.89799874471,0.17939728047046688,85212.54703160797,True,True,2,0.5,504.414722284,75668.25799426802,0.16109413903123926,73925.88517774186,True,True,3,0.0,263.27,39493.65750457763,0.38473717235734095,36446.086822463985,True,True,1,0.5,89.968789696,13496.397486820366,0.044549465113495,13441.07707202923,True,True,4,0.0,0.0
2025-03-31,"GLD,IEF",149.61700439453125,551.62880218,82533.04891991506,0.071089555386044,85406.02484585326,False,False,,0.0,466.148614806,69743.75934993396,0.052304252355211966,73920.56553156534,False,False,,0.0,288.14,43110.643646240234,0.38518051239856677,37377.953034011836,True,True,1,0.5,90.277735366,13507.084328983152,0.0334120775684672,13454.654988177872,True,True,2,0.5,0.0
2025-04-30,GLD,142.2989959716797,546.846092996,77815.64998436658,0.01845535834501799,84644.8979786697,False,False,,0.0,472.659903356,67259.02968362995,0.027101384190591382,73038.39140054307,False,False,,0.0,303.77,43226.16600631714,0.30520697711238465,38245.63852375794,True,True,1,0.5,91.233785242,12982.476038632447,-0.007503992129346715,13367.240289423342,False,False,,0.0,0.5
2025-05-30,"GLD,QQQ",143.7790069580078,581.21257033,83566.16619355867,0.036823313794054124,84786.75180652387,False,False,,0.0,516.041984629,74196.00409859716,0.0630263631950645,73350.79922201647,True,True,2,0.5,303.6,43651.30651245118,0.29176522166106955,39152.0303664856,True,True,1,0.5,90.099766473,12954.454950636346,-0.03117498341700109,13307.889918182109,False,False,,0.0,0.0
2025-06-30,"GLD,QQQ",144.51699829101562,611.07903066,88311.3072295667,0.03376439907627571,85639.57914125311,True,True,3,0.0,548.995708143,79339.21181547684,0.04282870400836725,74465.25118518421,True,True,2,0.5,304.83,44053.11658905029,0.27507944949321805,40206.18122950745,True,True,1,0.5,91.547702912,13230.199225279912,-0.04520753719823378,13327.794649182586,False,False,,0.0,0.0
2025-07-31,"GLD,QQQ",149.2259979248047,625.153085214,93289.09299682961,0.1356273499867644,86941.06815499658,True,True,3,0.0,562.301618914,83910.02021717487,0.18063523921231717,75950.073023521,True,True,2,0.5,302.96,45209.50833129883,0.3071096383446572,41256.648348922725,True,True,1,0.5,91.002529746,13579.943315028571,0.00236084658769653,13383.812836454323,True,True,4,0.0,0.0
2025-08-29,"GLD,QQQ",146.7899932861328,637.980948008,93649.21907477497,0.17379867019047568,87769.5516321745,True,True,3,0.0,567.665781896,83327.65631328117,0.22190824014125998,76936.68329238829,True,True,2,0.5,318.07,46689.49316452026,0.39323344979080654,42041.72319444275,True,True,1,0.5,92.506753805,13579.065769957891,0.04204646360084707,13392.185796633592,True,True,4,0.0,0.0
2025-09-30,"GLD,QQQ",148.59500122070312,660.706200126,98177.6386142491,0.22302850875035096,88661.67479574341,True,True,3,0.0,598.184721041,88887.25935329335,0.28706835027552735,78188.72063318291,True,True,2,0.5,355.47,52821.06508392334,0.5220087296530436,43611.147535766606,True,True,1,0.5,93.111023639,13835.832671298122,0.0626794302340199,13430.485061308398,True,True,4,0.0,0.0
2025-10-31,"GLD,QQQ",153.89999389648438,676.455718962,104106.53101949375,0.219554640609529,90026.03120738824,True,True,3,0.0,626.780256284,96461.47761654451,0.3130879059469225,79868.12424986686,True,True,2,0.5,368.12,56653.66575317383,0.4586894138105022,45475.19429431153,True,True,1,0.5,93.775751779,14432.087626426335,0.06941297694168536,13508.26644268617,True,True,4,0.0,0.0
2025-11-28,"GLD,QQQ",156.28399658203125,677.774790753,105925.35308142881,0.1867534966635267,91500.7905112928,True,True,3,0.0,616.995999975,96426.60075121986,0.26267556359740385,81521.92771934197,True,True,2,0.5,387.88,60619.43659423828,0.6327666594230212,47552.8059185791,True,True,1,0.5,94.704919307,14800.863285276733,0.1002036193299447,13639.840469833987,True,True,4,0.0,0.0
2025-12-31,"GLD,QQQ",156.41299438476562,678.315678425,106097.386400588,0.1728267381977302,93347.13935147712,True,True,3,0.0,612.862672739,95859.68578975766,0.20324795230526993,83541.07049889094,True,True,2,0.5,396.31,61988.033804626466,0.6306976732428127,49802.24354858398,True,True,1,0.5,93.982065686,14700.016312412992,0.0765871927070676,13760.20235239325,True,True,4,0.0,0.0
2026-01-30,"GLD,QQQ",153.16200256347656,688.312558658,105423.3298736497,0.156239524031347,95636.1674468506,True,True,3,0.0,620.40486122,95022.45094457097,0.1894374331040689,86068.93965835463,True,True,2,0.5,444.95,68149.4330406189,0.7104355871773207,52306.12248802185,True,True,1,0.5,93.76641228,14361.45147799736,0.0649848327895941,13845.639067294669,True,True,4,0.0,0.0
2026-02-27,"GLD,QQQ",155.85899353027344,682.364166241,106352.59217144645,0.21360106762533682,98489.86166555858,True,True,3,0.0,605.859212006,94428.60700429972,0.24792891375208903,88785.89739042161,True,True,2,0.5,483.75,75396.78812026978,0.9090859870735113,55523.184699417114,True,True,1,0.5,96.089289789,14976.37999555232,0.10965759641987449,14045.029462986658,True,True,4,0.0,0.0
2026-03-31,"GLD,QQQ",159.84100341796875,648.669281742,103683.94888005435,0.25627188425648506,100501.63993420814,True,True,3,0.0,576.546030682,92155.69606085788,0.3213468404889641,90581.86658664768,True,True,2,0.5,430.29,68777.98536071778,0.5953829389581857,58035.852584243774,True,True,1,0.5,93.859593387,15002.611587380625,0.11072169403639598,14249.845126661088,True,True,4,0.0,0.0
2026-04-30,"QQQ,GLD",160.1840057373047,716.813768209,114822.10075936945,0.475565657839234,103152.7192871884,True,True,3,0.0,667.006560393,106843.78269681217,0.5885418389081618,93332.32367478122,True,True,1,0.5,423.66,67863.5558706665,0.5699647260122218,60416.8965124054,True,True,2,0.5,93.718660186,15012.230400926732,0.15634570449075103,14428.048244225769,True,True,4,0.0,0.0
2026-05-29,"QQQ,GLD",159.27000427246094,754.536608931,120175.04892816856,0.43808259253888937,105841.31488032232,True,True,3,0.0,737.49904694,117461.47635706967,0.5831240210858004,96687.46928877069,True,True,1,0.5,417.12,66434.7041821289,0.5219407960487723,62539.41609748841,True,True,2,0.5,93.701305918,14923.80739389503,0.1520212506634211,14562.434652112413,True,True,4,0.0,0.0
2026-06-30,"QQQ,SPY",161.92300415039062,746.77,120919.24180938721,0.36923849960748134,108568.31715378354,True,True,2,0.5,736.4,119240.10025634765,0.5029151100425637,100278.71368307734,True,True,1,0.5,368.38,59649.196268920896,0.3540289742802698,63835.38640792847,False,False,,0.0,93.936918157,15210.547988610815,0.1496839714663485,14725.582873977706,True,True,3,0.0,0.0
2026-07-31,"QQQ,SPY",160.18299865722656,747.03,119661.50548690796,0.28269556110889194,110716.70384104943,True,True,2,0.5,687.99,110204.3012461853,0.31336282557143846,102410.41787236654,True,True,1,0.5,371.54,59514.39132110596,0.3164131510783048,64504.71903164673,False,False,,0.0,92.632449988,14838.143612043412,0.0926513659024204,14825.813968052234,True,True,3,0.0,0.0
